-- MySQL dump 10.13  Distrib 5.5.38, for debian-linux-gnu (x86_64)
--
-- Host: localhost    Database: oferclub
-- ------------------------------------------------------
-- Server version	5.5.38-0ubuntu0.14.04.1

/*!40101 SET @OLD_CHARACTER_SET_CLIENT=@@CHARACTER_SET_CLIENT */;
/*!40101 SET @OLD_CHARACTER_SET_RESULTS=@@CHARACTER_SET_RESULTS */;
/*!40101 SET @OLD_COLLATION_CONNECTION=@@COLLATION_CONNECTION */;
/*!40101 SET NAMES utf8 */;
/*!40103 SET @OLD_TIME_ZONE=@@TIME_ZONE */;
/*!40103 SET TIME_ZONE='+00:00' */;
/*!40014 SET @OLD_UNIQUE_CHECKS=@@UNIQUE_CHECKS, UNIQUE_CHECKS=0 */;
/*!40014 SET @OLD_FOREIGN_KEY_CHECKS=@@FOREIGN_KEY_CHECKS, FOREIGN_KEY_CHECKS=0 */;
/*!40101 SET @OLD_SQL_MODE=@@SQL_MODE, SQL_MODE='NO_AUTO_VALUE_ON_ZERO' */;
/*!40111 SET @OLD_SQL_NOTES=@@SQL_NOTES, SQL_NOTES=0 */;

--
-- Table structure for table `account_account`
--

DROP TABLE IF EXISTS `account_account`;
/*!40101 SET @saved_cs_client     = @@character_set_client */;
/*!40101 SET character_set_client = utf8 */;
CREATE TABLE `account_account` (
  `id` int(11) NOT NULL AUTO_INCREMENT,
  `user_id` int(11) NOT NULL,
  `provider` varchar(20) NOT NULL,
  `provider_id` varchar(100) NOT NULL,
  `provider_username` varchar(100) NOT NULL,
  `oauth_token` varchar(254) NOT NULL,
  `oauth_token_secret` varchar(254) NOT NULL,
  `refresh_token` varchar(254) NOT NULL,
  `expires_in` datetime DEFAULT NULL,
  `created_on` datetime NOT NULL,
  `updated_on` datetime NOT NULL,
  PRIMARY KEY (`id`),
  KEY `account_account_6340c63c` (`user_id`),
  KEY `account_account_3f126c2d` (`provider`),
  CONSTRAINT `user_id_refs_oferclubabstractuser_ptr_id_33bcbf58` FOREIGN KEY (`user_id`) REFERENCES `account_oferclubuser` (`oferclubabstractuser_ptr_id`)
) ENGINE=InnoDB AUTO_INCREMENT=2 DEFAULT CHARSET=utf8;
/*!40101 SET character_set_client = @saved_cs_client */;

--
-- Dumping data for table `account_account`
--

LOCK TABLES `account_account` WRITE;
/*!40000 ALTER TABLE `account_account` DISABLE KEYS */;
INSERT INTO `account_account` VALUES (1,2,'facebook','833139646718184','833139646718184','CAAE15daDi5cBAIdyzGYSVUTRGhZAZA3dVGZBaVcUNrf4raAoNxekZB3agzwFMyW3bq2qxlilZAez2vPmBZBwctI1oAPmxKHT3kW7s542G0IIsadcPCEnpZC4QdYXWZCHPlz7P5HH82FZB2dZANuT4KkaqA4wNr4HjCHLZARuPQd59WJ06BL1EqNLQOZBbBc6FphWwi0yvTTHJwJD8ypZAbhsBOZB5U','','','2014-11-16 23:39:07','2014-09-17 23:45:08','2014-09-17 23:45:08');
/*!40000 ALTER TABLE `account_account` ENABLE KEYS */;
UNLOCK TABLES;

--
-- Table structure for table `account_address`
--

DROP TABLE IF EXISTS `account_address`;
/*!40101 SET @saved_cs_client     = @@character_set_client */;
/*!40101 SET character_set_client = utf8 */;
CREATE TABLE `account_address` (
  `id` int(11) NOT NULL AUTO_INCREMENT,
  `cep` varchar(9) NOT NULL,
  `street` varchar(255) NOT NULL,
  `number` varchar(100) NOT NULL,
  `complement` varchar(100),
  `neighborhood` varchar(100) NOT NULL,
  `cpf` varchar(14) NOT NULL,
  `city` varchar(100) NOT NULL,
  `state` varchar(100) NOT NULL,
  PRIMARY KEY (`id`)
) ENGINE=InnoDB AUTO_INCREMENT=4 DEFAULT CHARSET=utf8;
/*!40101 SET character_set_client = @saved_cs_client */;

--
-- Dumping data for table `account_address`
--

LOCK TABLES `account_address` WRITE;
/*!40000 ALTER TABLE `account_address` DISABLE KEYS */;
INSERT INTO `account_address` VALUES (1,'53140-050','Avenida Rui Barbosa','123123','apto 01','Jardim Atlântico','09147961430','Olinda','Pernambuco'),(2,'53140-050','Rua Rui Barbosa','590','casa 106','Jardim Primavera','09147961430','Camaragibe','Pernambuco'),(3,'21312312','dsadasdasd','123','','dsadasdasd','09147961430','dasdasd','dasdasd');
/*!40000 ALTER TABLE `account_address` ENABLE KEYS */;
UNLOCK TABLES;

--
-- Table structure for table `account_affiliate`
--

DROP TABLE IF EXISTS `account_affiliate`;
/*!40101 SET @saved_cs_client     = @@character_set_client */;
/*!40101 SET character_set_client = utf8 */;
CREATE TABLE `account_affiliate` (
  `oferclubabstractuser_ptr_id` int(11) NOT NULL,
  `city_id` int(11) DEFAULT NULL,
  `phone` varchar(20),
  `cellphone` varchar(20),
  `owner_name` varchar(200) DEFAULT NULL,
  `bank_name` varchar(100) DEFAULT NULL,
  `agency` varchar(100) DEFAULT NULL,
  `number` varchar(100) DEFAULT NULL,
  `cpf` varchar(14) DEFAULT NULL,
  `percent` decimal(10,2),
  PRIMARY KEY (`oferclubabstractuser_ptr_id`),
  KEY `account_affiliate_b376980e` (`city_id`),
  CONSTRAINT `city_id_refs_id_c927fe33` FOREIGN KEY (`city_id`) REFERENCES `account_city` (`id`),
  CONSTRAINT `oferclubabstractuser_ptr_id_refs_id_8b94a588` FOREIGN KEY (`oferclubabstractuser_ptr_id`) REFERENCES `account_oferclubabstractuser` (`id`)
) ENGINE=InnoDB DEFAULT CHARSET=utf8;
/*!40101 SET character_set_client = @saved_cs_client */;

--
-- Dumping data for table `account_affiliate`
--

LOCK TABLES `account_affiliate` WRITE;
/*!40000 ALTER TABLE `account_affiliate` DISABLE KEYS */;
INSERT INTO `account_affiliate` VALUES (4,NULL,'','','','','','','',NULL);
/*!40000 ALTER TABLE `account_affiliate` ENABLE KEYS */;
UNLOCK TABLES;

--
-- Table structure for table `account_city`
--

DROP TABLE IF EXISTS `account_city`;
/*!40101 SET @saved_cs_client     = @@character_set_client */;
/*!40101 SET character_set_client = utf8 */;
CREATE TABLE `account_city` (
  `id` int(11) NOT NULL AUTO_INCREMENT,
  `name` varchar(100) NOT NULL,
  `state_id` int(11) NOT NULL,
  PRIMARY KEY (`id`),
  KEY `account_city_5654bf12` (`state_id`),
  CONSTRAINT `state_id_refs_id_bf1aeefd` FOREIGN KEY (`state_id`) REFERENCES `account_state` (`id`)
) ENGINE=InnoDB AUTO_INCREMENT=5 DEFAULT CHARSET=utf8;
/*!40101 SET character_set_client = @saved_cs_client */;

--
-- Dumping data for table `account_city`
--

LOCK TABLES `account_city` WRITE;
/*!40000 ALTER TABLE `account_city` DISABLE KEYS */;
INSERT INTO `account_city` VALUES (1,'Olinda',1),(2,'Recife',1),(3,'Camaragibe',1),(4,'Jaboatão dos Guararapes',1);
/*!40000 ALTER TABLE `account_city` ENABLE KEYS */;
UNLOCK TABLES;

--
-- Table structure for table `account_filial`
--

DROP TABLE IF EXISTS `account_filial`;
/*!40101 SET @saved_cs_client     = @@character_set_client */;
/*!40101 SET character_set_client = utf8 */;
CREATE TABLE `account_filial` (
  `oferclubabstractuser_ptr_id` int(11) NOT NULL,
  `partner_id` int(11) NOT NULL,
  `city_id` int(11) DEFAULT NULL,
  `phone` varchar(20),
  `cellphone` varchar(20),
  `owner_name` varchar(200) DEFAULT NULL,
  `bank_name` varchar(100) DEFAULT NULL,
  `agency` varchar(100) DEFAULT NULL,
  `number` varchar(100) DEFAULT NULL,
  `cpf` varchar(14) DEFAULT NULL,
  `cep` varchar(9),
  `complement` varchar(100),
  `neighborhood` varchar(100),
  `street` varchar(255),
  `number_home` varchar(100),
  PRIMARY KEY (`oferclubabstractuser_ptr_id`),
  KEY `account_filial_42b53b76` (`partner_id`),
  KEY `account_filial_b376980e` (`city_id`),
  CONSTRAINT `city_id_refs_id_2febff6c` FOREIGN KEY (`city_id`) REFERENCES `account_city` (`id`),
  CONSTRAINT `oferclubabstractuser_ptr_id_refs_id_316b1f69` FOREIGN KEY (`oferclubabstractuser_ptr_id`) REFERENCES `account_oferclubabstractuser` (`id`),
  CONSTRAINT `partner_id_refs_id_1b04cda4` FOREIGN KEY (`partner_id`) REFERENCES `account_partner` (`id`)
) ENGINE=InnoDB DEFAULT CHARSET=utf8;
/*!40101 SET character_set_client = @saved_cs_client */;

--
-- Dumping data for table `account_filial`
--

LOCK TABLES `account_filial` WRITE;
/*!40000 ALTER TABLE `account_filial` DISABLE KEYS */;
INSERT INTO `account_filial` VALUES (6,1,1,'','','','','','','','54753-440','casa 106','Jardim Primavera','Rua Rui Barbosa','509'),(7,1,1,'','','','','','','','53140-050','apto 01','Jardim Atlântico','Avenida Rui Barbosa','201');
/*!40000 ALTER TABLE `account_filial` ENABLE KEYS */;
UNLOCK TABLES;

--
-- Table structure for table `account_invite`
--

DROP TABLE IF EXISTS `account_invite`;
/*!40101 SET @saved_cs_client     = @@character_set_client */;
/*!40101 SET character_set_client = utf8 */;
CREATE TABLE `account_invite` (
  `id` int(11) NOT NULL AUTO_INCREMENT,
  `email` varchar(255) NOT NULL,
  `invite_date` datetime NOT NULL,
  `accept_date` datetime DEFAULT NULL,
  `invited_user_id` int(11) DEFAULT NULL,
  `user_id` int(11) NOT NULL,
  PRIMARY KEY (`id`),
  UNIQUE KEY `email` (`email`),
  KEY `account_invite_d7f5680e` (`invited_user_id`),
  KEY `account_invite_e8701ad4` (`user_id`),
  CONSTRAINT `D24ea8b56576f12b2041d9cf3daf0765` FOREIGN KEY (`invited_user_id`) REFERENCES `account_oferclubuser` (`oferclubabstractuser_ptr_id`),
  CONSTRAINT `D8aa0b90a0304fc6c469ba5a344eda8d` FOREIGN KEY (`user_id`) REFERENCES `account_oferclubuser` (`oferclubabstractuser_ptr_id`)
) ENGINE=InnoDB AUTO_INCREMENT=17 DEFAULT CHARSET=utf8;
/*!40101 SET character_set_client = @saved_cs_client */;

--
-- Dumping data for table `account_invite`
--

LOCK TABLES `account_invite` WRITE;
/*!40000 ALTER TABLE `account_invite` DISABLE KEYS */;
INSERT INTO `account_invite` VALUES (1,'sdas@dasdasd.asd','2014-10-01 13:29:25',NULL,NULL,2),(2,'aaqwe@dasdas.dasdd','2014-09-30 19:34:26',NULL,NULL,2),(3,'asdasd@dasda.asd','2014-09-30 19:54:20',NULL,NULL,2),(4,'aasd@dasd.czxcxc','2014-09-30 20:42:25',NULL,NULL,2),(5,'qwe@das.asd','2014-09-30 20:43:04',NULL,NULL,2),(6,'qwe@das.asdqq','2014-09-30 20:44:10',NULL,NULL,2),(7,'aaaa@aasd.asd','2014-09-30 20:44:59',NULL,NULL,2),(8,'adsf@dasd.asdas','2014-09-30 20:47:32',NULL,NULL,5),(9,'qwetasd@dasd.aas','2014-09-30 20:50:04',NULL,NULL,5),(10,'kjjh@dadas.asd','2014-10-01 13:14:59',NULL,NULL,2),(11,'asdasd@dasdad.asd','2014-10-01 13:16:54',NULL,NULL,2),(12,'asd@asdsa.dasd','2014-10-01 13:26:31',NULL,NULL,2),(13,'asd@dassd.fdgdf','2014-10-01 13:33:41',NULL,NULL,2),(14,'qweaxcz@dasd.asd','2014-10-01 14:29:22',NULL,NULL,2),(15,'bcxv@sad.fsdf','2014-10-01 14:32:24',NULL,NULL,2),(16,'qweqwe@dasdas.asdasd','2014-10-01 15:22:56',NULL,NULL,8);
/*!40000 ALTER TABLE `account_invite` ENABLE KEYS */;
UNLOCK TABLES;

--
-- Table structure for table `account_newsletter`
--

DROP TABLE IF EXISTS `account_newsletter`;
/*!40101 SET @saved_cs_client     = @@character_set_client */;
/*!40101 SET character_set_client = utf8 */;
CREATE TABLE `account_newsletter` (
  `id` int(11) NOT NULL AUTO_INCREMENT,
  `email` varchar(255) NOT NULL,
  `created_at` datetime NOT NULL,
  `city_id` int(11) NOT NULL,
  PRIMARY KEY (`id`),
  UNIQUE KEY `email` (`email`),
  KEY `account_newsletter_c7141997` (`city_id`),
  CONSTRAINT `account_newsletter_city_id_4cb5788ae74da6a0_fk_account_city_id` FOREIGN KEY (`city_id`) REFERENCES `account_city` (`id`)
) ENGINE=InnoDB AUTO_INCREMENT=3 DEFAULT CHARSET=utf8;
/*!40101 SET character_set_client = @saved_cs_client */;

--
-- Dumping data for table `account_newsletter`
--

LOCK TABLES `account_newsletter` WRITE;
/*!40000 ALTER TABLE `account_newsletter` DISABLE KEYS */;
INSERT INTO `account_newsletter` VALUES (1,'dassd@dasdas.dasd','2014-10-16 12:23:15',2),(2,'asdasd@dasdas.dasdasd','2014-10-16 12:23:42',3);
/*!40000 ALTER TABLE `account_newsletter` ENABLE KEYS */;
UNLOCK TABLES;

--
-- Table structure for table `account_oferclubabstractuser`
--

DROP TABLE IF EXISTS `account_oferclubabstractuser`;
/*!40101 SET @saved_cs_client     = @@character_set_client */;
/*!40101 SET character_set_client = utf8 */;
CREATE TABLE `account_oferclubabstractuser` (
  `id` int(11) NOT NULL AUTO_INCREMENT,
  `password` varchar(128) NOT NULL,
  `last_login` datetime NOT NULL,
  `is_superuser` tinyint(1) NOT NULL,
  `full_name` varchar(200) NOT NULL,
  `email` varchar(254) DEFAULT NULL,
  `is_staff` tinyint(1) NOT NULL,
  `is_active` tinyint(1) NOT NULL,
  `date_joined` datetime NOT NULL,
  `slug` varchar(255) NOT NULL,
  PRIMARY KEY (`id`),
  UNIQUE KEY `slug` (`slug`),
  UNIQUE KEY `email` (`email`)
) ENGINE=InnoDB AUTO_INCREMENT=10 DEFAULT CHARSET=utf8;
/*!40101 SET character_set_client = @saved_cs_client */;

--
-- Dumping data for table `account_oferclubabstractuser`
--

LOCK TABLES `account_oferclubabstractuser` WRITE;
/*!40000 ALTER TABLE `account_oferclubabstractuser` DISABLE KEYS */;
INSERT INTO `account_oferclubabstractuser` VALUES (1,'pbkdf2_sha256$12000$59XA12uTlZq2$SZJa7smALpUb68iIx10w8erdArPU40rrNsGEKo1CJJs=','2014-10-30 17:35:10',1,'adm','adm@adm.adm',1,1,'2014-09-17 23:02:07','adm'),(2,'pbkdf2_sha256$12000$aaOVcqIOOkoD$JeNLhcJk6TSPa0vCsvZXtcRvSDHAsIlHzXMNv86s15Q=','2014-11-05 10:23:47',0,'Victor Lunaaa','victorluna22@gmail.com',0,1,'2014-09-17 23:42:20','victorlunaaa'),(4,'pbkdf2_sha256$12000$eBziIfBHgrno$oy06AvbXPvj/reu5Kcl1NlfNSxf3k7PDucjmKvmvOh8=','2014-09-18 00:30:56',0,'dasasdfd','sadasd@dasd.fsd',0,1,'2014-09-18 00:30:56','dasasdfd'),(5,'pbkdf2_sha256$12000$POZIfLTgDZRY$kQvymdqi8eY4/awFAQnE/Sp4zRu6JpM02BEHlIT8GEk=','2014-09-30 20:47:02',0,'teste','teste@tesee.asd',0,1,'2014-09-18 01:24:30','teste'),(6,'pbkdf2_sha256$12000$GbgOGsIqsg0R$6cCMDXLuzFCY0uDw/i5OZ1Zh0UJWeErpHBlgLrQN/4Q=','2014-09-30 17:27:56',0,'dasdasdas','dasdas@dasdas.das',1,1,'2014-09-29 18:52:38','dasdasdas'),(7,'pbkdf2_sha256$12000$dqgzxwF8la2h$4YSZO45pjtBBICIzqZEdv0HyI8l2dedePV3QkU1RG5k=','2014-10-10 19:44:48',0,'dasdasd','aaa@aaa.aaa',1,1,'2014-09-29 18:55:38','dasdasd'),(8,'pbkdf2_sha256$12000$lpe3teRUMKhV$Zz7b+gtIXcKjb+ONXd5Rx1+bHtEzx9+FvFbm2sk9ByU=','2014-10-01 15:21:33',0,'sadasdas','bcxv@sad.fsdf',0,1,'2014-10-01 15:21:33','sadasdas'),(9,'pbkdf2_sha256$12000$LQFnBn7sxGgL$zU/t2lDdGJiwysZP3bRcUv3j3M8B1rgBM4g9lQEmmMM=','2014-10-01 15:24:53',0,'sdasdasd','qweqwe@dasdas.asdasd',0,1,'2014-10-01 15:24:53','sdasdasd');
/*!40000 ALTER TABLE `account_oferclubabstractuser` ENABLE KEYS */;
UNLOCK TABLES;

--
-- Table structure for table `account_oferclubabstractuser_groups`
--

DROP TABLE IF EXISTS `account_oferclubabstractuser_groups`;
/*!40101 SET @saved_cs_client     = @@character_set_client */;
/*!40101 SET character_set_client = utf8 */;
CREATE TABLE `account_oferclubabstractuser_groups` (
  `id` int(11) NOT NULL AUTO_INCREMENT,
  `oferclubabstractuser_id` int(11) NOT NULL,
  `group_id` int(11) NOT NULL,
  PRIMARY KEY (`id`),
  UNIQUE KEY `oferclubabstractuser_id` (`oferclubabstractuser_id`,`group_id`),
  KEY `account_oferclubabstractuser_groups_23d603a2` (`oferclubabstractuser_id`),
  KEY `account_oferclubabstractuser_groups_5f412f9a` (`group_id`),
  CONSTRAINT `oferclubabstractuser_id_refs_id_5014f50c` FOREIGN KEY (`oferclubabstractuser_id`) REFERENCES `account_oferclubabstractuser` (`id`)
) ENGINE=InnoDB AUTO_INCREMENT=7 DEFAULT CHARSET=utf8;
/*!40101 SET character_set_client = @saved_cs_client */;

--
-- Dumping data for table `account_oferclubabstractuser_groups`
--

LOCK TABLES `account_oferclubabstractuser_groups` WRITE;
/*!40000 ALTER TABLE `account_oferclubabstractuser_groups` DISABLE KEYS */;
INSERT INTO `account_oferclubabstractuser_groups` VALUES (6,6,1),(5,7,1);
/*!40000 ALTER TABLE `account_oferclubabstractuser_groups` ENABLE KEYS */;
UNLOCK TABLES;

--
-- Table structure for table `account_oferclubabstractuser_user_permissions`
--

DROP TABLE IF EXISTS `account_oferclubabstractuser_user_permissions`;
/*!40101 SET @saved_cs_client     = @@character_set_client */;
/*!40101 SET character_set_client = utf8 */;
CREATE TABLE `account_oferclubabstractuser_user_permissions` (
  `id` int(11) NOT NULL AUTO_INCREMENT,
  `oferclubabstractuser_id` int(11) NOT NULL,
  `permission_id` int(11) NOT NULL,
  PRIMARY KEY (`id`),
  UNIQUE KEY `oferclubabstractuser_id` (`oferclubabstractuser_id`,`permission_id`),
  KEY `account_oferclubabstractuser_user_permissions_23d603a2` (`oferclubabstractuser_id`),
  KEY `account_oferclubabstractuser_user_permissions_83d7f98b` (`permission_id`),
  CONSTRAINT `oferclubabstractuser_id_refs_id_af16e411` FOREIGN KEY (`oferclubabstractuser_id`) REFERENCES `account_oferclubabstractuser` (`id`)
) ENGINE=InnoDB DEFAULT CHARSET=utf8;
/*!40101 SET character_set_client = @saved_cs_client */;

--
-- Dumping data for table `account_oferclubabstractuser_user_permissions`
--

LOCK TABLES `account_oferclubabstractuser_user_permissions` WRITE;
/*!40000 ALTER TABLE `account_oferclubabstractuser_user_permissions` DISABLE KEYS */;
/*!40000 ALTER TABLE `account_oferclubabstractuser_user_permissions` ENABLE KEYS */;
UNLOCK TABLES;

--
-- Table structure for table `account_oferclubuser`
--

DROP TABLE IF EXISTS `account_oferclubuser`;
/*!40101 SET @saved_cs_client     = @@character_set_client */;
/*!40101 SET character_set_client = utf8 */;
CREATE TABLE `account_oferclubuser` (
  `oferclubabstractuser_ptr_id` int(11) NOT NULL,
  `city_id` int(11) DEFAULT NULL,
  `gender` varchar(1) DEFAULT NULL,
  `birthday` date DEFAULT NULL,
  `credit` decimal(9,2) NOT NULL,
  `inviter_id` int(11),
  PRIMARY KEY (`oferclubabstractuser_ptr_id`),
  KEY `account_oferclubuser_b376980e` (`city_id`),
  KEY `account_oferclubuser_d9678107` (`inviter_id`),
  CONSTRAINT `a5351516f71a4059e76400aafdff8328` FOREIGN KEY (`inviter_id`) REFERENCES `account_oferclubuser` (`oferclubabstractuser_ptr_id`),
  CONSTRAINT `city_id_refs_id_6f34b115` FOREIGN KEY (`city_id`) REFERENCES `account_city` (`id`),
  CONSTRAINT `oferclubabstractuser_ptr_id_refs_id_60f3a80f` FOREIGN KEY (`oferclubabstractuser_ptr_id`) REFERENCES `account_oferclubabstractuser` (`id`)
) ENGINE=InnoDB DEFAULT CHARSET=utf8;
/*!40101 SET character_set_client = @saved_cs_client */;

--
-- Dumping data for table `account_oferclubuser`
--

LOCK TABLES `account_oferclubuser` WRITE;
/*!40000 ALTER TABLE `account_oferclubuser` DISABLE KEYS */;
INSERT INTO `account_oferclubuser` VALUES (2,1,'M','1990-11-22',622.80,NULL),(5,NULL,'M','1990-11-22',0.00,NULL),(8,1,'M','1990-11-11',0.00,NULL),(9,1,'M','1990-11-11',0.00,8);
/*!40000 ALTER TABLE `account_oferclubuser` ENABLE KEYS */;
UNLOCK TABLES;

--
-- Table structure for table `account_oferclubuser_address`
--

DROP TABLE IF EXISTS `account_oferclubuser_address`;
/*!40101 SET @saved_cs_client     = @@character_set_client */;
/*!40101 SET character_set_client = utf8 */;
CREATE TABLE `account_oferclubuser_address` (
  `id` int(11) NOT NULL AUTO_INCREMENT,
  `oferclubuser_id` int(11) NOT NULL,
  `address_id` int(11) NOT NULL,
  PRIMARY KEY (`id`),
  UNIQUE KEY `oferclubuser_id` (`oferclubuser_id`,`address_id`),
  KEY `account_oferclubuser_address_fa0f08c4` (`oferclubuser_id`),
  KEY `account_oferclubuser_address_ea8e5d12` (`address_id`),
  CONSTRAINT `account_ofercl_address_id_4d74073b7f859087_fk_account_address_id` FOREIGN KEY (`address_id`) REFERENCES `account_address` (`id`),
  CONSTRAINT `ade89d4fc0540952dbfc2813c6eb79c1` FOREIGN KEY (`oferclubuser_id`) REFERENCES `account_oferclubuser` (`oferclubabstractuser_ptr_id`)
) ENGINE=InnoDB AUTO_INCREMENT=10 DEFAULT CHARSET=utf8;
/*!40101 SET character_set_client = @saved_cs_client */;

--
-- Dumping data for table `account_oferclubuser_address`
--

LOCK TABLES `account_oferclubuser_address` WRITE;
/*!40000 ALTER TABLE `account_oferclubuser_address` DISABLE KEYS */;
INSERT INTO `account_oferclubuser_address` VALUES (7,2,1),(8,2,2),(9,2,3);
/*!40000 ALTER TABLE `account_oferclubuser_address` ENABLE KEYS */;
UNLOCK TABLES;

--
-- Table structure for table `account_partner`
--

DROP TABLE IF EXISTS `account_partner`;
/*!40101 SET @saved_cs_client     = @@character_set_client */;
/*!40101 SET character_set_client = utf8 */;
CREATE TABLE `account_partner` (
  `id` int(11) NOT NULL AUTO_INCREMENT,
  `name` varchar(255) NOT NULL,
  `email` varchar(255) NOT NULL,
  `slug` varchar(255) NOT NULL,
  `cnpj` varchar(18) NOT NULL,
  `phone` varchar(20),
  `cellphone` varchar(20),
  `logo` varchar(100),
  `about` longtext NOT NULL,
  PRIMARY KEY (`id`),
  UNIQUE KEY `email` (`email`),
  UNIQUE KEY `slug` (`slug`)
) ENGINE=InnoDB AUTO_INCREMENT=2 DEFAULT CHARSET=utf8;
/*!40101 SET character_set_client = @saved_cs_client */;

--
-- Dumping data for table `account_partner`
--

LOCK TABLES `account_partner` WRITE;
/*!40000 ALTER TABLE `account_partner` DISABLE KEYS */;
INSERT INTO `account_partner` VALUES (1,'walmart','walmart@walmart.com','walmart','1231231231','9898989898','9898989898','parceiro/wallpaper1.jpg','<p>Lorem Ipsum &eacute; simplesmente uma simula&ccedil;&atilde;o de texto da ind&uacute;stria tipogr&aacute;fica e de impressos, e vem sendo utilizado desde o s&eacute;culo XVI, quando um impressor desconhecido pegou uma bandeja de tipos e os embaralhou para fazer um livro de modelos de tipos.</p>\r\n<p>Lorem Ipsum sobreviveu n&atilde;o s&oacute; a cinco s&eacute;culos, como tamb&eacute;m ao salto para a editora&ccedil;&atilde;o eletr&ocirc;nica, permanecendo essencialmente inalterado. Se popularizou na d&eacute;cada de 60, quando a Letraset lan&ccedil;ou decalques contendo passagens de Lorem Ipsum, e mais recentemente quando passou a ser integrado a softwares de editora&ccedil;&atilde;o eletr&ocirc;nica como Aldus PageMaker.</p>');
/*!40000 ALTER TABLE `account_partner` ENABLE KEYS */;
UNLOCK TABLES;

--
-- Table structure for table `account_state`
--

DROP TABLE IF EXISTS `account_state`;
/*!40101 SET @saved_cs_client     = @@character_set_client */;
/*!40101 SET character_set_client = utf8 */;
CREATE TABLE `account_state` (
  `id` int(11) NOT NULL AUTO_INCREMENT,
  `name` varchar(100) NOT NULL,
  `acronym` varchar(2) NOT NULL,
  PRIMARY KEY (`id`)
) ENGINE=InnoDB AUTO_INCREMENT=2 DEFAULT CHARSET=utf8;
/*!40101 SET character_set_client = @saved_cs_client */;

--
-- Dumping data for table `account_state`
--

LOCK TABLES `account_state` WRITE;
/*!40000 ALTER TABLE `account_state` DISABLE KEYS */;
INSERT INTO `account_state` VALUES (1,'Pernambuco','PE');
/*!40000 ALTER TABLE `account_state` ENABLE KEYS */;
UNLOCK TABLES;

--
-- Table structure for table `auth_group`
--

DROP TABLE IF EXISTS `auth_group`;
/*!40101 SET @saved_cs_client     = @@character_set_client */;
/*!40101 SET character_set_client = utf8 */;
CREATE TABLE `auth_group` (
  `id` int(11) NOT NULL AUTO_INCREMENT,
  `name` varchar(80) NOT NULL,
  PRIMARY KEY (`id`),
  UNIQUE KEY `name` (`name`)
) ENGINE=InnoDB AUTO_INCREMENT=2 DEFAULT CHARSET=utf8;
/*!40101 SET character_set_client = @saved_cs_client */;

--
-- Dumping data for table `auth_group`
--

LOCK TABLES `auth_group` WRITE;
/*!40000 ALTER TABLE `auth_group` DISABLE KEYS */;
INSERT INTO `auth_group` VALUES (1,'parceiro');
/*!40000 ALTER TABLE `auth_group` ENABLE KEYS */;
UNLOCK TABLES;

--
-- Table structure for table `auth_group_permissions`
--

DROP TABLE IF EXISTS `auth_group_permissions`;
/*!40101 SET @saved_cs_client     = @@character_set_client */;
/*!40101 SET character_set_client = utf8 */;
CREATE TABLE `auth_group_permissions` (
  `id` int(11) NOT NULL AUTO_INCREMENT,
  `group_id` int(11) NOT NULL,
  `permission_id` int(11) NOT NULL,
  PRIMARY KEY (`id`),
  UNIQUE KEY `group_id` (`group_id`,`permission_id`),
  KEY `auth_group_permissions_0e939a4f` (`group_id`),
  KEY `auth_group_permissions_8373b171` (`permission_id`),
  CONSTRAINT `auth_group_permission_group_id_689710a9a73b7457_fk_auth_group_id` FOREIGN KEY (`group_id`) REFERENCES `auth_group` (`id`),
  CONSTRAINT `auth_group__permission_id_1f49ccbbdc69d2fc_fk_auth_permission_id` FOREIGN KEY (`permission_id`) REFERENCES `auth_permission` (`id`)
) ENGINE=InnoDB AUTO_INCREMENT=1562 DEFAULT CHARSET=utf8;
/*!40101 SET character_set_client = @saved_cs_client */;

--
-- Dumping data for table `auth_group_permissions`
--

LOCK TABLES `auth_group_permissions` WRITE;
/*!40000 ALTER TABLE `auth_group_permissions` DISABLE KEYS */;
INSERT INTO `auth_group_permissions` VALUES (1559,1,47),(1560,1,53),(1561,1,59),(1556,1,67),(1557,1,72),(1558,1,73);
/*!40000 ALTER TABLE `auth_group_permissions` ENABLE KEYS */;
UNLOCK TABLES;

--
-- Table structure for table `auth_permission`
--

DROP TABLE IF EXISTS `auth_permission`;
/*!40101 SET @saved_cs_client     = @@character_set_client */;
/*!40101 SET character_set_client = utf8 */;
CREATE TABLE `auth_permission` (
  `id` int(11) NOT NULL AUTO_INCREMENT,
  `name` varchar(50) NOT NULL,
  `content_type_id` int(11) NOT NULL,
  `codename` varchar(100) NOT NULL,
  PRIMARY KEY (`id`),
  UNIQUE KEY `content_type_id` (`content_type_id`,`codename`),
  KEY `auth_permission_417f1b1c` (`content_type_id`),
  CONSTRAINT `auth__content_type_id_508cf46651277a81_fk_django_content_type_id` FOREIGN KEY (`content_type_id`) REFERENCES `django_content_type` (`id`)
) ENGINE=InnoDB AUTO_INCREMENT=135 DEFAULT CHARSET=utf8;
/*!40101 SET character_set_client = @saved_cs_client */;

--
-- Dumping data for table `auth_permission`
--

LOCK TABLES `auth_permission` WRITE;
/*!40000 ALTER TABLE `auth_permission` DISABLE KEYS */;
INSERT INTO `auth_permission` VALUES (1,'Can add log entry',1,'add_logentry'),(2,'Can change log entry',1,'change_logentry'),(3,'Can delete log entry',1,'delete_logentry'),(4,'Can add permission',2,'add_permission'),(5,'Can change permission',2,'change_permission'),(6,'Can delete permission',2,'delete_permission'),(7,'Can add group',3,'add_group'),(8,'Can change group',3,'change_group'),(9,'Can delete group',3,'delete_group'),(10,'Can add content type',4,'add_contenttype'),(11,'Can change content type',4,'change_contenttype'),(12,'Can delete content type',4,'delete_contenttype'),(13,'Can add session',5,'add_session'),(14,'Can change session',5,'change_session'),(15,'Can delete session',5,'delete_session'),(16,'Can add usuário do Lua de Véu',6,'add_oferclubabstractuser'),(17,'Can change usuário do Lua de Véu',6,'change_oferclubabstractuser'),(18,'Can delete usuário do Lua de Véu',6,'delete_oferclubabstractuser'),(19,'Can add state',7,'add_state'),(20,'Can change state',7,'change_state'),(21,'Can delete state',7,'delete_state'),(22,'Can add city',8,'add_city'),(23,'Can change city',8,'change_city'),(24,'Can delete city',8,'delete_city'),(25,'Can add address',9,'add_address'),(26,'Can change address',9,'change_address'),(27,'Can delete address',9,'delete_address'),(28,'Can add Usuário',10,'add_oferclubuser'),(29,'Can change Usuário',10,'change_oferclubuser'),(30,'Can delete Usuário',10,'delete_oferclubuser'),(31,'Can add Parceiro',11,'add_partner'),(32,'Can change Parceiro',11,'change_partner'),(33,'Can delete Parceiro',11,'delete_partner'),(34,'Can add Filial',12,'add_filial'),(35,'Can change Filial',12,'change_filial'),(36,'Can delete Filial',12,'delete_filial'),(37,'Can add Afiliado',13,'add_affiliate'),(38,'Can change Afiliado',13,'change_affiliate'),(39,'Can delete Afiliado',13,'delete_affiliate'),(40,'Can add conta',14,'add_account'),(41,'Can change conta',14,'change_account'),(42,'Can delete conta',14,'delete_account'),(43,'Can add category',15,'add_category'),(44,'Can change category',15,'change_category'),(45,'Can delete category',15,'delete_category'),(46,'Can add offer',16,'add_offer'),(47,'Can change offer',16,'change_offer'),(48,'Can delete offer',16,'delete_offer'),(49,'Can add image',17,'add_image'),(50,'Can change image',17,'change_image'),(51,'Can delete image',17,'delete_image'),(52,'Can add option',18,'add_option'),(53,'Can change option',18,'change_option'),(54,'Can delete option',18,'delete_option'),(55,'Can add Pedido',19,'add_order'),(56,'Can change Pedido',19,'change_order'),(57,'Can delete Pedido',19,'delete_order'),(58,'Can add Cupom',20,'add_coupon'),(59,'Can change Cupom',20,'change_coupon'),(60,'Can delete Cupom',20,'delete_coupon'),(61,'Can view address',9,'view_address'),(62,'Can view Afiliado',13,'view_affiliate'),(63,'Can view category',15,'view_category'),(64,'Can view city',8,'view_city'),(65,'Can view conta',14,'view_account'),(66,'Can view content type',4,'view_contenttype'),(67,'Can view Cupom',20,'view_coupon'),(68,'Can view Filial',12,'view_filial'),(69,'Can view group',3,'view_group'),(70,'Can view image',17,'view_image'),(71,'Can view log entry',1,'view_logentry'),(72,'Can view offer',16,'view_offer'),(73,'Can view option',18,'view_option'),(74,'Can view Parceiro',11,'view_partner'),(75,'Can view Pedido',19,'view_order'),(76,'Can view permission',2,'view_permission'),(77,'Can view session',5,'view_session'),(78,'Can view state',7,'view_state'),(79,'Can view Usuário',10,'view_oferclubuser'),(80,'Can view usuário do Lua de Véu',6,'view_oferclubabstractuser'),(81,'Can add Bookmark',21,'add_bookmark'),(82,'Can change Bookmark',21,'change_bookmark'),(83,'Can delete Bookmark',21,'delete_bookmark'),(84,'Can add User Setting',23,'add_usersettings'),(85,'Can change User Setting',23,'change_usersettings'),(86,'Can delete User Setting',23,'delete_usersettings'),(87,'Can add User Widget',22,'add_userwidget'),(88,'Can change User Widget',22,'change_userwidget'),(89,'Can delete User Widget',22,'delete_userwidget'),(90,'Can view Bookmark',21,'view_bookmark'),(91,'Can view User Setting',23,'view_usersettings'),(92,'Can view User Widget',22,'view_userwidget'),(93,'Can add revision',25,'add_revision'),(94,'Can change revision',25,'change_revision'),(95,'Can delete revision',25,'delete_revision'),(96,'Can add version',24,'add_version'),(97,'Can change version',24,'change_version'),(98,'Can delete version',24,'delete_version'),(99,'Can view revision',25,'view_revision'),(100,'Can view version',24,'view_version'),(101,'Can add Operação',26,'add_operation'),(102,'Can change Operação',26,'change_operation'),(103,'Can delete Operação',26,'delete_operation'),(104,'Can view Operação',26,'view_operation'),(105,'Can add site',27,'add_site'),(106,'Can change site',27,'change_site'),(107,'Can delete site',27,'delete_site'),(108,'Can add opt out',28,'add_optout'),(109,'Can change opt out',28,'change_optout'),(110,'Can delete opt out',28,'delete_optout'),(111,'Can add invite',29,'add_invite'),(112,'Can change invite',29,'change_invite'),(113,'Can delete invite',29,'delete_invite'),(114,'Can add sub category',31,'add_subcategory'),(115,'Can change sub category',31,'change_subcategory'),(116,'Can delete sub category',31,'delete_subcategory'),(117,'Can add interest',30,'add_interest'),(118,'Can change interest',30,'change_interest'),(119,'Can delete interest',30,'delete_interest'),(120,'Can add type',32,'add_type'),(121,'Can change type',32,'change_type'),(122,'Can delete type',32,'delete_type'),(123,'Can add kv store',33,'add_kvstore'),(124,'Can change kv store',33,'change_kvstore'),(125,'Can delete kv store',33,'delete_kvstore'),(126,'Can add news letter',34,'add_newsletter'),(127,'Can change news letter',34,'change_newsletter'),(128,'Can delete news letter',34,'delete_newsletter'),(129,'Can add promotion code',35,'add_promotioncode'),(130,'Can change promotion code',35,'change_promotioncode'),(131,'Can delete promotion code',35,'delete_promotioncode'),(132,'Can add order item',36,'add_orderitem'),(133,'Can change order item',36,'change_orderitem'),(134,'Can delete order item',36,'delete_orderitem');
/*!40000 ALTER TABLE `auth_permission` ENABLE KEYS */;
UNLOCK TABLES;

--
-- Table structure for table `checkout_coupon`
--

DROP TABLE IF EXISTS `checkout_coupon`;
/*!40101 SET @saved_cs_client     = @@character_set_client */;
/*!40101 SET character_set_client = utf8 */;
CREATE TABLE `checkout_coupon` (
  `id` int(11) NOT NULL AUTO_INCREMENT,
  `code` varchar(255) NOT NULL,
  `price` decimal(10,2) NOT NULL,
  `is_consumed` tinyint(1) NOT NULL,
  `date_expiration` date NOT NULL,
  `date_consumed` datetime,
  `date_created` datetime NOT NULL,
  `address_id` int(11),
  `order_item_id` int(11) NOT NULL,
  `name_consumer` varchar(200),
  PRIMARY KEY (`id`),
  UNIQUE KEY `code` (`code`),
  KEY `checkout_coupon_ea8e5d12` (`address_id`),
  KEY `checkout_coupon_2374a8a2` (`order_item_id`),
  CONSTRAINT `checkout_coupo_address_id_295721fb3ad8b851_fk_account_address_id` FOREIGN KEY (`address_id`) REFERENCES `account_address` (`id`),
  CONSTRAINT `checkout_order_item_id_5676a8da22c63550_fk_checkout_orderitem_id` FOREIGN KEY (`order_item_id`) REFERENCES `checkout_orderitem` (`id`)
) ENGINE=InnoDB AUTO_INCREMENT=54 DEFAULT CHARSET=utf8;
/*!40101 SET character_set_client = @saved_cs_client */;

--
-- Dumping data for table `checkout_coupon`
--

LOCK TABLES `checkout_coupon` WRITE;
/*!40000 ALTER TABLE `checkout_coupon` DISABLE KEYS */;
INSERT INTO `checkout_coupon` VALUES (35,'876F48DDB4CA422',80.00,0,'2014-12-29',NULL,'2014-09-29 21:25:49',NULL,4,NULL),(36,'C59586F5E056438',80.00,0,'2014-12-29',NULL,'2014-09-30 13:02:46',NULL,4,NULL),(37,'CD36B94CC26F442',80.00,0,'2014-12-29',NULL,'2014-09-30 13:46:18',NULL,4,NULL),(38,'AAC98C900C8F455',80.00,0,'2014-12-29',NULL,'2014-09-30 13:47:24',NULL,4,NULL),(39,'546EAE868E51467',80.00,0,'2014-12-29',NULL,'2014-09-30 13:49:05',NULL,4,NULL),(40,'74DAFCEA375D462',80.00,0,'2014-12-29',NULL,'2014-09-30 13:49:05',NULL,4,NULL),(41,'DED9D0580EE4468',80.00,0,'2014-12-29',NULL,'2014-09-30 13:49:05',NULL,4,NULL),(42,'DED9D0580EE4464',80.00,0,'2014-12-29',NULL,'2014-09-30 13:49:06',NULL,4,NULL),(43,'7138557208B4465',80.00,0,'2014-12-29',NULL,'2014-09-30 13:49:06',NULL,4,NULL),(44,'7138557208B4462',80.00,0,'2014-12-29',NULL,'2014-09-30 13:49:06',NULL,4,NULL),(45,'ADCC47DC51D9461',80.00,0,'2014-12-29',NULL,'2014-09-30 13:49:06',NULL,4,NULL),(46,'ADCC47DC51D9462',80.00,0,'2014-12-29',NULL,'2014-09-30 13:49:06',NULL,4,NULL),(47,'B2FB4FCA33AD465',80.00,0,'2014-12-29',NULL,'2014-09-30 13:49:06',NULL,4,NULL),(48,'B2FB4FCA33AD466',80.00,1,'2014-12-29','2014-10-01 19:30:20','2014-09-30 13:49:06',NULL,4,NULL),(49,'711A7E39222C472',25.00,0,'2014-12-30',NULL,'2014-10-16 18:08:11',NULL,4,NULL),(51,'691712D7DE38338',70.00,0,'2014-12-30',NULL,'2014-11-05 11:23:55',NULL,33,'victor'),(52,'6C15D5656241344',70.00,0,'2014-12-30',NULL,'2014-11-05 11:27:30',NULL,34,'victor'),(53,'F184A990C77F355',25.00,0,'2014-12-30',NULL,'2014-11-05 14:10:55',NULL,35,'');
/*!40000 ALTER TABLE `checkout_coupon` ENABLE KEYS */;
UNLOCK TABLES;

--
-- Table structure for table `checkout_operation`
--

DROP TABLE IF EXISTS `checkout_operation`;
/*!40101 SET @saved_cs_client     = @@character_set_client */;
/*!40101 SET character_set_client = utf8 */;
CREATE TABLE `checkout_operation` (
  `id` int(11) NOT NULL AUTO_INCREMENT,
  `type_operation` tinyint(1) NOT NULL,
  `value` decimal(10,2) NOT NULL,
  `created_at` datetime NOT NULL,
  `user_id` int(11) NOT NULL,
  `description` varchar(255) NOT NULL,
  PRIMARY KEY (`id`),
  KEY `checkout_operation_e8701ad4` (`user_id`),
  CONSTRAINT `D2f17ec7181714dae74871a02549cd86` FOREIGN KEY (`user_id`) REFERENCES `account_oferclubuser` (`oferclubabstractuser_ptr_id`)
) ENGINE=InnoDB AUTO_INCREMENT=37 DEFAULT CHARSET=utf8;
/*!40101 SET character_set_client = @saved_cs_client */;

--
-- Dumping data for table `checkout_operation`
--

LOCK TABLES `checkout_operation` WRITE;
/*!40000 ALTER TABLE `checkout_operation` DISABLE KEYS */;
INSERT INTO `checkout_operation` VALUES (1,1,100.00,'2014-09-25 17:37:08',2,''),(2,1,100.00,'2014-09-25 17:41:40',2,'CashBack'),(3,1,100.00,'2014-09-25 17:45:56',2,'CashBack'),(4,1,50.00,'2014-09-25 17:46:14',2,'CashBack'),(5,1,50.00,'2014-09-26 18:34:46',2,'CashBack'),(6,1,50.00,'2014-09-26 18:35:49',2,'CashBack'),(7,1,50.00,'2014-09-26 18:37:39',2,'CashBack'),(8,1,50.00,'2014-09-26 18:38:01',2,'CashBack'),(9,1,50.00,'2014-09-26 18:41:20',2,'CashBack'),(10,1,50.00,'2014-09-29 14:03:08',2,'CashBack'),(11,0,650.00,'2014-09-29 14:52:28',2,'teste boa vista'),(12,0,1000.00,'2014-09-29 14:57:46',2,'teste boa vista'),(13,0,1000.00,'2014-09-29 15:01:38',2,'teste boa vista'),(14,1,0.00,'2014-09-29 15:01:39',2,'CashBack'),(15,0,1000.00,'2014-09-29 15:03:40',2,'teste boa vista'),(16,0,500.00,'2014-09-29 15:04:02',2,'teste boa vista'),(17,0,25.00,'2014-09-29 15:04:45',2,'CashBackk'),(18,0,25.00,'2014-09-29 21:21:09',2,'dasdasdasd'),(19,1,2.75,'2014-09-29 21:25:49',2,'CashBack'),(20,0,2.75,'2014-09-30 13:01:47',2,'dasdasdasd'),(21,1,3.86,'2014-09-30 13:02:46',2,'CashBack'),(22,0,3.86,'2014-09-30 13:45:34',2,'dasdasdasd'),(23,1,3.81,'2014-09-30 13:46:18',2,'CashBack'),(24,0,3.81,'2014-09-30 13:47:14',2,'dasdasdasd'),(25,1,3.81,'2014-09-30 13:47:24',2,'CashBack'),(26,0,3.81,'2014-09-30 13:48:39',2,'dasdasdasd'),(27,1,39.81,'2014-09-30 13:49:06',2,'CashBack'),(28,0,25.00,'2014-10-16 18:08:11',2,'opção 1'),(31,0,109.30,'2014-11-05 11:18:56',2,'compra: 71'),(34,0,109.30,'2014-11-05 11:23:55',2,'compra: 74'),(35,0,109.30,'2014-11-05 11:27:30',2,'compra: 75'),(36,0,49.30,'2014-11-05 14:10:55',2,'compra: 76');
/*!40000 ALTER TABLE `checkout_operation` ENABLE KEYS */;
UNLOCK TABLES;

--
-- Table structure for table `checkout_order`
--

DROP TABLE IF EXISTS `checkout_order`;
/*!40101 SET @saved_cs_client     = @@character_set_client */;
/*!40101 SET character_set_client = utf8 */;
CREATE TABLE `checkout_order` (
  `id` int(11) NOT NULL AUTO_INCREMENT,
  `total` decimal(10,2) NOT NULL,
  `status` smallint(5) unsigned,
  `purchase_time` datetime NOT NULL,
  `user_id` int(11) NOT NULL,
  `code_pagseguro` varchar(255),
  `date_approved` datetime,
  `balance` decimal(10,2) NOT NULL,
  `discount` decimal(10,2) NOT NULL,
  `shipping` decimal(10,2) NOT NULL,
  PRIMARY KEY (`id`),
  KEY `checkout_order_e8701ad4` (`user_id`),
  CONSTRAINT `caf3285b361c230594d56dcb3de992a3` FOREIGN KEY (`user_id`) REFERENCES `account_oferclubuser` (`oferclubabstractuser_ptr_id`)
) ENGINE=InnoDB AUTO_INCREMENT=80 DEFAULT CHARSET=utf8;
/*!40101 SET character_set_client = @saved_cs_client */;

--
-- Dumping data for table `checkout_order`
--

LOCK TABLES `checkout_order` WRITE;
/*!40000 ALTER TABLE `checkout_order` DISABLE KEYS */;
INSERT INTO `checkout_order` VALUES (42,55.00,0,'2014-09-29 21:21:09',2,'DCE19639FCFC472554C6DF9D309D7645','2014-09-29 21:25:49',0.00,0.00,0.00),(43,77.25,0,'2014-09-30 13:01:47',2,'08945A6A0505F47664B14FBEC85F4E0F','2014-09-30 13:02:46',0.00,0.00,0.00),(44,76.14,0,'2014-09-30 13:45:34',2,'1E9901FB1818740444DDAFB375B2BAC2','2014-09-30 13:46:18',0.00,0.00,0.00),(45,76.19,0,'2014-09-30 13:47:13',2,'A1C98D2AE7E7811114429FAD4A28C7F2','2014-09-30 13:47:24',0.00,0.00,0.00),(46,796.19,0,'2014-09-30 13:48:39',2,'F120B2E3E9E9D8700485CF91EED879A5','2014-09-30 13:49:06',0.00,0.00,0.00),(47,0.00,0,'2014-10-16 18:08:11',2,NULL,'2014-10-16 18:08:11',0.00,0.00,0.00),(53,0.00,2,'2014-11-04 18:41:51',2,NULL,NULL,0.00,0.00,0.00),(56,0.00,2,'2014-11-04 18:48:46',2,NULL,NULL,0.00,0.00,0.00),(57,109.30,2,'2014-11-04 18:50:56',2,NULL,NULL,0.00,0.00,0.00),(61,55.19,2,'2014-11-04 19:05:02',2,NULL,NULL,0.00,0.00,0.00),(63,99.30,2,'2014-11-04 19:09:57',2,NULL,NULL,0.00,0.00,0.00),(64,169.30,2,'2014-11-04 19:11:32',2,NULL,NULL,0.00,0.00,0.00),(65,400.70,2,'2014-11-04 19:18:29',2,NULL,NULL,0.00,10.00,60.70),(66,109.30,2,'2014-11-05 11:10:48',2,NULL,NULL,0.00,0.00,39.30),(71,0.00,0,'2014-11-05 11:18:55',2,NULL,NULL,890.70,0.00,39.30),(74,0.00,0,'2014-11-05 11:23:54',2,NULL,'2014-11-05 11:23:55',109.30,0.00,39.30),(75,0.00,0,'2014-11-05 11:27:30',2,NULL,'2014-11-05 11:27:30',109.30,0.00,39.30),(76,0.00,0,'2014-11-05 14:10:54',2,NULL,'2014-11-05 14:10:55',49.30,0.00,24.30),(77,49.30,2,'2014-11-05 15:20:33',2,NULL,NULL,0.00,0.00,24.30),(78,49.30,2,'2014-11-05 15:22:48',2,NULL,NULL,0.00,0.00,24.30),(79,25.00,2,'2014-11-06 10:26:39',2,NULL,NULL,0.00,0.00,0.00);
/*!40000 ALTER TABLE `checkout_order` ENABLE KEYS */;
UNLOCK TABLES;

--
-- Table structure for table `checkout_orderitem`
--

DROP TABLE IF EXISTS `checkout_orderitem`;
/*!40101 SET @saved_cs_client     = @@character_set_client */;
/*!40101 SET character_set_client = utf8 */;
CREATE TABLE `checkout_orderitem` (
  `id` int(11) NOT NULL AUTO_INCREMENT,
  `name_consumer` varchar(200) DEFAULT NULL,
  `quantity` int(11) NOT NULL,
  `total` decimal(10,2) NOT NULL,
  `option_id` int(11) NOT NULL,
  `order_id` int(11) NOT NULL,
  PRIMARY KEY (`id`),
  KEY `checkout_orderitem_28df3725` (`option_id`),
  KEY `checkout_orderitem_69dfcb07` (`order_id`),
  CONSTRAINT `checkout_orderite_order_id_5d73141e2e55f04b_fk_checkout_order_id` FOREIGN KEY (`order_id`) REFERENCES `checkout_order` (`id`),
  CONSTRAINT `checkout_orderitem_option_id_a3c49fbf86e7749_fk_offer_option_id` FOREIGN KEY (`option_id`) REFERENCES `offer_option` (`id`)
) ENGINE=InnoDB AUTO_INCREMENT=39 DEFAULT CHARSET=utf8;
/*!40101 SET character_set_client = @saved_cs_client */;

--
-- Dumping data for table `checkout_orderitem`
--

LOCK TABLES `checkout_orderitem` WRITE;
/*!40000 ALTER TABLE `checkout_orderitem` DISABLE KEYS */;
INSERT INTO `checkout_orderitem` VALUES (4,'sadasd',1,10.00,3,42),(9,'dasdsddas',1,70.00,3,53),(10,'dasdsddaad',1,70.00,2,53),(13,'victor',1,70.00,3,56),(14,'victor',1,70.00,3,57),(18,'dasdasd',1,70.00,3,61),(20,'dasdasdasd',1,70.00,3,63),(21,'victor',1,70.00,3,64),(22,'marcella',1,70.00,2,64),(23,'teste 1',2,140.00,3,65),(24,'teste 2',3,210.00,2,65),(25,'victor',1,70.00,3,66),(30,'victor',1,70.00,3,71),(33,'victor',1,70.00,3,74),(34,'victor',1,70.00,3,75),(35,'',1,25.00,4,76),(36,'asdasdas',1,25.00,4,77),(37,'asdasdas',1,25.00,4,78),(38,'asdasdasd',1,25.00,4,79);
/*!40000 ALTER TABLE `checkout_orderitem` ENABLE KEYS */;
UNLOCK TABLES;

--
-- Table structure for table `django_admin_log`
--

DROP TABLE IF EXISTS `django_admin_log`;
/*!40101 SET @saved_cs_client     = @@character_set_client */;
/*!40101 SET character_set_client = utf8 */;
CREATE TABLE `django_admin_log` (
  `id` int(11) NOT NULL AUTO_INCREMENT,
  `action_time` datetime NOT NULL,
  `object_id` longtext,
  `object_repr` varchar(200) NOT NULL,
  `action_flag` smallint(5) unsigned NOT NULL,
  `change_message` longtext NOT NULL,
  `content_type_id` int(11) DEFAULT NULL,
  `user_id` int(11) NOT NULL,
  PRIMARY KEY (`id`),
  KEY `django_admin_log_417f1b1c` (`content_type_id`),
  KEY `django_admin_log_e8701ad4` (`user_id`),
  CONSTRAINT `djang_content_type_id_697914295151027a_fk_django_content_type_id` FOREIGN KEY (`content_type_id`) REFERENCES `django_content_type` (`id`),
  CONSTRAINT `djan_user_id_52fdd58701c5f563_fk_account_oferclubabstractuser_id` FOREIGN KEY (`user_id`) REFERENCES `account_oferclubabstractuser` (`id`)
) ENGINE=InnoDB AUTO_INCREMENT=134 DEFAULT CHARSET=utf8;
/*!40101 SET character_set_client = @saved_cs_client */;

--
-- Dumping data for table `django_admin_log`
--

LOCK TABLES `django_admin_log` WRITE;
/*!40000 ALTER TABLE `django_admin_log` DISABLE KEYS */;
INSERT INTO `django_admin_log` VALUES (1,'2014-09-18 00:23:53','1','walmart (walmart@walmart.com)',1,'',11,1),(2,'2014-09-18 00:23:59','3','dasasd (adasd@dasdas.das)',1,'',12,1),(3,'2014-09-18 00:30:36','3','dasasd (adasd@dasdas.das)',2,'Nenhum campo modificado.',12,1),(4,'2014-09-18 00:30:56','4','dasasdfd (sadasd@dasd.fsd)',1,'',13,1),(5,'2014-09-18 00:31:35','4','dasasdfd (sadasd@dasd.fsd)',2,'Nenhum campo modificado.',13,1),(6,'2014-09-18 20:30:32','1','Produto',1,'',15,1),(7,'2014-09-18 20:30:41','2','Serviço',1,'',15,1),(8,'2014-09-18 20:30:45','3','Viagens',1,'',15,1),(9,'2014-09-18 20:31:08','4','Fast Food',1,'',15,1),(10,'2014-09-19 18:54:28','2','Victor Luna - 1000.00',1,'',19,1),(11,'2014-09-19 18:57:07','1','teste',1,'',16,1),(12,'2014-09-19 19:01:29','1','victor - dsadasdasda',1,'',20,1),(13,'2014-09-22 14:06:12','1','teste',2,'Modificado city. Adicionado Imagem \"oferta/tenis_2Lwca3y.jpg\"',16,1),(14,'2014-09-22 21:10:34','1','teste',2,'Nenhum campo modificado.',16,1),(15,'2014-09-25 17:21:52','1','teste',2,'Modificado percent_cashback.',16,1),(16,'2014-09-25 17:46:07','1','teste',2,'Modificado percent_cashback.',16,1),(17,'2014-09-25 18:46:17','1','parceiro',1,'',3,1),(18,'2014-09-29 13:46:44','34','Victor Lunaaa - 1000.00',2,'Modificado status.',19,1),(19,'2014-09-29 13:48:14','34','Victor Lunaaa - 1000.00',2,'Modificado status. Modificado is_consumed para Cupom \" - B89E915C4879349\".',19,1),(20,'2014-09-29 14:03:08','35','Victor Lunaaa - 1000.00',2,'Modificado status.',19,1),(21,'2014-09-29 14:03:40','35','Victor Lunaaa - 1000.00',2,'Modificado status. Modificado is_consumed para Cupom \" - 517C7EFDBB92358\".',19,1),(22,'2014-09-29 14:03:47','35','Victor Lunaaa - 1000.00',2,'Modificado status.',19,1),(23,'2014-09-29 14:57:38','2','Victor Lunaaa (victorluna22@gmail.com)',2,'Modificado credit.',10,1),(24,'2014-09-29 15:03:08','2','Victor Lunaaa (victorluna22@gmail.com)',2,'Modificado credit.',10,1),(25,'2014-09-29 15:03:32','2','Victor Lunaaa (victorluna22@gmail.com)',2,'Modificado credit.',10,1),(26,'2014-09-29 15:04:45','41','Victor Lunaaa - 500.00',2,'Modificado status.',19,1),(27,'2014-09-29 17:30:15','1','walmart (walmart@walmart.com)',2,'Deletado Filial \"dasasd (adasd@dasdas.das)\".',11,1),(28,'2014-09-29 17:31:19','1','walmart (walmart@walmart.com)',2,'Nenhum campo modificado.',11,1),(29,'2014-09-29 18:52:38','6','dasdasdas (dasdas@dasdas.das)',1,'',12,1),(30,'2014-09-29 18:54:16','6','dasdasdas (dasdas@dasdas.das)',2,'Nenhum campo modificado.',12,1),(31,'2014-09-29 18:55:38','7','dasdasd (aaa@aaa.aaa)',1,'',12,1),(32,'2014-09-29 18:55:42','7','dasdasd (aaa@aaa.aaa)',2,'Nenhum campo modificado.',12,1),(33,'2014-09-29 18:57:12','7','dasdasd (aaa@aaa.aaa)',2,'Nenhum campo modificado.',12,1),(34,'2014-09-29 19:26:03','7','dasdasd (aaa@aaa.aaa)',2,'Modificado groups.',12,1),(35,'2014-09-29 19:28:49','2','adm',1,'',3,1),(36,'2014-09-29 19:29:12','7','dasdasd (aaa@aaa.aaa)',2,'Modificado groups.',12,1),(37,'2014-09-29 19:30:18','2','adm',2,'Modificado permissions.',3,1),(38,'2014-09-29 19:30:33','2','adm',2,'Modificado permissions.',3,1),(39,'2014-09-29 19:30:48','2','adm',2,'Modificado permissions.',3,1),(40,'2014-09-29 19:31:14','2','adm',2,'Modificado permissions.',3,1),(41,'2014-09-29 19:31:41','2','adm',2,'Modificado permissions.',3,1),(42,'2014-09-29 19:32:03','2','adm',2,'Modificado permissions.',3,1),(43,'2014-09-29 19:32:24','2','adm',2,'Modificado permissions.',3,1),(44,'2014-09-29 19:32:44','2','adm',2,'Modificado permissions.',3,1),(45,'2014-09-29 19:32:56','2','adm',2,'Modificado permissions.',3,1),(46,'2014-09-29 19:33:14','2','adm',2,'Modificado permissions.',3,1),(47,'2014-09-29 19:33:26','2','adm',2,'Modificado permissions.',3,1),(48,'2014-09-29 19:33:42','2','adm',2,'Modificado permissions.',3,1),(49,'2014-09-29 19:34:17','2','adm',2,'Modificado permissions.',3,1),(50,'2014-09-29 19:34:43','2','adm',2,'Modificado permissions.',3,1),(51,'2014-09-29 19:37:44','17','Victor Lunaaa - R$25.00 (Débito)',2,'Modificado type_operation.',26,7),(52,'2014-09-29 19:37:55','17','Victor Lunaaa - R$25.00 (Débito)',2,'Modificado description.',26,1),(53,'2014-09-29 20:07:22','17','Victor Lunaaa - R$25.00 (Débito)',2,'Nenhum campo modificado.',26,7),(54,'2014-09-29 20:07:41','17','Victor Lunaaa - R$25.00 (Débito)',2,'Nenhum campo modificado.',26,7),(55,'2014-09-29 20:24:58','17','Victor Lunaaa - R$25.00 (Débito)',2,'Nenhum campo modificado.',26,7),(56,'2014-09-29 20:25:06','17','Victor Lunaaa - R$25.00 (Débito)',2,'Modificado description.',26,7),(57,'2014-09-29 20:25:14','17','Victor Lunaaa - R$25.00 (Débito)',2,'Modificado description.',26,7),(58,'2014-09-29 20:35:50','17','Victor Lunaaa - R$25.00 (Débito)',2,'Nenhum campo modificado.',26,7),(59,'2014-09-29 20:36:09','17','Victor Lunaaa - R$25.00 (Débito)',2,'Nenhum campo modificado.',26,7),(60,'2014-09-29 20:42:17','17','Victor Lunaaa - R$25.00 (Débito)',2,'Nenhum campo modificado.',26,7),(61,'2014-09-29 21:05:35','7','dasdasd (aaa@aaa.aaa)',2,'Modificado groups.',12,1),(62,'2014-09-29 21:06:33','1','parceiro',2,'Modificado permissions.',3,1),(63,'2014-09-29 21:11:52','1','teste',2,'Adicionado Opção \"dasdasdasd\"',16,1),(64,'2014-09-29 21:20:49','1','teste',2,'Modificado start_time para Opção \"dasdasdasd\".',16,1),(65,'2014-09-29 21:21:41','42','Victor Lunaaa - 55.00',2,'Modificado status e date_approved.',19,1),(66,'2014-09-29 21:25:49','42','Victor Lunaaa - 55.00',2,'Modificado date_approved.',19,1),(67,'2014-09-29 21:27:36','35','None - 876F48DDB4CA422',2,'Nenhum campo modificado.',20,7),(68,'2014-09-29 21:34:38','1','parceiro',2,'Modificado permissions.',3,1),(69,'2014-09-29 21:41:56','2','adm',3,'',3,1),(70,'2014-09-30 13:02:46','43','Victor Lunaaa - 77.25',2,'Modificado status.',19,1),(71,'2014-09-30 13:46:18','44','Victor Lunaaa - 76.14',2,'Modificado status.',19,1),(72,'2014-09-30 13:47:24','45','Victor Lunaaa - 76.19',2,'Modificado status.',19,1),(73,'2014-09-30 13:49:06','46','Victor Lunaaa - 796.19',2,'Modificado status.',19,1),(74,'2014-09-30 13:57:16','6','dasdasdas (dasdas@dasdas.das)',2,'Modificado groups.',12,1),(75,'2014-09-30 14:01:01','1','parceiro',2,'Modificado permissions.',3,1),(76,'2014-09-30 14:18:24','1','parceiro',2,'Modificado permissions.',3,1),(77,'2014-09-30 14:18:58','1','parceiro',2,'Modificado permissions.',3,1),(78,'2014-09-30 17:11:49','1','teste',2,'Adicionado Opção \"opção 2\"',16,1),(79,'2014-09-30 17:14:04','2','oferta 2',1,'',16,1),(80,'2014-10-01 19:24:55','48','None - B2FB4FCA33AD466',2,'Modificado code_validation.',20,7),(81,'2014-10-01 19:30:10','48','None - B2FB4FCA33AD466',2,'Modificado code_validation.',20,7),(82,'2014-10-01 19:30:20','48','None - B2FB4FCA33AD466',2,'Modificado code_validation.',20,7),(83,'2014-10-06 19:26:39','2','oferta 2',2,'Modificado category.',16,1),(84,'2014-10-06 19:26:47','1','teste',2,'Modificado category.',16,1),(85,'2014-10-07 14:32:14','1','teste',2,'Modificado end_time para Opção \"dasdasdasd\".',16,1),(86,'2014-10-07 14:32:46','1','teste',2,'Modificado end_time para Opção \"dasdasdasd\".',16,1),(87,'2014-10-07 14:33:11','1','teste',2,'Modificado end_time para Opção \"dasdasdasd\".',16,1),(88,'2014-10-07 14:33:36','1','teste',2,'Modificado start_time e end_time para Opção \"dasdasdasd\".',16,1),(89,'2014-10-07 14:35:41','1','teste',2,'Modificado start_time para Opção \"opção 2\".',16,1),(90,'2014-10-07 17:09:49','4','Fast Food',2,'Modificado active.',15,1),(91,'2014-10-07 17:09:59','3','Viagens',2,'Modificado active.',15,1),(92,'2014-10-07 17:10:07','2','Serviço',2,'Modificado active.',15,1),(93,'2014-10-07 17:10:17','1','Produto',2,'Modificado active.',15,1),(94,'2014-10-07 18:35:26','1','teste',2,'Modificado highlight_image.',16,1),(95,'2014-10-07 18:37:12','2','oferta 2',2,'Modificado highlight e highlight_image.',16,1),(96,'2014-10-07 19:11:36','1','teste',2,'Modificado interests.',16,1),(97,'2014-10-08 21:11:39','2','oferta 2',2,'Modificado interests, description, when_to_use, how_to_use e good_to_know.',16,1),(98,'2014-10-09 17:55:59','1','walmart (walmart@walmart.com)',2,'Modificado about.',11,1),(99,'2014-10-09 18:01:07','1','walmart (walmart@walmart.com)',2,'Modificado logo.',11,1),(100,'2014-10-09 18:09:44','1','teste',2,'Modificado description, when_to_use, how_to_use e good_to_know.',16,1),(101,'2014-10-09 18:26:54','1','teste',2,'Modificado subtitle para Opção \"dasdasdasd\". Modificado subtitle para Opção \"opção 2\".',16,1),(102,'2014-10-09 19:48:23','2','interesse 2 - Serviço',1,'',30,1),(103,'2014-10-09 19:48:42','2','oferta 2',2,'Modificado interests. Modificado subtitle para Opção \"opção 1\".',16,1),(104,'2014-10-09 19:50:00','2','oferta 2',2,'Modificado interests.',16,1),(105,'2014-10-09 20:29:35','2','oferta 2',2,'Modificado image_grid.',16,1),(106,'2014-10-09 20:29:54','1','teste',2,'Modificado image_grid.',16,1),(107,'2014-10-10 13:57:59','2','oferta 2',2,'Modificado old_price para Opção \"opção 1\".',16,1),(108,'2014-10-10 17:59:21','7','dasdasd (aaa@aaa.aaa)',2,'Modificado street, number_home, complement, cep e neighborhood.',12,1),(109,'2014-10-10 18:03:25','6','dasdasdas (dasdas@dasdas.das)',2,'Modificado street, number_home, complement, cep e neighborhood.',12,1),(110,'2014-10-21 15:23:38','2','Teste 2 - Produto',1,'',31,1),(111,'2014-10-21 15:24:01','1','teste',2,'Modificado subcategory.',16,1),(112,'2014-10-23 11:36:48','2','Victor Lunaaa (victorluna22@gmail.com)',2,'Modificado password.',10,1),(113,'2014-10-27 18:36:24','1','1234',1,'',35,1),(114,'2014-10-27 18:46:41','1','1234',2,'Modificado end_time.',35,1),(115,'2014-10-29 10:55:08','1','Avenida Rui Barbosa,123123 Jardim Atlântico - Olinda',1,'',9,1),(116,'2014-10-29 10:56:22','2','Rua Rui Barbosa,590 Jardim Primavera - Camaragibe',1,'',9,1),(117,'2014-10-29 10:57:14','3','dsadasdasd,123 dsadasdasd - dasdasd',1,'',9,1),(118,'2014-10-29 11:00:47','2','Victor Lunaaa (victorluna22@gmail.com)',2,'Modificado address.',10,1),(119,'2014-10-29 11:57:57','1','teste',2,'Modificado delivery.',16,1),(120,'2014-10-29 12:36:05','1','teste',2,'Modificado height para Opção \"opção 2\".',16,1),(121,'2014-10-29 12:39:13','1','teste',2,'Modificado width para Opção \"opção 2\".',16,1),(122,'2014-10-29 12:39:53','1','teste',2,'Modificado length para Opção \"opção 2\".',16,1),(123,'2014-10-29 12:40:30','1','teste',2,'Modificado weight, width e length para Opção \"opção 2\".',16,1),(124,'2014-10-29 12:40:49','1','teste',2,'Modificado width e length para Opção \"opção 2\".',16,1),(125,'2014-10-29 12:41:03','1','teste',2,'Modificado weight para Opção \"opção 2\".',16,1),(126,'2014-10-30 17:35:34','2','Victor Lunaaa (victorluna22@gmail.com)',2,'Modificado password.',10,1),(127,'2014-10-30 17:35:39','2','Victor Lunaaa (victorluna22@gmail.com)',2,'Nenhum campo modificado.',10,1),(128,'2014-11-04 19:20:26','1','teste',2,'Modificado weight, height, width e length para Opção \"dasdasdasd\".',16,1),(129,'2014-11-05 11:13:09','2','Victor Lunaaa (victorluna22@gmail.com)',2,'Modificado credit.',10,1),(130,'2014-11-05 14:05:41','2','oferta 2',2,'Modificado delivery.',16,1),(131,'2014-11-05 14:07:47','2','oferta 2',2,'Modificado shipping.',16,1),(132,'2014-11-05 14:10:11','1','teste',2,'Modificado shipping.',16,1),(133,'2014-11-05 14:10:27','2','oferta 2',2,'Modificado weight, height, width e length para Opção \"opção 1\".',16,1);
/*!40000 ALTER TABLE `django_admin_log` ENABLE KEYS */;
UNLOCK TABLES;

--
-- Table structure for table `django_content_type`
--

DROP TABLE IF EXISTS `django_content_type`;
/*!40101 SET @saved_cs_client     = @@character_set_client */;
/*!40101 SET character_set_client = utf8 */;
CREATE TABLE `django_content_type` (
  `id` int(11) NOT NULL AUTO_INCREMENT,
  `name` varchar(100) NOT NULL,
  `app_label` varchar(100) NOT NULL,
  `model` varchar(100) NOT NULL,
  PRIMARY KEY (`id`),
  UNIQUE KEY `django_content_type_app_label_45f3b1d93ec8c61c_uniq` (`app_label`,`model`)
) ENGINE=InnoDB AUTO_INCREMENT=37 DEFAULT CHARSET=utf8;
/*!40101 SET character_set_client = @saved_cs_client */;

--
-- Dumping data for table `django_content_type`
--

LOCK TABLES `django_content_type` WRITE;
/*!40000 ALTER TABLE `django_content_type` DISABLE KEYS */;
INSERT INTO `django_content_type` VALUES (1,'log entry','admin','logentry'),(2,'permission','auth','permission'),(3,'group','auth','group'),(4,'content type','contenttypes','contenttype'),(5,'session','sessions','session'),(6,'usuário do Lua de Véu','account','oferclubabstractuser'),(7,'state','account','state'),(8,'city','account','city'),(9,'address','account','address'),(10,'Usuário','account','oferclubuser'),(11,'Parceiro','account','partner'),(12,'Filial','account','filial'),(13,'Afiliado','account','affiliate'),(14,'conta','account','account'),(15,'category','offer','category'),(16,'offer','offer','offer'),(17,'image','offer','image'),(18,'option','offer','option'),(19,'Pedido','checkout','order'),(20,'Cupom','checkout','coupon'),(21,'Bookmark','xadmin','bookmark'),(22,'User Widget','xadmin','userwidget'),(23,'User Setting','xadmin','usersettings'),(24,'version','reversion','version'),(25,'revision','reversion','revision'),(26,'Operação','checkout','operation'),(27,'site','sites','site'),(28,'opt out','inviter','optout'),(29,'invite','account','invite'),(30,'interest','offer','interest'),(31,'sub category','offer','subcategory'),(32,'type','offer','type'),(33,'kv store','thumbnail','kvstore'),(34,'news letter','account','newsletter'),(35,'promotion code','offer','promotioncode'),(36,'order item','checkout','orderitem');
/*!40000 ALTER TABLE `django_content_type` ENABLE KEYS */;
UNLOCK TABLES;

--
-- Table structure for table `django_migrations`
--

DROP TABLE IF EXISTS `django_migrations`;
/*!40101 SET @saved_cs_client     = @@character_set_client */;
/*!40101 SET character_set_client = utf8 */;
CREATE TABLE `django_migrations` (
  `id` int(11) NOT NULL AUTO_INCREMENT,
  `app` varchar(255) NOT NULL,
  `name` varchar(255) NOT NULL,
  `applied` datetime NOT NULL,
  PRIMARY KEY (`id`)
) ENGINE=InnoDB AUTO_INCREMENT=26 DEFAULT CHARSET=utf8;
/*!40101 SET character_set_client = @saved_cs_client */;

--
-- Dumping data for table `django_migrations`
--

LOCK TABLES `django_migrations` WRITE;
/*!40000 ALTER TABLE `django_migrations` DISABLE KEYS */;
INSERT INTO `django_migrations` VALUES (1,'contenttypes','0001_initial','2014-10-29 10:46:20'),(2,'admin','0001_initial','2014-10-29 10:46:20'),(3,'auth','0001_initial','2014-10-29 10:46:20'),(4,'sessions','0001_initial','2014-10-29 10:46:20'),(5,'account','0001_initial','2014-10-29 10:46:26'),(6,'account','0002_auto_20141029_1046','2014-10-29 10:46:59'),(7,'account','0003_auto_20141029_1049','2014-10-29 10:49:28'),(8,'account','0004_oferclubuser_address','2014-10-29 10:51:35'),(9,'account','0005_auto_20141029_1057','2014-10-29 10:57:08'),(12,'offer','0001_initial','2014-10-29 11:52:09'),(13,'offer','0002_auto_20141029_1152','2014-10-29 11:52:24'),(14,'offer','0003_auto_20141030_1839','2014-10-30 18:40:46'),(15,'account','0006_auto_20141030_1838','2014-10-30 18:40:47'),(16,'checkout','0001_initial','2014-10-30 18:40:47'),(17,'checkout','0002_auto_20141030_1841','2014-10-30 18:46:22'),(18,'checkout','0003_orderitem','2014-10-30 18:57:06'),(19,'checkout','0004_coupon_order_item','2014-10-30 18:59:59'),(20,'checkout','0005_auto_20141030_1902','2014-10-30 19:02:26'),(21,'checkout','0006_auto_20141030_1904','2014-10-30 19:04:31'),(22,'offer','0004_auto_20141031_1548','2014-10-31 15:48:52'),(23,'checkout','0007_auto_20141104_1914','2014-11-04 19:14:34'),(24,'checkout','0008_auto_20141105_1105','2014-11-05 11:05:21'),(25,'offer','0005_offer_shipping','2014-11-05 14:03:21');
/*!40000 ALTER TABLE `django_migrations` ENABLE KEYS */;
UNLOCK TABLES;

--
-- Table structure for table `django_session`
--

DROP TABLE IF EXISTS `django_session`;
/*!40101 SET @saved_cs_client     = @@character_set_client */;
/*!40101 SET character_set_client = utf8 */;
CREATE TABLE `django_session` (
  `session_key` varchar(40) NOT NULL,
  `session_data` longtext NOT NULL,
  `expire_date` datetime NOT NULL,
  PRIMARY KEY (`session_key`),
  KEY `django_session_de54fa62` (`expire_date`)
) ENGINE=InnoDB DEFAULT CHARSET=utf8;
/*!40101 SET character_set_client = @saved_cs_client */;

--
-- Dumping data for table `django_session`
--

LOCK TABLES `django_session` WRITE;
/*!40000 ALTER TABLE `django_session` DISABLE KEYS */;
INSERT INTO `django_session` VALUES ('008gxft2lu8yqjpfxn9ghgdqb7g902dc','MzAxM2I1ZjcyN2QwMjczMTU2MGQxOGQ5NTZmNjgyOGY0ZWZjYmRiODp7ImNpdGllcyI6W3siaWQiOjEsIm5hbWUiOiJPbGluZGEifSx7ImlkIjoyLCJuYW1lIjoiUmVjaWZlIn0seyJpZCI6MywibmFtZSI6IkNhbWFyYWdpYmUifSx7ImlkIjo0LCJuYW1lIjoiSmFib2F0XHUwMGUzbyBkb3MgR3VhcmFyYXBlcyJ9XX0=','2014-10-22 17:51:55'),('021dsuapmqdi0riewlxc1gif12yuph58','MzAxM2I1ZjcyN2QwMjczMTU2MGQxOGQ5NTZmNjgyOGY0ZWZjYmRiODp7ImNpdGllcyI6W3siaWQiOjEsIm5hbWUiOiJPbGluZGEifSx7ImlkIjoyLCJuYW1lIjoiUmVjaWZlIn0seyJpZCI6MywibmFtZSI6IkNhbWFyYWdpYmUifSx7ImlkIjo0LCJuYW1lIjoiSmFib2F0XHUwMGUzbyBkb3MgR3VhcmFyYXBlcyJ9XX0=','2014-10-27 22:46:28'),('03jtt45jab9khw1bsqoay0ou3v7zn6m7','YTY1MDE4ZWJlNWM4OGIxZjMwZmZjM2Q3OWIwNmY1OTQ0NWI5ZjAwNjp7ImNpdHkiOjQsImNpdGllcyI6W3siaWQiOjEsIm5hbWUiOiJPbGluZGEifSx7ImlkIjoyLCJuYW1lIjoiUmVjaWZlIn0seyJpZCI6MywibmFtZSI6IkNhbWFyYWdpYmUifSx7ImlkIjo0LCJuYW1lIjoiSmFib2F0XHUwMGUzbyBkb3MgR3VhcmFyYXBlcyJ9XSwidHlwZW9mZmVyIjoxfQ==','2014-10-15 11:55:56'),('03xpjzd0fftqi7cag0y5wzg0xl29xwrg','MzAxM2I1ZjcyN2QwMjczMTU2MGQxOGQ5NTZmNjgyOGY0ZWZjYmRiODp7ImNpdGllcyI6W3siaWQiOjEsIm5hbWUiOiJPbGluZGEifSx7ImlkIjoyLCJuYW1lIjoiUmVjaWZlIn0seyJpZCI6MywibmFtZSI6IkNhbWFyYWdpYmUifSx7ImlkIjo0LCJuYW1lIjoiSmFib2F0XHUwMGUzbyBkb3MgR3VhcmFyYXBlcyJ9XX0=','2014-10-23 17:40:31'),('04xr87ww86xw4qv0lme085709yz4wili','MzAxM2I1ZjcyN2QwMjczMTU2MGQxOGQ5NTZmNjgyOGY0ZWZjYmRiODp7ImNpdGllcyI6W3siaWQiOjEsIm5hbWUiOiJPbGluZGEifSx7ImlkIjoyLCJuYW1lIjoiUmVjaWZlIn0seyJpZCI6MywibmFtZSI6IkNhbWFyYWdpYmUifSx7ImlkIjo0LCJuYW1lIjoiSmFib2F0XHUwMGUzbyBkb3MgR3VhcmFyYXBlcyJ9XX0=','2014-10-24 19:44:40'),('08u0jrut87p1o1z0zuwfmhgh3ksze8ci','ZjcyMTljY2YwZDk2ODAzZjFmZDQ0NDg5M2E1NTg1Y2NlNjU2MDE5Njp7ImNpdHkiOjIsImNpdGllcyI6W3siaWQiOjEsIm5hbWUiOiJPbGluZGEifSx7ImlkIjoyLCJuYW1lIjoiUmVjaWZlIn0seyJpZCI6MywibmFtZSI6IkNhbWFyYWdpYmUifSx7ImlkIjo0LCJuYW1lIjoiSmFib2F0XHUwMGUzbyBkb3MgR3VhcmFyYXBlcyJ9XSwidHlwZW9mZmVyIjoyfQ==','2014-10-29 11:42:00'),('0co4eir5q18rzhcniol2zakf451wpbif','Njc2MDQzODVhYTk4ZGIzYWM3NjI0NTA5NzA1NDM5YTBhOGY4ZWQyNzp7Il9zZXNzaW9uX2V4cGlyeSI6MCwiY2l0aWVzIjpbeyJpZCI6MSwibmFtZSI6Ik9saW5kYSJ9LHsiaWQiOjIsIm5hbWUiOiJSZWNpZmUifSx7ImlkIjozLCJuYW1lIjoiQ2FtYXJhZ2liZSJ9LHsiaWQiOjQsIm5hbWUiOiJKYWJvYXRcdTAwZTNvIGRvcyBHdWFyYXJhcGVzIn1dLCJfYXV0aF91c2VyX2hhc2giOiJiOTc2YTA2MTVhZTgwMDAwMzQwMDQ0ZTJiOWM3ODQ2MmExNGUwNDQzIiwiX2F1dGhfdXNlcl9iYWNrZW5kIjoiYWNjb3VudC5iYWNrZW5kcy5BY2NvdW50c0JhY2tlbmQuQWNjb3VudHNCYWNrZW5kIiwiX2F1dGhfdXNlcl9pZCI6Mn0=','2014-10-24 19:43:34'),('0fou2tpvcwanup99pd1dn0py9r20ecp5','MzAxM2I1ZjcyN2QwMjczMTU2MGQxOGQ5NTZmNjgyOGY0ZWZjYmRiODp7ImNpdGllcyI6W3siaWQiOjEsIm5hbWUiOiJPbGluZGEifSx7ImlkIjoyLCJuYW1lIjoiUmVjaWZlIn0seyJpZCI6MywibmFtZSI6IkNhbWFyYWdpYmUifSx7ImlkIjo0LCJuYW1lIjoiSmFib2F0XHUwMGUzbyBkb3MgR3VhcmFyYXBlcyJ9XX0=','2014-10-27 16:37:47'),('0g2tj905oqs7zs7ks9cifpm4kwahybk6','MzAxM2I1ZjcyN2QwMjczMTU2MGQxOGQ5NTZmNjgyOGY0ZWZjYmRiODp7ImNpdGllcyI6W3siaWQiOjEsIm5hbWUiOiJPbGluZGEifSx7ImlkIjoyLCJuYW1lIjoiUmVjaWZlIn0seyJpZCI6MywibmFtZSI6IkNhbWFyYWdpYmUifSx7ImlkIjo0LCJuYW1lIjoiSmFib2F0XHUwMGUzbyBkb3MgR3VhcmFyYXBlcyJ9XX0=','2014-10-23 18:01:30'),('0gli4jiusbesj492t0stfbz1ualotyi0','MzAxM2I1ZjcyN2QwMjczMTU2MGQxOGQ5NTZmNjgyOGY0ZWZjYmRiODp7ImNpdGllcyI6W3siaWQiOjEsIm5hbWUiOiJPbGluZGEifSx7ImlkIjoyLCJuYW1lIjoiUmVjaWZlIn0seyJpZCI6MywibmFtZSI6IkNhbWFyYWdpYmUifSx7ImlkIjo0LCJuYW1lIjoiSmFib2F0XHUwMGUzbyBkb3MgR3VhcmFyYXBlcyJ9XX0=','2014-10-28 16:17:13'),('0h0stunkpamfxrzvue6ec7nfjfs2a85p','MzAxM2I1ZjcyN2QwMjczMTU2MGQxOGQ5NTZmNjgyOGY0ZWZjYmRiODp7ImNpdGllcyI6W3siaWQiOjEsIm5hbWUiOiJPbGluZGEifSx7ImlkIjoyLCJuYW1lIjoiUmVjaWZlIn0seyJpZCI6MywibmFtZSI6IkNhbWFyYWdpYmUifSx7ImlkIjo0LCJuYW1lIjoiSmFib2F0XHUwMGUzbyBkb3MgR3VhcmFyYXBlcyJ9XX0=','2014-10-22 17:52:09'),('0h1s0bdrar13vnsf4s4ye0xx0fk7ece3','MzAxM2I1ZjcyN2QwMjczMTU2MGQxOGQ5NTZmNjgyOGY0ZWZjYmRiODp7ImNpdGllcyI6W3siaWQiOjEsIm5hbWUiOiJPbGluZGEifSx7ImlkIjoyLCJuYW1lIjoiUmVjaWZlIn0seyJpZCI6MywibmFtZSI6IkNhbWFyYWdpYmUifSx7ImlkIjo0LCJuYW1lIjoiSmFib2F0XHUwMGUzbyBkb3MgR3VhcmFyYXBlcyJ9XX0=','2014-10-23 21:02:45'),('0h2kge5rk0kd0ji9286itbbxylicja5p','MzAxM2I1ZjcyN2QwMjczMTU2MGQxOGQ5NTZmNjgyOGY0ZWZjYmRiODp7ImNpdGllcyI6W3siaWQiOjEsIm5hbWUiOiJPbGluZGEifSx7ImlkIjoyLCJuYW1lIjoiUmVjaWZlIn0seyJpZCI6MywibmFtZSI6IkNhbWFyYWdpYmUifSx7ImlkIjo0LCJuYW1lIjoiSmFib2F0XHUwMGUzbyBkb3MgR3VhcmFyYXBlcyJ9XX0=','2014-10-23 18:16:06'),('0iegwd1ov2zwqwe9v9j331o2u09s1d48','MzAxM2I1ZjcyN2QwMjczMTU2MGQxOGQ5NTZmNjgyOGY0ZWZjYmRiODp7ImNpdGllcyI6W3siaWQiOjEsIm5hbWUiOiJPbGluZGEifSx7ImlkIjoyLCJuYW1lIjoiUmVjaWZlIn0seyJpZCI6MywibmFtZSI6IkNhbWFyYWdpYmUifSx7ImlkIjo0LCJuYW1lIjoiSmFib2F0XHUwMGUzbyBkb3MgR3VhcmFyYXBlcyJ9XX0=','2014-10-23 21:33:25'),('0jetud1vjl4vqfplmdtbwcn9dbif2zsv','MzAxM2I1ZjcyN2QwMjczMTU2MGQxOGQ5NTZmNjgyOGY0ZWZjYmRiODp7ImNpdGllcyI6W3siaWQiOjEsIm5hbWUiOiJPbGluZGEifSx7ImlkIjoyLCJuYW1lIjoiUmVjaWZlIn0seyJpZCI6MywibmFtZSI6IkNhbWFyYWdpYmUifSx7ImlkIjo0LCJuYW1lIjoiSmFib2F0XHUwMGUzbyBkb3MgR3VhcmFyYXBlcyJ9XX0=','2014-10-23 20:43:32'),('0ltgvnnb1d4km81xy41fgsu4v6ydhn93','MzAxM2I1ZjcyN2QwMjczMTU2MGQxOGQ5NTZmNjgyOGY0ZWZjYmRiODp7ImNpdGllcyI6W3siaWQiOjEsIm5hbWUiOiJPbGluZGEifSx7ImlkIjoyLCJuYW1lIjoiUmVjaWZlIn0seyJpZCI6MywibmFtZSI6IkNhbWFyYWdpYmUifSx7ImlkIjo0LCJuYW1lIjoiSmFib2F0XHUwMGUzbyBkb3MgR3VhcmFyYXBlcyJ9XX0=','2014-10-24 20:29:13'),('0mws0u5exqkndw55m0op2px628enn94v','MzAxM2I1ZjcyN2QwMjczMTU2MGQxOGQ5NTZmNjgyOGY0ZWZjYmRiODp7ImNpdGllcyI6W3siaWQiOjEsIm5hbWUiOiJPbGluZGEifSx7ImlkIjoyLCJuYW1lIjoiUmVjaWZlIn0seyJpZCI6MywibmFtZSI6IkNhbWFyYWdpYmUifSx7ImlkIjo0LCJuYW1lIjoiSmFib2F0XHUwMGUzbyBkb3MgR3VhcmFyYXBlcyJ9XX0=','2014-10-23 20:31:12'),('0pbsman2k5dv0qwlgl6w7xin8u9r0kmz','NjMxZDQ2MmJkYWRlNDgwMmZmNWRmYTAyMWE5MDYzMzUxMDdhYjUzNzp7InR5cGVvZmZlciI6Mn0=','2014-10-29 15:18:36'),('0peypc9g3hwplrng9psws8nwyoegulf2','MzAxM2I1ZjcyN2QwMjczMTU2MGQxOGQ5NTZmNjgyOGY0ZWZjYmRiODp7ImNpdGllcyI6W3siaWQiOjEsIm5hbWUiOiJPbGluZGEifSx7ImlkIjoyLCJuYW1lIjoiUmVjaWZlIn0seyJpZCI6MywibmFtZSI6IkNhbWFyYWdpYmUifSx7ImlkIjo0LCJuYW1lIjoiSmFib2F0XHUwMGUzbyBkb3MgR3VhcmFyYXBlcyJ9XX0=','2014-10-23 21:33:43'),('0thyivftrox5t5ba7ur7o7ta91ecetmr','MzAxM2I1ZjcyN2QwMjczMTU2MGQxOGQ5NTZmNjgyOGY0ZWZjYmRiODp7ImNpdGllcyI6W3siaWQiOjEsIm5hbWUiOiJPbGluZGEifSx7ImlkIjoyLCJuYW1lIjoiUmVjaWZlIn0seyJpZCI6MywibmFtZSI6IkNhbWFyYWdpYmUifSx7ImlkIjo0LCJuYW1lIjoiSmFib2F0XHUwMGUzbyBkb3MgR3VhcmFyYXBlcyJ9XX0=','2014-10-23 21:34:06'),('0uoa89pac5lygzc1ti8owoiy4cv3rsbw','MzAxM2I1ZjcyN2QwMjczMTU2MGQxOGQ5NTZmNjgyOGY0ZWZjYmRiODp7ImNpdGllcyI6W3siaWQiOjEsIm5hbWUiOiJPbGluZGEifSx7ImlkIjoyLCJuYW1lIjoiUmVjaWZlIn0seyJpZCI6MywibmFtZSI6IkNhbWFyYWdpYmUifSx7ImlkIjo0LCJuYW1lIjoiSmFib2F0XHUwMGUzbyBkb3MgR3VhcmFyYXBlcyJ9XX0=','2014-10-23 21:53:52'),('0v9ae167b4kjznbw1cncaccnxyigfxax','MzAxM2I1ZjcyN2QwMjczMTU2MGQxOGQ5NTZmNjgyOGY0ZWZjYmRiODp7ImNpdGllcyI6W3siaWQiOjEsIm5hbWUiOiJPbGluZGEifSx7ImlkIjoyLCJuYW1lIjoiUmVjaWZlIn0seyJpZCI6MywibmFtZSI6IkNhbWFyYWdpYmUifSx7ImlkIjo0LCJuYW1lIjoiSmFib2F0XHUwMGUzbyBkb3MgR3VhcmFyYXBlcyJ9XX0=','2014-10-24 19:38:50'),('0vcge992dkgzsevxttk7v48vugf67pzo','YTY4YzBiMWJkNGJhNGZkNjQ1YTY2ZjE0YTQxMTExNjVhYjkyZDExNjp7ImNpdHkiOjIsImNpdGllcyI6W3siaWQiOjEsIm5hbWUiOiJPbGluZGEifSx7ImlkIjoyLCJuYW1lIjoiUmVjaWZlIn0seyJpZCI6MywibmFtZSI6IkNhbWFyYWdpYmUifSx7ImlkIjo0LCJuYW1lIjoiSmFib2F0XHUwMGUzbyBkb3MgR3VhcmFyYXBlcyJ9XSwidHlwZW9mZmVyIjoxfQ==','2014-10-29 11:28:26'),('0wx02uwtk9geov5gx8n4uswu3joks56x','MzAxM2I1ZjcyN2QwMjczMTU2MGQxOGQ5NTZmNjgyOGY0ZWZjYmRiODp7ImNpdGllcyI6W3siaWQiOjEsIm5hbWUiOiJPbGluZGEifSx7ImlkIjoyLCJuYW1lIjoiUmVjaWZlIn0seyJpZCI6MywibmFtZSI6IkNhbWFyYWdpYmUifSx7ImlkIjo0LCJuYW1lIjoiSmFib2F0XHUwMGUzbyBkb3MgR3VhcmFyYXBlcyJ9XX0=','2014-10-22 15:39:16'),('0zqu5wjyuz71g4ngl6r2s7mpyvo3qvp4','MzAxM2I1ZjcyN2QwMjczMTU2MGQxOGQ5NTZmNjgyOGY0ZWZjYmRiODp7ImNpdGllcyI6W3siaWQiOjEsIm5hbWUiOiJPbGluZGEifSx7ImlkIjoyLCJuYW1lIjoiUmVjaWZlIn0seyJpZCI6MywibmFtZSI6IkNhbWFyYWdpYmUifSx7ImlkIjo0LCJuYW1lIjoiSmFib2F0XHUwMGUzbyBkb3MgR3VhcmFyYXBlcyJ9XX0=','2014-10-22 18:22:22'),('10xe8hymb3tx230cdmn671nvvq5yw6nr','YTY4YzBiMWJkNGJhNGZkNjQ1YTY2ZjE0YTQxMTExNjVhYjkyZDExNjp7ImNpdHkiOjIsImNpdGllcyI6W3siaWQiOjEsIm5hbWUiOiJPbGluZGEifSx7ImlkIjoyLCJuYW1lIjoiUmVjaWZlIn0seyJpZCI6MywibmFtZSI6IkNhbWFyYWdpYmUifSx7ImlkIjo0LCJuYW1lIjoiSmFib2F0XHUwMGUzbyBkb3MgR3VhcmFyYXBlcyJ9XSwidHlwZW9mZmVyIjoxfQ==','2014-10-29 11:29:38'),('122opc8wn77pruvrrne3909v6y6zv7rn','MzAxM2I1ZjcyN2QwMjczMTU2MGQxOGQ5NTZmNjgyOGY0ZWZjYmRiODp7ImNpdGllcyI6W3siaWQiOjEsIm5hbWUiOiJPbGluZGEifSx7ImlkIjoyLCJuYW1lIjoiUmVjaWZlIn0seyJpZCI6MywibmFtZSI6IkNhbWFyYWdpYmUifSx7ImlkIjo0LCJuYW1lIjoiSmFib2F0XHUwMGUzbyBkb3MgR3VhcmFyYXBlcyJ9XX0=','2014-10-23 17:40:29'),('12l5l2phn36s693jk0qp3gfbl5iuxzyi','YTY4YzBiMWJkNGJhNGZkNjQ1YTY2ZjE0YTQxMTExNjVhYjkyZDExNjp7ImNpdHkiOjIsImNpdGllcyI6W3siaWQiOjEsIm5hbWUiOiJPbGluZGEifSx7ImlkIjoyLCJuYW1lIjoiUmVjaWZlIn0seyJpZCI6MywibmFtZSI6IkNhbWFyYWdpYmUifSx7ImlkIjo0LCJuYW1lIjoiSmFib2F0XHUwMGUzbyBkb3MgR3VhcmFyYXBlcyJ9XSwidHlwZW9mZmVyIjoxfQ==','2014-10-29 11:29:38'),('15utrrxxhcq4t0zzvpm1m1lftokczywn','NWVmODRiM2M5MGY2ZDBiN2Y0N2I3OTNiYTZiYjI2NzIwMzBlMjkwODp7fQ==','2014-10-02 00:48:23'),('17s1qe2d57f3du4bbcw2bekfbmgebds5','MzAxM2I1ZjcyN2QwMjczMTU2MGQxOGQ5NTZmNjgyOGY0ZWZjYmRiODp7ImNpdGllcyI6W3siaWQiOjEsIm5hbWUiOiJPbGluZGEifSx7ImlkIjoyLCJuYW1lIjoiUmVjaWZlIn0seyJpZCI6MywibmFtZSI6IkNhbWFyYWdpYmUifSx7ImlkIjo0LCJuYW1lIjoiSmFib2F0XHUwMGUzbyBkb3MgR3VhcmFyYXBlcyJ9XX0=','2014-10-22 18:34:12'),('188f2m6efx9s6384mq5bh6uhx2g0hi2x','YTY4YzBiMWJkNGJhNGZkNjQ1YTY2ZjE0YTQxMTExNjVhYjkyZDExNjp7ImNpdHkiOjIsImNpdGllcyI6W3siaWQiOjEsIm5hbWUiOiJPbGluZGEifSx7ImlkIjoyLCJuYW1lIjoiUmVjaWZlIn0seyJpZCI6MywibmFtZSI6IkNhbWFyYWdpYmUifSx7ImlkIjo0LCJuYW1lIjoiSmFib2F0XHUwMGUzbyBkb3MgR3VhcmFyYXBlcyJ9XSwidHlwZW9mZmVyIjoxfQ==','2014-10-29 11:29:38'),('18d627bkd7tevbqany0s2ofbqt0j7zav','MzAxM2I1ZjcyN2QwMjczMTU2MGQxOGQ5NTZmNjgyOGY0ZWZjYmRiODp7ImNpdGllcyI6W3siaWQiOjEsIm5hbWUiOiJPbGluZGEifSx7ImlkIjoyLCJuYW1lIjoiUmVjaWZlIn0seyJpZCI6MywibmFtZSI6IkNhbWFyYWdpYmUifSx7ImlkIjo0LCJuYW1lIjoiSmFib2F0XHUwMGUzbyBkb3MgR3VhcmFyYXBlcyJ9XX0=','2014-10-24 19:45:07'),('1a595ublj6szr2u3hvbrizxe95fyk5tn','MzAxM2I1ZjcyN2QwMjczMTU2MGQxOGQ5NTZmNjgyOGY0ZWZjYmRiODp7ImNpdGllcyI6W3siaWQiOjEsIm5hbWUiOiJPbGluZGEifSx7ImlkIjoyLCJuYW1lIjoiUmVjaWZlIn0seyJpZCI6MywibmFtZSI6IkNhbWFyYWdpYmUifSx7ImlkIjo0LCJuYW1lIjoiSmFib2F0XHUwMGUzbyBkb3MgR3VhcmFyYXBlcyJ9XX0=','2014-10-22 21:12:43'),('1flh3a90gof8pumr7zqp3kghn3xure7t','MzAxM2I1ZjcyN2QwMjczMTU2MGQxOGQ5NTZmNjgyOGY0ZWZjYmRiODp7ImNpdGllcyI6W3siaWQiOjEsIm5hbWUiOiJPbGluZGEifSx7ImlkIjoyLCJuYW1lIjoiUmVjaWZlIn0seyJpZCI6MywibmFtZSI6IkNhbWFyYWdpYmUifSx7ImlkIjo0LCJuYW1lIjoiSmFib2F0XHUwMGUzbyBkb3MgR3VhcmFyYXBlcyJ9XX0=','2014-10-22 20:57:11'),('1j13vhbgexash4za3tjhlu9b8rw32180','MzAxM2I1ZjcyN2QwMjczMTU2MGQxOGQ5NTZmNjgyOGY0ZWZjYmRiODp7ImNpdGllcyI6W3siaWQiOjEsIm5hbWUiOiJPbGluZGEifSx7ImlkIjoyLCJuYW1lIjoiUmVjaWZlIn0seyJpZCI6MywibmFtZSI6IkNhbWFyYWdpYmUifSx7ImlkIjo0LCJuYW1lIjoiSmFib2F0XHUwMGUzbyBkb3MgR3VhcmFyYXBlcyJ9XX0=','2014-10-24 20:24:30'),('1lsab5oqsj7r9dgy07oqndxealx7zlhk','YTY4YzBiMWJkNGJhNGZkNjQ1YTY2ZjE0YTQxMTExNjVhYjkyZDExNjp7ImNpdHkiOjIsImNpdGllcyI6W3siaWQiOjEsIm5hbWUiOiJPbGluZGEifSx7ImlkIjoyLCJuYW1lIjoiUmVjaWZlIn0seyJpZCI6MywibmFtZSI6IkNhbWFyYWdpYmUifSx7ImlkIjo0LCJuYW1lIjoiSmFib2F0XHUwMGUzbyBkb3MgR3VhcmFyYXBlcyJ9XSwidHlwZW9mZmVyIjoxfQ==','2014-10-29 11:32:56'),('1qhi23ebycjz10ktyge7n5rmcfxupyhm','YTY4YzBiMWJkNGJhNGZkNjQ1YTY2ZjE0YTQxMTExNjVhYjkyZDExNjp7ImNpdHkiOjIsImNpdGllcyI6W3siaWQiOjEsIm5hbWUiOiJPbGluZGEifSx7ImlkIjoyLCJuYW1lIjoiUmVjaWZlIn0seyJpZCI6MywibmFtZSI6IkNhbWFyYWdpYmUifSx7ImlkIjo0LCJuYW1lIjoiSmFib2F0XHUwMGUzbyBkb3MgR3VhcmFyYXBlcyJ9XSwidHlwZW9mZmVyIjoxfQ==','2014-10-29 14:24:41'),('1qy4sxyluzt5nv8ybdgr5w9w70mzjwne','MzAxM2I1ZjcyN2QwMjczMTU2MGQxOGQ5NTZmNjgyOGY0ZWZjYmRiODp7ImNpdGllcyI6W3siaWQiOjEsIm5hbWUiOiJPbGluZGEifSx7ImlkIjoyLCJuYW1lIjoiUmVjaWZlIn0seyJpZCI6MywibmFtZSI6IkNhbWFyYWdpYmUifSx7ImlkIjo0LCJuYW1lIjoiSmFib2F0XHUwMGUzbyBkb3MgR3VhcmFyYXBlcyJ9XX0=','2014-10-23 18:12:20'),('1u6e88qu4vko5ib7guwwzmzahawzkv6p','YTY4YzBiMWJkNGJhNGZkNjQ1YTY2ZjE0YTQxMTExNjVhYjkyZDExNjp7ImNpdHkiOjIsImNpdGllcyI6W3siaWQiOjEsIm5hbWUiOiJPbGluZGEifSx7ImlkIjoyLCJuYW1lIjoiUmVjaWZlIn0seyJpZCI6MywibmFtZSI6IkNhbWFyYWdpYmUifSx7ImlkIjo0LCJuYW1lIjoiSmFib2F0XHUwMGUzbyBkb3MgR3VhcmFyYXBlcyJ9XSwidHlwZW9mZmVyIjoxfQ==','2014-10-29 14:23:58'),('1uno9pqj5wb7urulmcj9s4s15qcbzncy','MzAxM2I1ZjcyN2QwMjczMTU2MGQxOGQ5NTZmNjgyOGY0ZWZjYmRiODp7ImNpdGllcyI6W3siaWQiOjEsIm5hbWUiOiJPbGluZGEifSx7ImlkIjoyLCJuYW1lIjoiUmVjaWZlIn0seyJpZCI6MywibmFtZSI6IkNhbWFyYWdpYmUifSx7ImlkIjo0LCJuYW1lIjoiSmFib2F0XHUwMGUzbyBkb3MgR3VhcmFyYXBlcyJ9XX0=','2014-10-27 16:58:54'),('1zrwmfln7vxzawddcp7yldc6soorwfxb','MzAxM2I1ZjcyN2QwMjczMTU2MGQxOGQ5NTZmNjgyOGY0ZWZjYmRiODp7ImNpdGllcyI6W3siaWQiOjEsIm5hbWUiOiJPbGluZGEifSx7ImlkIjoyLCJuYW1lIjoiUmVjaWZlIn0seyJpZCI6MywibmFtZSI6IkNhbWFyYWdpYmUifSx7ImlkIjo0LCJuYW1lIjoiSmFib2F0XHUwMGUzbyBkb3MgR3VhcmFyYXBlcyJ9XX0=','2014-10-27 20:39:10'),('203jktlznm0u4oswzcv9ccfos4uis9n4','YTY4YzBiMWJkNGJhNGZkNjQ1YTY2ZjE0YTQxMTExNjVhYjkyZDExNjp7ImNpdHkiOjIsImNpdGllcyI6W3siaWQiOjEsIm5hbWUiOiJPbGluZGEifSx7ImlkIjoyLCJuYW1lIjoiUmVjaWZlIn0seyJpZCI6MywibmFtZSI6IkNhbWFyYWdpYmUifSx7ImlkIjo0LCJuYW1lIjoiSmFib2F0XHUwMGUzbyBkb3MgR3VhcmFyYXBlcyJ9XSwidHlwZW9mZmVyIjoxfQ==','2014-10-29 11:17:23'),('20ciqkrc8vawhmeo4gupq46196evo5gx','MzAxM2I1ZjcyN2QwMjczMTU2MGQxOGQ5NTZmNjgyOGY0ZWZjYmRiODp7ImNpdGllcyI6W3siaWQiOjEsIm5hbWUiOiJPbGluZGEifSx7ImlkIjoyLCJuYW1lIjoiUmVjaWZlIn0seyJpZCI6MywibmFtZSI6IkNhbWFyYWdpYmUifSx7ImlkIjo0LCJuYW1lIjoiSmFib2F0XHUwMGUzbyBkb3MgR3VhcmFyYXBlcyJ9XX0=','2014-10-24 19:44:06'),('221ouel13e3honss7lj169ars3yjq5xs','MzAxM2I1ZjcyN2QwMjczMTU2MGQxOGQ5NTZmNjgyOGY0ZWZjYmRiODp7ImNpdGllcyI6W3siaWQiOjEsIm5hbWUiOiJPbGluZGEifSx7ImlkIjoyLCJuYW1lIjoiUmVjaWZlIn0seyJpZCI6MywibmFtZSI6IkNhbWFyYWdpYmUifSx7ImlkIjo0LCJuYW1lIjoiSmFib2F0XHUwMGUzbyBkb3MgR3VhcmFyYXBlcyJ9XX0=','2014-10-23 18:16:06'),('23cmpkkyf5vuwt7m5yhz42vbfd0h0y9o','MzAxM2I1ZjcyN2QwMjczMTU2MGQxOGQ5NTZmNjgyOGY0ZWZjYmRiODp7ImNpdGllcyI6W3siaWQiOjEsIm5hbWUiOiJPbGluZGEifSx7ImlkIjoyLCJuYW1lIjoiUmVjaWZlIn0seyJpZCI6MywibmFtZSI6IkNhbWFyYWdpYmUifSx7ImlkIjo0LCJuYW1lIjoiSmFib2F0XHUwMGUzbyBkb3MgR3VhcmFyYXBlcyJ9XX0=','2014-10-27 20:51:49'),('24ynzcu77duofh62dj6zu45hqgvclvoz','MzAxM2I1ZjcyN2QwMjczMTU2MGQxOGQ5NTZmNjgyOGY0ZWZjYmRiODp7ImNpdGllcyI6W3siaWQiOjEsIm5hbWUiOiJPbGluZGEifSx7ImlkIjoyLCJuYW1lIjoiUmVjaWZlIn0seyJpZCI6MywibmFtZSI6IkNhbWFyYWdpYmUifSx7ImlkIjo0LCJuYW1lIjoiSmFib2F0XHUwMGUzbyBkb3MgR3VhcmFyYXBlcyJ9XX0=','2014-10-24 19:34:48'),('25j3vvmaputk6xqmyszrx387at3ma5xh','MzAxM2I1ZjcyN2QwMjczMTU2MGQxOGQ5NTZmNjgyOGY0ZWZjYmRiODp7ImNpdGllcyI6W3siaWQiOjEsIm5hbWUiOiJPbGluZGEifSx7ImlkIjoyLCJuYW1lIjoiUmVjaWZlIn0seyJpZCI6MywibmFtZSI6IkNhbWFyYWdpYmUifSx7ImlkIjo0LCJuYW1lIjoiSmFib2F0XHUwMGUzbyBkb3MgR3VhcmFyYXBlcyJ9XX0=','2014-10-24 19:43:48'),('25m0474eztji3p3z6gd3n2ef4y3a2nys','MzAxM2I1ZjcyN2QwMjczMTU2MGQxOGQ5NTZmNjgyOGY0ZWZjYmRiODp7ImNpdGllcyI6W3siaWQiOjEsIm5hbWUiOiJPbGluZGEifSx7ImlkIjoyLCJuYW1lIjoiUmVjaWZlIn0seyJpZCI6MywibmFtZSI6IkNhbWFyYWdpYmUifSx7ImlkIjo0LCJuYW1lIjoiSmFib2F0XHUwMGUzbyBkb3MgR3VhcmFyYXBlcyJ9XX0=','2014-10-24 19:39:37'),('266juv280mfl4olveka69m0az5vvrj2d','MzAxM2I1ZjcyN2QwMjczMTU2MGQxOGQ5NTZmNjgyOGY0ZWZjYmRiODp7ImNpdGllcyI6W3siaWQiOjEsIm5hbWUiOiJPbGluZGEifSx7ImlkIjoyLCJuYW1lIjoiUmVjaWZlIn0seyJpZCI6MywibmFtZSI6IkNhbWFyYWdpYmUifSx7ImlkIjo0LCJuYW1lIjoiSmFib2F0XHUwMGUzbyBkb3MgR3VhcmFyYXBlcyJ9XX0=','2014-10-28 16:20:27'),('26uvmfxqznk3uuxyrbmxhckbzdzk5n47','MzAxM2I1ZjcyN2QwMjczMTU2MGQxOGQ5NTZmNjgyOGY0ZWZjYmRiODp7ImNpdGllcyI6W3siaWQiOjEsIm5hbWUiOiJPbGluZGEifSx7ImlkIjoyLCJuYW1lIjoiUmVjaWZlIn0seyJpZCI6MywibmFtZSI6IkNhbWFyYWdpYmUifSx7ImlkIjo0LCJuYW1lIjoiSmFib2F0XHUwMGUzbyBkb3MgR3VhcmFyYXBlcyJ9XX0=','2014-10-23 21:34:26'),('27vsstdi5wk67d1yinflaquvqmzjkcj1','YTY4YzBiMWJkNGJhNGZkNjQ1YTY2ZjE0YTQxMTExNjVhYjkyZDExNjp7ImNpdHkiOjIsImNpdGllcyI6W3siaWQiOjEsIm5hbWUiOiJPbGluZGEifSx7ImlkIjoyLCJuYW1lIjoiUmVjaWZlIn0seyJpZCI6MywibmFtZSI6IkNhbWFyYWdpYmUifSx7ImlkIjo0LCJuYW1lIjoiSmFib2F0XHUwMGUzbyBkb3MgR3VhcmFyYXBlcyJ9XSwidHlwZW9mZmVyIjoxfQ==','2014-10-15 11:55:37'),('28nvru9tlc0k0x5znnpadzy5gfks7qho','YTY4YzBiMWJkNGJhNGZkNjQ1YTY2ZjE0YTQxMTExNjVhYjkyZDExNjp7ImNpdHkiOjIsImNpdGllcyI6W3siaWQiOjEsIm5hbWUiOiJPbGluZGEifSx7ImlkIjoyLCJuYW1lIjoiUmVjaWZlIn0seyJpZCI6MywibmFtZSI6IkNhbWFyYWdpYmUifSx7ImlkIjo0LCJuYW1lIjoiSmFib2F0XHUwMGUzbyBkb3MgR3VhcmFyYXBlcyJ9XSwidHlwZW9mZmVyIjoxfQ==','2014-10-29 11:31:02'),('2aj7y762og2j5iym7m8fv9x2zoy2bq3i','MzAxM2I1ZjcyN2QwMjczMTU2MGQxOGQ5NTZmNjgyOGY0ZWZjYmRiODp7ImNpdGllcyI6W3siaWQiOjEsIm5hbWUiOiJPbGluZGEifSx7ImlkIjoyLCJuYW1lIjoiUmVjaWZlIn0seyJpZCI6MywibmFtZSI6IkNhbWFyYWdpYmUifSx7ImlkIjo0LCJuYW1lIjoiSmFib2F0XHUwMGUzbyBkb3MgR3VhcmFyYXBlcyJ9XX0=','2014-10-24 20:23:57'),('2cp54nsu9mlitr36g1qcr4et9w83wmxt','MzAxM2I1ZjcyN2QwMjczMTU2MGQxOGQ5NTZmNjgyOGY0ZWZjYmRiODp7ImNpdGllcyI6W3siaWQiOjEsIm5hbWUiOiJPbGluZGEifSx7ImlkIjoyLCJuYW1lIjoiUmVjaWZlIn0seyJpZCI6MywibmFtZSI6IkNhbWFyYWdpYmUifSx7ImlkIjo0LCJuYW1lIjoiSmFib2F0XHUwMGUzbyBkb3MgR3VhcmFyYXBlcyJ9XX0=','2014-10-24 20:32:46'),('2fe0b7bfm3229901ul54zki4ynv71ahr','MzAxM2I1ZjcyN2QwMjczMTU2MGQxOGQ5NTZmNjgyOGY0ZWZjYmRiODp7ImNpdGllcyI6W3siaWQiOjEsIm5hbWUiOiJPbGluZGEifSx7ImlkIjoyLCJuYW1lIjoiUmVjaWZlIn0seyJpZCI6MywibmFtZSI6IkNhbWFyYWdpYmUifSx7ImlkIjo0LCJuYW1lIjoiSmFib2F0XHUwMGUzbyBkb3MgR3VhcmFyYXBlcyJ9XX0=','2014-10-24 19:18:36'),('2fiiy9siffdz80f193xl81ilapm8xfss','MzAxM2I1ZjcyN2QwMjczMTU2MGQxOGQ5NTZmNjgyOGY0ZWZjYmRiODp7ImNpdGllcyI6W3siaWQiOjEsIm5hbWUiOiJPbGluZGEifSx7ImlkIjoyLCJuYW1lIjoiUmVjaWZlIn0seyJpZCI6MywibmFtZSI6IkNhbWFyYWdpYmUifSx7ImlkIjo0LCJuYW1lIjoiSmFib2F0XHUwMGUzbyBkb3MgR3VhcmFyYXBlcyJ9XX0=','2014-10-24 20:29:25'),('2fsxr6ucl22rzaj2awm2rcmhus0bv4e5','MzAxM2I1ZjcyN2QwMjczMTU2MGQxOGQ5NTZmNjgyOGY0ZWZjYmRiODp7ImNpdGllcyI6W3siaWQiOjEsIm5hbWUiOiJPbGluZGEifSx7ImlkIjoyLCJuYW1lIjoiUmVjaWZlIn0seyJpZCI6MywibmFtZSI6IkNhbWFyYWdpYmUifSx7ImlkIjo0LCJuYW1lIjoiSmFib2F0XHUwMGUzbyBkb3MgR3VhcmFyYXBlcyJ9XX0=','2014-10-27 20:32:32'),('2hl3pwlwguyxw1t47lzawammgv60b862','YzAzMzhmMzcxMTk5ZDlhYmNiMDQ0MmJlMWY3NjdmMzliZDhhY2Y0MTp7ImNpdHkiOjIsIl9hdXRoX3VzZXJfaGFzaCI6ImMxYTg1OTFmMTFlYzc0NjJkZTFhNDBmMzc2NjA3NTY4ODIyOGE0ZmMiLCJfYXV0aF91c2VyX2lkIjoxLCJfYXV0aF91c2VyX2JhY2tlbmQiOiJkamFuZ28uY29udHJpYi5hdXRoLmJhY2tlbmRzLk1vZGVsQmFja2VuZCIsInR5cGVvZmZlciI6MSwiY2l0aWVzIjpbeyJpZCI6MSwibmFtZSI6Ik9saW5kYSJ9LHsiaWQiOjIsIm5hbWUiOiJSZWNpZmUifSx7ImlkIjozLCJuYW1lIjoiQ2FtYXJhZ2liZSJ9LHsiaWQiOjQsIm5hbWUiOiJKYWJvYXRcdTAwZTNvIGRvcyBHdWFyYXJhcGVzIn1dfQ==','2014-11-11 17:06:38'),('2ikyxm4cigubhz3gqi6lcsar31el4oaw','MzAxM2I1ZjcyN2QwMjczMTU2MGQxOGQ5NTZmNjgyOGY0ZWZjYmRiODp7ImNpdGllcyI6W3siaWQiOjEsIm5hbWUiOiJPbGluZGEifSx7ImlkIjoyLCJuYW1lIjoiUmVjaWZlIn0seyJpZCI6MywibmFtZSI6IkNhbWFyYWdpYmUifSx7ImlkIjo0LCJuYW1lIjoiSmFib2F0XHUwMGUzbyBkb3MgR3VhcmFyYXBlcyJ9XX0=','2014-10-22 18:30:09'),('2kdf784go11q9kypbaj3f9kh3udjobce','MzAxM2I1ZjcyN2QwMjczMTU2MGQxOGQ5NTZmNjgyOGY0ZWZjYmRiODp7ImNpdGllcyI6W3siaWQiOjEsIm5hbWUiOiJPbGluZGEifSx7ImlkIjoyLCJuYW1lIjoiUmVjaWZlIn0seyJpZCI6MywibmFtZSI6IkNhbWFyYWdpYmUifSx7ImlkIjo0LCJuYW1lIjoiSmFib2F0XHUwMGUzbyBkb3MgR3VhcmFyYXBlcyJ9XX0=','2014-10-22 15:27:55'),('2nj7me2650qr7yz5vhp8fcu621iqgx4u','MzAxM2I1ZjcyN2QwMjczMTU2MGQxOGQ5NTZmNjgyOGY0ZWZjYmRiODp7ImNpdGllcyI6W3siaWQiOjEsIm5hbWUiOiJPbGluZGEifSx7ImlkIjoyLCJuYW1lIjoiUmVjaWZlIn0seyJpZCI6MywibmFtZSI6IkNhbWFyYWdpYmUifSx7ImlkIjo0LCJuYW1lIjoiSmFib2F0XHUwMGUzbyBkb3MgR3VhcmFyYXBlcyJ9XX0=','2014-10-23 21:02:45'),('2omlelt4sm85j1gppe94qpnmnpvrxvfj','MzAxM2I1ZjcyN2QwMjczMTU2MGQxOGQ5NTZmNjgyOGY0ZWZjYmRiODp7ImNpdGllcyI6W3siaWQiOjEsIm5hbWUiOiJPbGluZGEifSx7ImlkIjoyLCJuYW1lIjoiUmVjaWZlIn0seyJpZCI6MywibmFtZSI6IkNhbWFyYWdpYmUifSx7ImlkIjo0LCJuYW1lIjoiSmFib2F0XHUwMGUzbyBkb3MgR3VhcmFyYXBlcyJ9XX0=','2014-10-23 20:48:00'),('2ou58pz7zihp0gukjwc10g04sasu9vi0','YTY4YzBiMWJkNGJhNGZkNjQ1YTY2ZjE0YTQxMTExNjVhYjkyZDExNjp7ImNpdHkiOjIsImNpdGllcyI6W3siaWQiOjEsIm5hbWUiOiJPbGluZGEifSx7ImlkIjoyLCJuYW1lIjoiUmVjaWZlIn0seyJpZCI6MywibmFtZSI6IkNhbWFyYWdpYmUifSx7ImlkIjo0LCJuYW1lIjoiSmFib2F0XHUwMGUzbyBkb3MgR3VhcmFyYXBlcyJ9XSwidHlwZW9mZmVyIjoxfQ==','2014-10-29 11:13:43'),('2phdos3xw4sdr3zndemy138y3q50tn10','MzAxM2I1ZjcyN2QwMjczMTU2MGQxOGQ5NTZmNjgyOGY0ZWZjYmRiODp7ImNpdGllcyI6W3siaWQiOjEsIm5hbWUiOiJPbGluZGEifSx7ImlkIjoyLCJuYW1lIjoiUmVjaWZlIn0seyJpZCI6MywibmFtZSI6IkNhbWFyYWdpYmUifSx7ImlkIjo0LCJuYW1lIjoiSmFib2F0XHUwMGUzbyBkb3MgR3VhcmFyYXBlcyJ9XX0=','2014-10-22 17:52:30'),('2r9vhusdjdzl4j596vu6kc7rdft36id7','MzAxM2I1ZjcyN2QwMjczMTU2MGQxOGQ5NTZmNjgyOGY0ZWZjYmRiODp7ImNpdGllcyI6W3siaWQiOjEsIm5hbWUiOiJPbGluZGEifSx7ImlkIjoyLCJuYW1lIjoiUmVjaWZlIn0seyJpZCI6MywibmFtZSI6IkNhbWFyYWdpYmUifSx7ImlkIjo0LCJuYW1lIjoiSmFib2F0XHUwMGUzbyBkb3MgR3VhcmFyYXBlcyJ9XX0=','2014-10-24 19:32:58'),('2sg3e32kq2safkq4jc8pgc9bu8rqncvj','MzAxM2I1ZjcyN2QwMjczMTU2MGQxOGQ5NTZmNjgyOGY0ZWZjYmRiODp7ImNpdGllcyI6W3siaWQiOjEsIm5hbWUiOiJPbGluZGEifSx7ImlkIjoyLCJuYW1lIjoiUmVjaWZlIn0seyJpZCI6MywibmFtZSI6IkNhbWFyYWdpYmUifSx7ImlkIjo0LCJuYW1lIjoiSmFib2F0XHUwMGUzbyBkb3MgR3VhcmFyYXBlcyJ9XX0=','2014-10-23 20:59:21'),('2ssjcq5id8j73gvaxgxgrriswuhxmm4p','MzAxM2I1ZjcyN2QwMjczMTU2MGQxOGQ5NTZmNjgyOGY0ZWZjYmRiODp7ImNpdGllcyI6W3siaWQiOjEsIm5hbWUiOiJPbGluZGEifSx7ImlkIjoyLCJuYW1lIjoiUmVjaWZlIn0seyJpZCI6MywibmFtZSI6IkNhbWFyYWdpYmUifSx7ImlkIjo0LCJuYW1lIjoiSmFib2F0XHUwMGUzbyBkb3MgR3VhcmFyYXBlcyJ9XX0=','2014-10-22 18:40:51'),('2t3u4877zea00ogtzc0ndjkdllhtlzxv','MzAxM2I1ZjcyN2QwMjczMTU2MGQxOGQ5NTZmNjgyOGY0ZWZjYmRiODp7ImNpdGllcyI6W3siaWQiOjEsIm5hbWUiOiJPbGluZGEifSx7ImlkIjoyLCJuYW1lIjoiUmVjaWZlIn0seyJpZCI6MywibmFtZSI6IkNhbWFyYWdpYmUifSx7ImlkIjo0LCJuYW1lIjoiSmFib2F0XHUwMGUzbyBkb3MgR3VhcmFyYXBlcyJ9XX0=','2014-10-22 15:34:39'),('2t4vampand6vf4ij5lffpxx9zoyeozxa','MzAxM2I1ZjcyN2QwMjczMTU2MGQxOGQ5NTZmNjgyOGY0ZWZjYmRiODp7ImNpdGllcyI6W3siaWQiOjEsIm5hbWUiOiJPbGluZGEifSx7ImlkIjoyLCJuYW1lIjoiUmVjaWZlIn0seyJpZCI6MywibmFtZSI6IkNhbWFyYWdpYmUifSx7ImlkIjo0LCJuYW1lIjoiSmFib2F0XHUwMGUzbyBkb3MgR3VhcmFyYXBlcyJ9XX0=','2014-10-22 18:01:40'),('2twswhfxv9idkieubm3xt7yaevyhsw2x','MzAxM2I1ZjcyN2QwMjczMTU2MGQxOGQ5NTZmNjgyOGY0ZWZjYmRiODp7ImNpdGllcyI6W3siaWQiOjEsIm5hbWUiOiJPbGluZGEifSx7ImlkIjoyLCJuYW1lIjoiUmVjaWZlIn0seyJpZCI6MywibmFtZSI6IkNhbWFyYWdpYmUifSx7ImlkIjo0LCJuYW1lIjoiSmFib2F0XHUwMGUzbyBkb3MgR3VhcmFyYXBlcyJ9XX0=','2014-10-22 15:37:07'),('2xq9fssyqmhwspg7ml2jvssj1urz91mu','MzAxM2I1ZjcyN2QwMjczMTU2MGQxOGQ5NTZmNjgyOGY0ZWZjYmRiODp7ImNpdGllcyI6W3siaWQiOjEsIm5hbWUiOiJPbGluZGEifSx7ImlkIjoyLCJuYW1lIjoiUmVjaWZlIn0seyJpZCI6MywibmFtZSI6IkNhbWFyYWdpYmUifSx7ImlkIjo0LCJuYW1lIjoiSmFib2F0XHUwMGUzbyBkb3MgR3VhcmFyYXBlcyJ9XX0=','2014-10-24 20:34:23'),('33o74ofa15hlsn5pkv71hgkib7hqzmuv','MzAxM2I1ZjcyN2QwMjczMTU2MGQxOGQ5NTZmNjgyOGY0ZWZjYmRiODp7ImNpdGllcyI6W3siaWQiOjEsIm5hbWUiOiJPbGluZGEifSx7ImlkIjoyLCJuYW1lIjoiUmVjaWZlIn0seyJpZCI6MywibmFtZSI6IkNhbWFyYWdpYmUifSx7ImlkIjo0LCJuYW1lIjoiSmFib2F0XHUwMGUzbyBkb3MgR3VhcmFyYXBlcyJ9XX0=','2014-10-24 20:30:36'),('34cfhozd2c7p1dyc7nxoi4038x5yh21z','MzAxM2I1ZjcyN2QwMjczMTU2MGQxOGQ5NTZmNjgyOGY0ZWZjYmRiODp7ImNpdGllcyI6W3siaWQiOjEsIm5hbWUiOiJPbGluZGEifSx7ImlkIjoyLCJuYW1lIjoiUmVjaWZlIn0seyJpZCI6MywibmFtZSI6IkNhbWFyYWdpYmUifSx7ImlkIjo0LCJuYW1lIjoiSmFib2F0XHUwMGUzbyBkb3MgR3VhcmFyYXBlcyJ9XX0=','2014-10-24 20:19:59'),('34sm7lx9mejm3ky0ht18bwn3awcto1sw','MzAxM2I1ZjcyN2QwMjczMTU2MGQxOGQ5NTZmNjgyOGY0ZWZjYmRiODp7ImNpdGllcyI6W3siaWQiOjEsIm5hbWUiOiJPbGluZGEifSx7ImlkIjoyLCJuYW1lIjoiUmVjaWZlIn0seyJpZCI6MywibmFtZSI6IkNhbWFyYWdpYmUifSx7ImlkIjo0LCJuYW1lIjoiSmFib2F0XHUwMGUzbyBkb3MgR3VhcmFyYXBlcyJ9XX0=','2014-10-28 16:17:25'),('359leejip4ys5i1ftudnbg7l5yyvz8ud','MzAxM2I1ZjcyN2QwMjczMTU2MGQxOGQ5NTZmNjgyOGY0ZWZjYmRiODp7ImNpdGllcyI6W3siaWQiOjEsIm5hbWUiOiJPbGluZGEifSx7ImlkIjoyLCJuYW1lIjoiUmVjaWZlIn0seyJpZCI6MywibmFtZSI6IkNhbWFyYWdpYmUifSx7ImlkIjo0LCJuYW1lIjoiSmFib2F0XHUwMGUzbyBkb3MgR3VhcmFyYXBlcyJ9XX0=','2014-10-28 16:20:27'),('35i9kvocvx5uoexz86nkjh2snu0po6cg','MzAxM2I1ZjcyN2QwMjczMTU2MGQxOGQ5NTZmNjgyOGY0ZWZjYmRiODp7ImNpdGllcyI6W3siaWQiOjEsIm5hbWUiOiJPbGluZGEifSx7ImlkIjoyLCJuYW1lIjoiUmVjaWZlIn0seyJpZCI6MywibmFtZSI6IkNhbWFyYWdpYmUifSx7ImlkIjo0LCJuYW1lIjoiSmFib2F0XHUwMGUzbyBkb3MgR3VhcmFyYXBlcyJ9XX0=','2014-10-22 15:43:04'),('37ieno957qz88wm0lfqb0h1rtx6unbz3','MzAxM2I1ZjcyN2QwMjczMTU2MGQxOGQ5NTZmNjgyOGY0ZWZjYmRiODp7ImNpdGllcyI6W3siaWQiOjEsIm5hbWUiOiJPbGluZGEifSx7ImlkIjoyLCJuYW1lIjoiUmVjaWZlIn0seyJpZCI6MywibmFtZSI6IkNhbWFyYWdpYmUifSx7ImlkIjo0LCJuYW1lIjoiSmFib2F0XHUwMGUzbyBkb3MgR3VhcmFyYXBlcyJ9XX0=','2014-10-22 17:53:52'),('390vfr409iqltjftt7q5n3ljgvkjjooc','MzAxM2I1ZjcyN2QwMjczMTU2MGQxOGQ5NTZmNjgyOGY0ZWZjYmRiODp7ImNpdGllcyI6W3siaWQiOjEsIm5hbWUiOiJPbGluZGEifSx7ImlkIjoyLCJuYW1lIjoiUmVjaWZlIn0seyJpZCI6MywibmFtZSI6IkNhbWFyYWdpYmUifSx7ImlkIjo0LCJuYW1lIjoiSmFib2F0XHUwMGUzbyBkb3MgR3VhcmFyYXBlcyJ9XX0=','2014-10-23 21:12:27'),('39i6zkhwe0ngk7jd6wntdaazxa5j0yrc','MzAxM2I1ZjcyN2QwMjczMTU2MGQxOGQ5NTZmNjgyOGY0ZWZjYmRiODp7ImNpdGllcyI6W3siaWQiOjEsIm5hbWUiOiJPbGluZGEifSx7ImlkIjoyLCJuYW1lIjoiUmVjaWZlIn0seyJpZCI6MywibmFtZSI6IkNhbWFyYWdpYmUifSx7ImlkIjo0LCJuYW1lIjoiSmFib2F0XHUwMGUzbyBkb3MgR3VhcmFyYXBlcyJ9XX0=','2014-10-23 18:12:20'),('3bv20zrojp8i8rmcyqsk4i2jwgzo1i2g','MzAxM2I1ZjcyN2QwMjczMTU2MGQxOGQ5NTZmNjgyOGY0ZWZjYmRiODp7ImNpdGllcyI6W3siaWQiOjEsIm5hbWUiOiJPbGluZGEifSx7ImlkIjoyLCJuYW1lIjoiUmVjaWZlIn0seyJpZCI6MywibmFtZSI6IkNhbWFyYWdpYmUifSx7ImlkIjo0LCJuYW1lIjoiSmFib2F0XHUwMGUzbyBkb3MgR3VhcmFyYXBlcyJ9XX0=','2014-10-23 20:33:01'),('3d3rdw5qvkw00t6l3dpgk5cbp4e6xh6d','MzAxM2I1ZjcyN2QwMjczMTU2MGQxOGQ5NTZmNjgyOGY0ZWZjYmRiODp7ImNpdGllcyI6W3siaWQiOjEsIm5hbWUiOiJPbGluZGEifSx7ImlkIjoyLCJuYW1lIjoiUmVjaWZlIn0seyJpZCI6MywibmFtZSI6IkNhbWFyYWdpYmUifSx7ImlkIjo0LCJuYW1lIjoiSmFib2F0XHUwMGUzbyBkb3MgR3VhcmFyYXBlcyJ9XX0=','2014-10-24 20:11:36'),('3e95qxxevy81czhrkoszfy5wfemdgq05','MzAxM2I1ZjcyN2QwMjczMTU2MGQxOGQ5NTZmNjgyOGY0ZWZjYmRiODp7ImNpdGllcyI6W3siaWQiOjEsIm5hbWUiOiJPbGluZGEifSx7ImlkIjoyLCJuYW1lIjoiUmVjaWZlIn0seyJpZCI6MywibmFtZSI6IkNhbWFyYWdpYmUifSx7ImlkIjo0LCJuYW1lIjoiSmFib2F0XHUwMGUzbyBkb3MgR3VhcmFyYXBlcyJ9XX0=','2014-10-23 21:12:37'),('3ezxo7ouhysnpz8qqlh3yukoj98bhlnz','MzAxM2I1ZjcyN2QwMjczMTU2MGQxOGQ5NTZmNjgyOGY0ZWZjYmRiODp7ImNpdGllcyI6W3siaWQiOjEsIm5hbWUiOiJPbGluZGEifSx7ImlkIjoyLCJuYW1lIjoiUmVjaWZlIn0seyJpZCI6MywibmFtZSI6IkNhbWFyYWdpYmUifSx7ImlkIjo0LCJuYW1lIjoiSmFib2F0XHUwMGUzbyBkb3MgR3VhcmFyYXBlcyJ9XX0=','2014-10-28 16:21:03'),('3gar8n8ym5lg3a6rqst04fwkhb6sodcd','MzAxM2I1ZjcyN2QwMjczMTU2MGQxOGQ5NTZmNjgyOGY0ZWZjYmRiODp7ImNpdGllcyI6W3siaWQiOjEsIm5hbWUiOiJPbGluZGEifSx7ImlkIjoyLCJuYW1lIjoiUmVjaWZlIn0seyJpZCI6MywibmFtZSI6IkNhbWFyYWdpYmUifSx7ImlkIjo0LCJuYW1lIjoiSmFib2F0XHUwMGUzbyBkb3MgR3VhcmFyYXBlcyJ9XX0=','2014-10-22 18:32:26'),('3gh43mvy73lxhz6idoux9k13plpnoobu','MTVhMDA1MDY4Yzg5OTk5NGQ3OTRkMjI5YzE3Yjc1MThiMzM3NGM2ZDp7ImNpdHkiOjIsIl9hdXRoX3VzZXJfaGFzaCI6IjlhYmI3NmUyZGQzNmM3MzhlM2Q4OGE0MGQ3ODFmYmUzOTUyMWQ1OTYiLCJfYXV0aF91c2VyX2lkIjoyLCJfYXV0aF91c2VyX2JhY2tlbmQiOiJhY2NvdW50LmJhY2tlbmRzLkFjY291bnRzQmFja2VuZC5BY2NvdW50c0JhY2tlbmQiLCJ0eXBlb2ZmZXIiOjEsIl9zZXNzaW9uX2V4cGlyeSI6MCwiY2l0aWVzIjpbeyJpZCI6MSwibmFtZSI6Ik9saW5kYSJ9LHsiaWQiOjIsIm5hbWUiOiJSZWNpZmUifSx7ImlkIjozLCJuYW1lIjoiQ2FtYXJhZ2liZSJ9LHsiaWQiOjQsIm5hbWUiOiJKYWJvYXRcdTAwZTNvIGRvcyBHdWFyYXJhcGVzIn1dfQ==','2014-11-18 18:19:11'),('3gu4lgn753mlhl6q77e1g83un3ctiibn','MzAxM2I1ZjcyN2QwMjczMTU2MGQxOGQ5NTZmNjgyOGY0ZWZjYmRiODp7ImNpdGllcyI6W3siaWQiOjEsIm5hbWUiOiJPbGluZGEifSx7ImlkIjoyLCJuYW1lIjoiUmVjaWZlIn0seyJpZCI6MywibmFtZSI6IkNhbWFyYWdpYmUifSx7ImlkIjo0LCJuYW1lIjoiSmFib2F0XHUwMGUzbyBkb3MgR3VhcmFyYXBlcyJ9XX0=','2014-10-24 20:19:09'),('3kr1l6jmlmjii506ptylkn81k1j7iv97','YTY4YzBiMWJkNGJhNGZkNjQ1YTY2ZjE0YTQxMTExNjVhYjkyZDExNjp7ImNpdHkiOjIsImNpdGllcyI6W3siaWQiOjEsIm5hbWUiOiJPbGluZGEifSx7ImlkIjoyLCJuYW1lIjoiUmVjaWZlIn0seyJpZCI6MywibmFtZSI6IkNhbWFyYWdpYmUifSx7ImlkIjo0LCJuYW1lIjoiSmFib2F0XHUwMGUzbyBkb3MgR3VhcmFyYXBlcyJ9XSwidHlwZW9mZmVyIjoxfQ==','2014-10-29 11:19:21'),('3l564cvootdlvynr5ezr6hhni7thcqv1','MzAxM2I1ZjcyN2QwMjczMTU2MGQxOGQ5NTZmNjgyOGY0ZWZjYmRiODp7ImNpdGllcyI6W3siaWQiOjEsIm5hbWUiOiJPbGluZGEifSx7ImlkIjoyLCJuYW1lIjoiUmVjaWZlIn0seyJpZCI6MywibmFtZSI6IkNhbWFyYWdpYmUifSx7ImlkIjo0LCJuYW1lIjoiSmFib2F0XHUwMGUzbyBkb3MgR3VhcmFyYXBlcyJ9XX0=','2014-10-23 20:21:28'),('3m0xbxqyoxzolk9y4sw60cvsbb808y2h','MzAxM2I1ZjcyN2QwMjczMTU2MGQxOGQ5NTZmNjgyOGY0ZWZjYmRiODp7ImNpdGllcyI6W3siaWQiOjEsIm5hbWUiOiJPbGluZGEifSx7ImlkIjoyLCJuYW1lIjoiUmVjaWZlIn0seyJpZCI6MywibmFtZSI6IkNhbWFyYWdpYmUifSx7ImlkIjo0LCJuYW1lIjoiSmFib2F0XHUwMGUzbyBkb3MgR3VhcmFyYXBlcyJ9XX0=','2014-10-23 21:59:31'),('3o8mnov9pg383i5yftf6gm7oag6ywomn','MzAxM2I1ZjcyN2QwMjczMTU2MGQxOGQ5NTZmNjgyOGY0ZWZjYmRiODp7ImNpdGllcyI6W3siaWQiOjEsIm5hbWUiOiJPbGluZGEifSx7ImlkIjoyLCJuYW1lIjoiUmVjaWZlIn0seyJpZCI6MywibmFtZSI6IkNhbWFyYWdpYmUifSx7ImlkIjo0LCJuYW1lIjoiSmFib2F0XHUwMGUzbyBkb3MgR3VhcmFyYXBlcyJ9XX0=','2014-10-24 19:42:32'),('3pi1gt0dvkrl67ts6e4olvgvy1c9ansj','MzAxM2I1ZjcyN2QwMjczMTU2MGQxOGQ5NTZmNjgyOGY0ZWZjYmRiODp7ImNpdGllcyI6W3siaWQiOjEsIm5hbWUiOiJPbGluZGEifSx7ImlkIjoyLCJuYW1lIjoiUmVjaWZlIn0seyJpZCI6MywibmFtZSI6IkNhbWFyYWdpYmUifSx7ImlkIjo0LCJuYW1lIjoiSmFib2F0XHUwMGUzbyBkb3MgR3VhcmFyYXBlcyJ9XX0=','2014-10-27 21:06:30'),('3r16vnnbvhnqtb8y658i43vjqyqa48vw','MzAxM2I1ZjcyN2QwMjczMTU2MGQxOGQ5NTZmNjgyOGY0ZWZjYmRiODp7ImNpdGllcyI6W3siaWQiOjEsIm5hbWUiOiJPbGluZGEifSx7ImlkIjoyLCJuYW1lIjoiUmVjaWZlIn0seyJpZCI6MywibmFtZSI6IkNhbWFyYWdpYmUifSx7ImlkIjo0LCJuYW1lIjoiSmFib2F0XHUwMGUzbyBkb3MgR3VhcmFyYXBlcyJ9XX0=','2014-10-23 17:56:10'),('3s6zty1xe5t1x1jtpi3wi7yvy6haq81b','MzAxM2I1ZjcyN2QwMjczMTU2MGQxOGQ5NTZmNjgyOGY0ZWZjYmRiODp7ImNpdGllcyI6W3siaWQiOjEsIm5hbWUiOiJPbGluZGEifSx7ImlkIjoyLCJuYW1lIjoiUmVjaWZlIn0seyJpZCI6MywibmFtZSI6IkNhbWFyYWdpYmUifSx7ImlkIjo0LCJuYW1lIjoiSmFib2F0XHUwMGUzbyBkb3MgR3VhcmFyYXBlcyJ9XX0=','2014-10-27 20:43:49'),('3uhrh529x3qeaotqshqeuff08coptgpl','MzAxM2I1ZjcyN2QwMjczMTU2MGQxOGQ5NTZmNjgyOGY0ZWZjYmRiODp7ImNpdGllcyI6W3siaWQiOjEsIm5hbWUiOiJPbGluZGEifSx7ImlkIjoyLCJuYW1lIjoiUmVjaWZlIn0seyJpZCI6MywibmFtZSI6IkNhbWFyYWdpYmUifSx7ImlkIjo0LCJuYW1lIjoiSmFib2F0XHUwMGUzbyBkb3MgR3VhcmFyYXBlcyJ9XX0=','2014-10-27 21:29:35'),('3vlvimtzhj1a5nxlbq59tsfk3j95b7e0','MzAxM2I1ZjcyN2QwMjczMTU2MGQxOGQ5NTZmNjgyOGY0ZWZjYmRiODp7ImNpdGllcyI6W3siaWQiOjEsIm5hbWUiOiJPbGluZGEifSx7ImlkIjoyLCJuYW1lIjoiUmVjaWZlIn0seyJpZCI6MywibmFtZSI6IkNhbWFyYWdpYmUifSx7ImlkIjo0LCJuYW1lIjoiSmFib2F0XHUwMGUzbyBkb3MgR3VhcmFyYXBlcyJ9XX0=','2014-10-24 19:43:20'),('3volg9yggwy9q9fk99fyj2mdxllo2bvq','MzAxM2I1ZjcyN2QwMjczMTU2MGQxOGQ5NTZmNjgyOGY0ZWZjYmRiODp7ImNpdGllcyI6W3siaWQiOjEsIm5hbWUiOiJPbGluZGEifSx7ImlkIjoyLCJuYW1lIjoiUmVjaWZlIn0seyJpZCI6MywibmFtZSI6IkNhbWFyYWdpYmUifSx7ImlkIjo0LCJuYW1lIjoiSmFib2F0XHUwMGUzbyBkb3MgR3VhcmFyYXBlcyJ9XX0=','2014-10-24 19:44:49'),('3vsip367p8ap26999ff6bnqciiv3xv53','MzAxM2I1ZjcyN2QwMjczMTU2MGQxOGQ5NTZmNjgyOGY0ZWZjYmRiODp7ImNpdGllcyI6W3siaWQiOjEsIm5hbWUiOiJPbGluZGEifSx7ImlkIjoyLCJuYW1lIjoiUmVjaWZlIn0seyJpZCI6MywibmFtZSI6IkNhbWFyYWdpYmUifSx7ImlkIjo0LCJuYW1lIjoiSmFib2F0XHUwMGUzbyBkb3MgR3VhcmFyYXBlcyJ9XX0=','2014-10-22 20:57:14'),('3vyvzgcifh4pmupjew11d1aqdeyrn7mi','MzAxM2I1ZjcyN2QwMjczMTU2MGQxOGQ5NTZmNjgyOGY0ZWZjYmRiODp7ImNpdGllcyI6W3siaWQiOjEsIm5hbWUiOiJPbGluZGEifSx7ImlkIjoyLCJuYW1lIjoiUmVjaWZlIn0seyJpZCI6MywibmFtZSI6IkNhbWFyYWdpYmUifSx7ImlkIjo0LCJuYW1lIjoiSmFib2F0XHUwMGUzbyBkb3MgR3VhcmFyYXBlcyJ9XX0=','2014-10-23 19:34:02'),('3zm403pd7lgcpawrwkmkgmk49hre1zcj','MzAxM2I1ZjcyN2QwMjczMTU2MGQxOGQ5NTZmNjgyOGY0ZWZjYmRiODp7ImNpdGllcyI6W3siaWQiOjEsIm5hbWUiOiJPbGluZGEifSx7ImlkIjoyLCJuYW1lIjoiUmVjaWZlIn0seyJpZCI6MywibmFtZSI6IkNhbWFyYWdpYmUifSx7ImlkIjo0LCJuYW1lIjoiSmFib2F0XHUwMGUzbyBkb3MgR3VhcmFyYXBlcyJ9XX0=','2014-10-27 16:39:16'),('4021y9n89xvm2yrbwsvbdzln32xeo0wz','MzAxM2I1ZjcyN2QwMjczMTU2MGQxOGQ5NTZmNjgyOGY0ZWZjYmRiODp7ImNpdGllcyI6W3siaWQiOjEsIm5hbWUiOiJPbGluZGEifSx7ImlkIjoyLCJuYW1lIjoiUmVjaWZlIn0seyJpZCI6MywibmFtZSI6IkNhbWFyYWdpYmUifSx7ImlkIjo0LCJuYW1lIjoiSmFib2F0XHUwMGUzbyBkb3MgR3VhcmFyYXBlcyJ9XX0=','2014-10-27 21:03:19'),('40p7ii4f4l48ogggunxiueyo8jroabps','YTY4YzBiMWJkNGJhNGZkNjQ1YTY2ZjE0YTQxMTExNjVhYjkyZDExNjp7ImNpdHkiOjIsImNpdGllcyI6W3siaWQiOjEsIm5hbWUiOiJPbGluZGEifSx7ImlkIjoyLCJuYW1lIjoiUmVjaWZlIn0seyJpZCI6MywibmFtZSI6IkNhbWFyYWdpYmUifSx7ImlkIjo0LCJuYW1lIjoiSmFib2F0XHUwMGUzbyBkb3MgR3VhcmFyYXBlcyJ9XSwidHlwZW9mZmVyIjoxfQ==','2014-10-29 11:30:44'),('416f9jr9cb9m2u0nwwhoap5t6ni5kg5k','MzAxM2I1ZjcyN2QwMjczMTU2MGQxOGQ5NTZmNjgyOGY0ZWZjYmRiODp7ImNpdGllcyI6W3siaWQiOjEsIm5hbWUiOiJPbGluZGEifSx7ImlkIjoyLCJuYW1lIjoiUmVjaWZlIn0seyJpZCI6MywibmFtZSI6IkNhbWFyYWdpYmUifSx7ImlkIjo0LCJuYW1lIjoiSmFib2F0XHUwMGUzbyBkb3MgR3VhcmFyYXBlcyJ9XX0=','2014-10-24 20:30:37'),('41olrs8vrrlmx72aspcfayq9toxzb4dr','MzAxM2I1ZjcyN2QwMjczMTU2MGQxOGQ5NTZmNjgyOGY0ZWZjYmRiODp7ImNpdGllcyI6W3siaWQiOjEsIm5hbWUiOiJPbGluZGEifSx7ImlkIjoyLCJuYW1lIjoiUmVjaWZlIn0seyJpZCI6MywibmFtZSI6IkNhbWFyYWdpYmUifSx7ImlkIjo0LCJuYW1lIjoiSmFib2F0XHUwMGUzbyBkb3MgR3VhcmFyYXBlcyJ9XX0=','2014-10-24 20:19:09'),('42e7lihip70b78cpvbgtfkeakg7fswqx','MzAxM2I1ZjcyN2QwMjczMTU2MGQxOGQ5NTZmNjgyOGY0ZWZjYmRiODp7ImNpdGllcyI6W3siaWQiOjEsIm5hbWUiOiJPbGluZGEifSx7ImlkIjoyLCJuYW1lIjoiUmVjaWZlIn0seyJpZCI6MywibmFtZSI6IkNhbWFyYWdpYmUifSx7ImlkIjo0LCJuYW1lIjoiSmFib2F0XHUwMGUzbyBkb3MgR3VhcmFyYXBlcyJ9XX0=','2014-10-23 21:01:27'),('42safmu83s582f09xzhlvlohp25t23cs','YTY4YzBiMWJkNGJhNGZkNjQ1YTY2ZjE0YTQxMTExNjVhYjkyZDExNjp7ImNpdHkiOjIsImNpdGllcyI6W3siaWQiOjEsIm5hbWUiOiJPbGluZGEifSx7ImlkIjoyLCJuYW1lIjoiUmVjaWZlIn0seyJpZCI6MywibmFtZSI6IkNhbWFyYWdpYmUifSx7ImlkIjo0LCJuYW1lIjoiSmFib2F0XHUwMGUzbyBkb3MgR3VhcmFyYXBlcyJ9XSwidHlwZW9mZmVyIjoxfQ==','2014-10-29 10:48:54'),('43q2ndj8apkpc1nyrt3py5xoz625rpg0','YTY4YzBiMWJkNGJhNGZkNjQ1YTY2ZjE0YTQxMTExNjVhYjkyZDExNjp7ImNpdHkiOjIsImNpdGllcyI6W3siaWQiOjEsIm5hbWUiOiJPbGluZGEifSx7ImlkIjoyLCJuYW1lIjoiUmVjaWZlIn0seyJpZCI6MywibmFtZSI6IkNhbWFyYWdpYmUifSx7ImlkIjo0LCJuYW1lIjoiSmFib2F0XHUwMGUzbyBkb3MgR3VhcmFyYXBlcyJ9XSwidHlwZW9mZmVyIjoxfQ==','2014-10-30 15:21:00'),('46749i25juq1ywqjeo7k1juae1l2hig6','MzAxM2I1ZjcyN2QwMjczMTU2MGQxOGQ5NTZmNjgyOGY0ZWZjYmRiODp7ImNpdGllcyI6W3siaWQiOjEsIm5hbWUiOiJPbGluZGEifSx7ImlkIjoyLCJuYW1lIjoiUmVjaWZlIn0seyJpZCI6MywibmFtZSI6IkNhbWFyYWdpYmUifSx7ImlkIjo0LCJuYW1lIjoiSmFib2F0XHUwMGUzbyBkb3MgR3VhcmFyYXBlcyJ9XX0=','2014-10-28 16:20:26'),('473rtvu7tkphwao0e9uvfypjt7r9hkji','MzAxM2I1ZjcyN2QwMjczMTU2MGQxOGQ5NTZmNjgyOGY0ZWZjYmRiODp7ImNpdGllcyI6W3siaWQiOjEsIm5hbWUiOiJPbGluZGEifSx7ImlkIjoyLCJuYW1lIjoiUmVjaWZlIn0seyJpZCI6MywibmFtZSI6IkNhbWFyYWdpYmUifSx7ImlkIjo0LCJuYW1lIjoiSmFib2F0XHUwMGUzbyBkb3MgR3VhcmFyYXBlcyJ9XX0=','2014-10-22 21:12:59'),('48fuvuqc2dzbl9zsqo1pbq49y1myvlfq','MzAxM2I1ZjcyN2QwMjczMTU2MGQxOGQ5NTZmNjgyOGY0ZWZjYmRiODp7ImNpdGllcyI6W3siaWQiOjEsIm5hbWUiOiJPbGluZGEifSx7ImlkIjoyLCJuYW1lIjoiUmVjaWZlIn0seyJpZCI6MywibmFtZSI6IkNhbWFyYWdpYmUifSx7ImlkIjo0LCJuYW1lIjoiSmFib2F0XHUwMGUzbyBkb3MgR3VhcmFyYXBlcyJ9XX0=','2014-10-24 19:39:09'),('48tu684yg3j51jcjjqrc21xoidqha4xh','MzAxM2I1ZjcyN2QwMjczMTU2MGQxOGQ5NTZmNjgyOGY0ZWZjYmRiODp7ImNpdGllcyI6W3siaWQiOjEsIm5hbWUiOiJPbGluZGEifSx7ImlkIjoyLCJuYW1lIjoiUmVjaWZlIn0seyJpZCI6MywibmFtZSI6IkNhbWFyYWdpYmUifSx7ImlkIjo0LCJuYW1lIjoiSmFib2F0XHUwMGUzbyBkb3MgR3VhcmFyYXBlcyJ9XX0=','2014-10-24 20:14:38'),('49zqvnou8t5yvjm0rz6q2n5qwlrqod8v','MzAxM2I1ZjcyN2QwMjczMTU2MGQxOGQ5NTZmNjgyOGY0ZWZjYmRiODp7ImNpdGllcyI6W3siaWQiOjEsIm5hbWUiOiJPbGluZGEifSx7ImlkIjoyLCJuYW1lIjoiUmVjaWZlIn0seyJpZCI6MywibmFtZSI6IkNhbWFyYWdpYmUifSx7ImlkIjo0LCJuYW1lIjoiSmFib2F0XHUwMGUzbyBkb3MgR3VhcmFyYXBlcyJ9XX0=','2014-10-24 19:45:09'),('4acb9gwu4w7l5gxoxk3phute29eigqgz','MzAxM2I1ZjcyN2QwMjczMTU2MGQxOGQ5NTZmNjgyOGY0ZWZjYmRiODp7ImNpdGllcyI6W3siaWQiOjEsIm5hbWUiOiJPbGluZGEifSx7ImlkIjoyLCJuYW1lIjoiUmVjaWZlIn0seyJpZCI6MywibmFtZSI6IkNhbWFyYWdpYmUifSx7ImlkIjo0LCJuYW1lIjoiSmFib2F0XHUwMGUzbyBkb3MgR3VhcmFyYXBlcyJ9XX0=','2014-10-27 22:46:35'),('4d42fh7qj66iqm8cq1jktls5rp0y4gef','MzAxM2I1ZjcyN2QwMjczMTU2MGQxOGQ5NTZmNjgyOGY0ZWZjYmRiODp7ImNpdGllcyI6W3siaWQiOjEsIm5hbWUiOiJPbGluZGEifSx7ImlkIjoyLCJuYW1lIjoiUmVjaWZlIn0seyJpZCI6MywibmFtZSI6IkNhbWFyYWdpYmUifSx7ImlkIjo0LCJuYW1lIjoiSmFib2F0XHUwMGUzbyBkb3MgR3VhcmFyYXBlcyJ9XX0=','2014-10-23 21:33:26'),('4d4ph21lei674aqwczqodn98kv4bh54k','MzAxM2I1ZjcyN2QwMjczMTU2MGQxOGQ5NTZmNjgyOGY0ZWZjYmRiODp7ImNpdGllcyI6W3siaWQiOjEsIm5hbWUiOiJPbGluZGEifSx7ImlkIjoyLCJuYW1lIjoiUmVjaWZlIn0seyJpZCI6MywibmFtZSI6IkNhbWFyYWdpYmUifSx7ImlkIjo0LCJuYW1lIjoiSmFib2F0XHUwMGUzbyBkb3MgR3VhcmFyYXBlcyJ9XX0=','2014-10-23 21:53:42'),('4e4ker0bqroquif6gi50wqb6zwhxeupk','MzAxM2I1ZjcyN2QwMjczMTU2MGQxOGQ5NTZmNjgyOGY0ZWZjYmRiODp7ImNpdGllcyI6W3siaWQiOjEsIm5hbWUiOiJPbGluZGEifSx7ImlkIjoyLCJuYW1lIjoiUmVjaWZlIn0seyJpZCI6MywibmFtZSI6IkNhbWFyYWdpYmUifSx7ImlkIjo0LCJuYW1lIjoiSmFib2F0XHUwMGUzbyBkb3MgR3VhcmFyYXBlcyJ9XX0=','2014-10-22 15:34:02'),('4f6k7i0pa2ensl3ypytyx1glq62vmy4p','NWVmODRiM2M5MGY2ZDBiN2Y0N2I3OTNiYTZiYjI2NzIwMzBlMjkwODp7fQ==','2014-10-29 15:31:24'),('4f6o4i5c7udcvp9d0vmk44zwehpdbpyf','MzAxM2I1ZjcyN2QwMjczMTU2MGQxOGQ5NTZmNjgyOGY0ZWZjYmRiODp7ImNpdGllcyI6W3siaWQiOjEsIm5hbWUiOiJPbGluZGEifSx7ImlkIjoyLCJuYW1lIjoiUmVjaWZlIn0seyJpZCI6MywibmFtZSI6IkNhbWFyYWdpYmUifSx7ImlkIjo0LCJuYW1lIjoiSmFib2F0XHUwMGUzbyBkb3MgR3VhcmFyYXBlcyJ9XX0=','2014-10-22 15:40:18'),('4f8assb0qnjuef4kyykbpvfcqts3wujy','MzAxM2I1ZjcyN2QwMjczMTU2MGQxOGQ5NTZmNjgyOGY0ZWZjYmRiODp7ImNpdGllcyI6W3siaWQiOjEsIm5hbWUiOiJPbGluZGEifSx7ImlkIjoyLCJuYW1lIjoiUmVjaWZlIn0seyJpZCI6MywibmFtZSI6IkNhbWFyYWdpYmUifSx7ImlkIjo0LCJuYW1lIjoiSmFib2F0XHUwMGUzbyBkb3MgR3VhcmFyYXBlcyJ9XX0=','2014-10-27 21:07:42'),('4femqpzesi6f5e0riq19tumibkp1dsiv','MDk5Y2NjZWExMGFmMjAyMWI1MTVkZWJjN2VhYjVmOGNkNDNkYzkzMjp7Il9zZXNzaW9uX2V4cGlyeSI6MCwiX2F1dGhfdXNlcl9oYXNoIjoiYzFhODU5MWYxMWVjNzQ2MmRlMWE0MGYzNzY2MDc1Njg4MjI4YTRmYyIsIl9hdXRoX3VzZXJfYmFja2VuZCI6ImRqYW5nby5jb250cmliLmF1dGguYmFja2VuZHMuTW9kZWxCYWNrZW5kIiwiX2F1dGhfdXNlcl9pZCI6MX0=','2014-10-07 18:47:28'),('4iysgcdtlsewr92dgbs6wftnmwwo0urm','MzAxM2I1ZjcyN2QwMjczMTU2MGQxOGQ5NTZmNjgyOGY0ZWZjYmRiODp7ImNpdGllcyI6W3siaWQiOjEsIm5hbWUiOiJPbGluZGEifSx7ImlkIjoyLCJuYW1lIjoiUmVjaWZlIn0seyJpZCI6MywibmFtZSI6IkNhbWFyYWdpYmUifSx7ImlkIjo0LCJuYW1lIjoiSmFib2F0XHUwMGUzbyBkb3MgR3VhcmFyYXBlcyJ9XX0=','2014-10-23 20:59:00'),('4luwvluplwu89f75w66ejxmx20vxoj1z','MzAxM2I1ZjcyN2QwMjczMTU2MGQxOGQ5NTZmNjgyOGY0ZWZjYmRiODp7ImNpdGllcyI6W3siaWQiOjEsIm5hbWUiOiJPbGluZGEifSx7ImlkIjoyLCJuYW1lIjoiUmVjaWZlIn0seyJpZCI6MywibmFtZSI6IkNhbWFyYWdpYmUifSx7ImlkIjo0LCJuYW1lIjoiSmFib2F0XHUwMGUzbyBkb3MgR3VhcmFyYXBlcyJ9XX0=','2014-10-27 20:27:30'),('4mgh914imjeo7ko36rzcbbtsrt939prj','MzAxM2I1ZjcyN2QwMjczMTU2MGQxOGQ5NTZmNjgyOGY0ZWZjYmRiODp7ImNpdGllcyI6W3siaWQiOjEsIm5hbWUiOiJPbGluZGEifSx7ImlkIjoyLCJuYW1lIjoiUmVjaWZlIn0seyJpZCI6MywibmFtZSI6IkNhbWFyYWdpYmUifSx7ImlkIjo0LCJuYW1lIjoiSmFib2F0XHUwMGUzbyBkb3MgR3VhcmFyYXBlcyJ9XX0=','2014-10-24 20:35:54'),('4qh5hjwlpwj81wh3zd3elam9nnbuazk4','MzAxM2I1ZjcyN2QwMjczMTU2MGQxOGQ5NTZmNjgyOGY0ZWZjYmRiODp7ImNpdGllcyI6W3siaWQiOjEsIm5hbWUiOiJPbGluZGEifSx7ImlkIjoyLCJuYW1lIjoiUmVjaWZlIn0seyJpZCI6MywibmFtZSI6IkNhbWFyYWdpYmUifSx7ImlkIjo0LCJuYW1lIjoiSmFib2F0XHUwMGUzbyBkb3MgR3VhcmFyYXBlcyJ9XX0=','2014-10-23 21:34:07'),('4qy4qkrqtmejuvgr8gxjvvstb4vdc5go','YTY4YzBiMWJkNGJhNGZkNjQ1YTY2ZjE0YTQxMTExNjVhYjkyZDExNjp7ImNpdHkiOjIsImNpdGllcyI6W3siaWQiOjEsIm5hbWUiOiJPbGluZGEifSx7ImlkIjoyLCJuYW1lIjoiUmVjaWZlIn0seyJpZCI6MywibmFtZSI6IkNhbWFyYWdpYmUifSx7ImlkIjo0LCJuYW1lIjoiSmFib2F0XHUwMGUzbyBkb3MgR3VhcmFyYXBlcyJ9XSwidHlwZW9mZmVyIjoxfQ==','2014-11-10 10:06:42'),('4vhrbuixjt14f6auwteq91u8ui2vji7z','MzAxM2I1ZjcyN2QwMjczMTU2MGQxOGQ5NTZmNjgyOGY0ZWZjYmRiODp7ImNpdGllcyI6W3siaWQiOjEsIm5hbWUiOiJPbGluZGEifSx7ImlkIjoyLCJuYW1lIjoiUmVjaWZlIn0seyJpZCI6MywibmFtZSI6IkNhbWFyYWdpYmUifSx7ImlkIjo0LCJuYW1lIjoiSmFib2F0XHUwMGUzbyBkb3MgR3VhcmFyYXBlcyJ9XX0=','2014-10-28 16:21:03'),('4vjwdesbhs89hr8m59sdo5pe9rufhi39','YTY4YzBiMWJkNGJhNGZkNjQ1YTY2ZjE0YTQxMTExNjVhYjkyZDExNjp7ImNpdHkiOjIsImNpdGllcyI6W3siaWQiOjEsIm5hbWUiOiJPbGluZGEifSx7ImlkIjoyLCJuYW1lIjoiUmVjaWZlIn0seyJpZCI6MywibmFtZSI6IkNhbWFyYWdpYmUifSx7ImlkIjo0LCJuYW1lIjoiSmFib2F0XHUwMGUzbyBkb3MgR3VhcmFyYXBlcyJ9XSwidHlwZW9mZmVyIjoxfQ==','2014-10-29 11:40:41'),('4vncb85kb0653fnd68oqm3038d7bgnzf','MzAxM2I1ZjcyN2QwMjczMTU2MGQxOGQ5NTZmNjgyOGY0ZWZjYmRiODp7ImNpdGllcyI6W3siaWQiOjEsIm5hbWUiOiJPbGluZGEifSx7ImlkIjoyLCJuYW1lIjoiUmVjaWZlIn0seyJpZCI6MywibmFtZSI6IkNhbWFyYWdpYmUifSx7ImlkIjo0LCJuYW1lIjoiSmFib2F0XHUwMGUzbyBkb3MgR3VhcmFyYXBlcyJ9XX0=','2014-10-22 15:34:10'),('4w7n9rh3gllcfgyr58l9dj3bhrlxwbio','MzAxM2I1ZjcyN2QwMjczMTU2MGQxOGQ5NTZmNjgyOGY0ZWZjYmRiODp7ImNpdGllcyI6W3siaWQiOjEsIm5hbWUiOiJPbGluZGEifSx7ImlkIjoyLCJuYW1lIjoiUmVjaWZlIn0seyJpZCI6MywibmFtZSI6IkNhbWFyYWdpYmUifSx7ImlkIjo0LCJuYW1lIjoiSmFib2F0XHUwMGUzbyBkb3MgR3VhcmFyYXBlcyJ9XX0=','2014-10-22 18:51:44'),('4xyfl6y22fl3yniawyfuhhinr9xjd70x','MzAxM2I1ZjcyN2QwMjczMTU2MGQxOGQ5NTZmNjgyOGY0ZWZjYmRiODp7ImNpdGllcyI6W3siaWQiOjEsIm5hbWUiOiJPbGluZGEifSx7ImlkIjoyLCJuYW1lIjoiUmVjaWZlIn0seyJpZCI6MywibmFtZSI6IkNhbWFyYWdpYmUifSx7ImlkIjo0LCJuYW1lIjoiSmFib2F0XHUwMGUzbyBkb3MgR3VhcmFyYXBlcyJ9XX0=','2014-10-23 21:11:24'),('509ymxotd00o0qm9tnrksgg4iunqezgl','MzAxM2I1ZjcyN2QwMjczMTU2MGQxOGQ5NTZmNjgyOGY0ZWZjYmRiODp7ImNpdGllcyI6W3siaWQiOjEsIm5hbWUiOiJPbGluZGEifSx7ImlkIjoyLCJuYW1lIjoiUmVjaWZlIn0seyJpZCI6MywibmFtZSI6IkNhbWFyYWdpYmUifSx7ImlkIjo0LCJuYW1lIjoiSmFib2F0XHUwMGUzbyBkb3MgR3VhcmFyYXBlcyJ9XX0=','2014-10-22 15:37:06'),('51nxax55qyxsx7wyzoh134fybdh26249','YTY4YzBiMWJkNGJhNGZkNjQ1YTY2ZjE0YTQxMTExNjVhYjkyZDExNjp7ImNpdHkiOjIsImNpdGllcyI6W3siaWQiOjEsIm5hbWUiOiJPbGluZGEifSx7ImlkIjoyLCJuYW1lIjoiUmVjaWZlIn0seyJpZCI6MywibmFtZSI6IkNhbWFyYWdpYmUifSx7ImlkIjo0LCJuYW1lIjoiSmFib2F0XHUwMGUzbyBkb3MgR3VhcmFyYXBlcyJ9XSwidHlwZW9mZmVyIjoxfQ==','2014-10-29 11:41:56'),('53fm7os4jz0ktu2sl2jwj2rz8l8hhrzc','MzAxM2I1ZjcyN2QwMjczMTU2MGQxOGQ5NTZmNjgyOGY0ZWZjYmRiODp7ImNpdGllcyI6W3siaWQiOjEsIm5hbWUiOiJPbGluZGEifSx7ImlkIjoyLCJuYW1lIjoiUmVjaWZlIn0seyJpZCI6MywibmFtZSI6IkNhbWFyYWdpYmUifSx7ImlkIjo0LCJuYW1lIjoiSmFib2F0XHUwMGUzbyBkb3MgR3VhcmFyYXBlcyJ9XX0=','2014-10-27 21:08:25'),('54lo0r41oa2w2dmq1sfo1oap09gnktql','MzAxM2I1ZjcyN2QwMjczMTU2MGQxOGQ5NTZmNjgyOGY0ZWZjYmRiODp7ImNpdGllcyI6W3siaWQiOjEsIm5hbWUiOiJPbGluZGEifSx7ImlkIjoyLCJuYW1lIjoiUmVjaWZlIn0seyJpZCI6MywibmFtZSI6IkNhbWFyYWdpYmUifSx7ImlkIjo0LCJuYW1lIjoiSmFib2F0XHUwMGUzbyBkb3MgR3VhcmFyYXBlcyJ9XX0=','2014-10-23 20:33:00'),('55xq6ur0vlul0o7244g1xz94gou3mhma','MzAxM2I1ZjcyN2QwMjczMTU2MGQxOGQ5NTZmNjgyOGY0ZWZjYmRiODp7ImNpdGllcyI6W3siaWQiOjEsIm5hbWUiOiJPbGluZGEifSx7ImlkIjoyLCJuYW1lIjoiUmVjaWZlIn0seyJpZCI6MywibmFtZSI6IkNhbWFyYWdpYmUifSx7ImlkIjo0LCJuYW1lIjoiSmFib2F0XHUwMGUzbyBkb3MgR3VhcmFyYXBlcyJ9XX0=','2014-10-23 18:23:07'),('57f83a5whiq4mugkcxvey5pzq7auvpu8','MzAxM2I1ZjcyN2QwMjczMTU2MGQxOGQ5NTZmNjgyOGY0ZWZjYmRiODp7ImNpdGllcyI6W3siaWQiOjEsIm5hbWUiOiJPbGluZGEifSx7ImlkIjoyLCJuYW1lIjoiUmVjaWZlIn0seyJpZCI6MywibmFtZSI6IkNhbWFyYWdpYmUifSx7ImlkIjo0LCJuYW1lIjoiSmFib2F0XHUwMGUzbyBkb3MgR3VhcmFyYXBlcyJ9XX0=','2014-10-24 20:12:37'),('57mxp2totxjhk1s5qd4049hwurin84nb','MzAxM2I1ZjcyN2QwMjczMTU2MGQxOGQ5NTZmNjgyOGY0ZWZjYmRiODp7ImNpdGllcyI6W3siaWQiOjEsIm5hbWUiOiJPbGluZGEifSx7ImlkIjoyLCJuYW1lIjoiUmVjaWZlIn0seyJpZCI6MywibmFtZSI6IkNhbWFyYWdpYmUifSx7ImlkIjo0LCJuYW1lIjoiSmFib2F0XHUwMGUzbyBkb3MgR3VhcmFyYXBlcyJ9XX0=','2014-10-27 21:08:26'),('58soeykoe1dyykqfsnph7uo4zxc658sm','YTY4YzBiMWJkNGJhNGZkNjQ1YTY2ZjE0YTQxMTExNjVhYjkyZDExNjp7ImNpdHkiOjIsImNpdGllcyI6W3siaWQiOjEsIm5hbWUiOiJPbGluZGEifSx7ImlkIjoyLCJuYW1lIjoiUmVjaWZlIn0seyJpZCI6MywibmFtZSI6IkNhbWFyYWdpYmUifSx7ImlkIjo0LCJuYW1lIjoiSmFib2F0XHUwMGUzbyBkb3MgR3VhcmFyYXBlcyJ9XSwidHlwZW9mZmVyIjoxfQ==','2014-10-29 11:16:47'),('5bfatk2zjqhzsildcfzajjkv2iuc7rfq','MzAxM2I1ZjcyN2QwMjczMTU2MGQxOGQ5NTZmNjgyOGY0ZWZjYmRiODp7ImNpdGllcyI6W3siaWQiOjEsIm5hbWUiOiJPbGluZGEifSx7ImlkIjoyLCJuYW1lIjoiUmVjaWZlIn0seyJpZCI6MywibmFtZSI6IkNhbWFyYWdpYmUifSx7ImlkIjo0LCJuYW1lIjoiSmFib2F0XHUwMGUzbyBkb3MgR3VhcmFyYXBlcyJ9XX0=','2014-10-24 19:18:30'),('5btiavi53f0bqsi5yl8m7ifkl71rhw80','NWVmODRiM2M5MGY2ZDBiN2Y0N2I3OTNiYTZiYjI2NzIwMzBlMjkwODp7fQ==','2014-10-29 15:18:37'),('5ct43g32kn5kf56n8mttaf3dmfzu9fo6','MzAxM2I1ZjcyN2QwMjczMTU2MGQxOGQ5NTZmNjgyOGY0ZWZjYmRiODp7ImNpdGllcyI6W3siaWQiOjEsIm5hbWUiOiJPbGluZGEifSx7ImlkIjoyLCJuYW1lIjoiUmVjaWZlIn0seyJpZCI6MywibmFtZSI6IkNhbWFyYWdpYmUifSx7ImlkIjo0LCJuYW1lIjoiSmFib2F0XHUwMGUzbyBkb3MgR3VhcmFyYXBlcyJ9XX0=','2014-10-23 18:17:45'),('5ihs3117kgrsmqbpsu3mlyntv6uww2lb','MzAxM2I1ZjcyN2QwMjczMTU2MGQxOGQ5NTZmNjgyOGY0ZWZjYmRiODp7ImNpdGllcyI6W3siaWQiOjEsIm5hbWUiOiJPbGluZGEifSx7ImlkIjoyLCJuYW1lIjoiUmVjaWZlIn0seyJpZCI6MywibmFtZSI6IkNhbWFyYWdpYmUifSx7ImlkIjo0LCJuYW1lIjoiSmFib2F0XHUwMGUzbyBkb3MgR3VhcmFyYXBlcyJ9XX0=','2014-10-24 20:34:42'),('5jbffn9ubt6bawmsfxd91o2ia5szx01m','MzAxM2I1ZjcyN2QwMjczMTU2MGQxOGQ5NTZmNjgyOGY0ZWZjYmRiODp7ImNpdGllcyI6W3siaWQiOjEsIm5hbWUiOiJPbGluZGEifSx7ImlkIjoyLCJuYW1lIjoiUmVjaWZlIn0seyJpZCI6MywibmFtZSI6IkNhbWFyYWdpYmUifSx7ImlkIjo0LCJuYW1lIjoiSmFib2F0XHUwMGUzbyBkb3MgR3VhcmFyYXBlcyJ9XX0=','2014-10-23 21:34:25'),('5l55m9m9lsnedspau73y8mg00ulsj81y','YTY4YzBiMWJkNGJhNGZkNjQ1YTY2ZjE0YTQxMTExNjVhYjkyZDExNjp7ImNpdHkiOjIsImNpdGllcyI6W3siaWQiOjEsIm5hbWUiOiJPbGluZGEifSx7ImlkIjoyLCJuYW1lIjoiUmVjaWZlIn0seyJpZCI6MywibmFtZSI6IkNhbWFyYWdpYmUifSx7ImlkIjo0LCJuYW1lIjoiSmFib2F0XHUwMGUzbyBkb3MgR3VhcmFyYXBlcyJ9XSwidHlwZW9mZmVyIjoxfQ==','2014-10-29 11:19:23'),('5lgl8otl8izilk17khb03utcw4uhhk31','MzAxM2I1ZjcyN2QwMjczMTU2MGQxOGQ5NTZmNjgyOGY0ZWZjYmRiODp7ImNpdGllcyI6W3siaWQiOjEsIm5hbWUiOiJPbGluZGEifSx7ImlkIjoyLCJuYW1lIjoiUmVjaWZlIn0seyJpZCI6MywibmFtZSI6IkNhbWFyYWdpYmUifSx7ImlkIjo0LCJuYW1lIjoiSmFib2F0XHUwMGUzbyBkb3MgR3VhcmFyYXBlcyJ9XX0=','2014-10-24 19:43:47'),('5o1i1yx5gia0hixdyqpz5xz4gkn8zopi','MzAxM2I1ZjcyN2QwMjczMTU2MGQxOGQ5NTZmNjgyOGY0ZWZjYmRiODp7ImNpdGllcyI6W3siaWQiOjEsIm5hbWUiOiJPbGluZGEifSx7ImlkIjoyLCJuYW1lIjoiUmVjaWZlIn0seyJpZCI6MywibmFtZSI6IkNhbWFyYWdpYmUifSx7ImlkIjo0LCJuYW1lIjoiSmFib2F0XHUwMGUzbyBkb3MgR3VhcmFyYXBlcyJ9XX0=','2014-10-28 16:20:27'),('5pau8c6j0jar8i7o6cquw7ck3c78orhg','MzAxM2I1ZjcyN2QwMjczMTU2MGQxOGQ5NTZmNjgyOGY0ZWZjYmRiODp7ImNpdGllcyI6W3siaWQiOjEsIm5hbWUiOiJPbGluZGEifSx7ImlkIjoyLCJuYW1lIjoiUmVjaWZlIn0seyJpZCI6MywibmFtZSI6IkNhbWFyYWdpYmUifSx7ImlkIjo0LCJuYW1lIjoiSmFib2F0XHUwMGUzbyBkb3MgR3VhcmFyYXBlcyJ9XX0=','2014-10-24 19:39:46'),('5rvjyleu475yy6j84bmzsfbuiln23uv7','MzAxM2I1ZjcyN2QwMjczMTU2MGQxOGQ5NTZmNjgyOGY0ZWZjYmRiODp7ImNpdGllcyI6W3siaWQiOjEsIm5hbWUiOiJPbGluZGEifSx7ImlkIjoyLCJuYW1lIjoiUmVjaWZlIn0seyJpZCI6MywibmFtZSI6IkNhbWFyYWdpYmUifSx7ImlkIjo0LCJuYW1lIjoiSmFib2F0XHUwMGUzbyBkb3MgR3VhcmFyYXBlcyJ9XX0=','2014-10-23 20:30:17'),('5s9i6vr5x0gmm2n2gqywwcwh5rkfw0un','YTY4YzBiMWJkNGJhNGZkNjQ1YTY2ZjE0YTQxMTExNjVhYjkyZDExNjp7ImNpdHkiOjIsImNpdGllcyI6W3siaWQiOjEsIm5hbWUiOiJPbGluZGEifSx7ImlkIjoyLCJuYW1lIjoiUmVjaWZlIn0seyJpZCI6MywibmFtZSI6IkNhbWFyYWdpYmUifSx7ImlkIjo0LCJuYW1lIjoiSmFib2F0XHUwMGUzbyBkb3MgR3VhcmFyYXBlcyJ9XSwidHlwZW9mZmVyIjoxfQ==','2014-10-29 11:30:34'),('5um3uf49q6glt5qdmehd2u63wdam25hz','YTY4YzBiMWJkNGJhNGZkNjQ1YTY2ZjE0YTQxMTExNjVhYjkyZDExNjp7ImNpdHkiOjIsImNpdGllcyI6W3siaWQiOjEsIm5hbWUiOiJPbGluZGEifSx7ImlkIjoyLCJuYW1lIjoiUmVjaWZlIn0seyJpZCI6MywibmFtZSI6IkNhbWFyYWdpYmUifSx7ImlkIjo0LCJuYW1lIjoiSmFib2F0XHUwMGUzbyBkb3MgR3VhcmFyYXBlcyJ9XSwidHlwZW9mZmVyIjoxfQ==','2014-10-29 11:24:32'),('5uvzlseifyvi2m97ik62y3b09g38fkaa','YTY4YzBiMWJkNGJhNGZkNjQ1YTY2ZjE0YTQxMTExNjVhYjkyZDExNjp7ImNpdHkiOjIsImNpdGllcyI6W3siaWQiOjEsIm5hbWUiOiJPbGluZGEifSx7ImlkIjoyLCJuYW1lIjoiUmVjaWZlIn0seyJpZCI6MywibmFtZSI6IkNhbWFyYWdpYmUifSx7ImlkIjo0LCJuYW1lIjoiSmFib2F0XHUwMGUzbyBkb3MgR3VhcmFyYXBlcyJ9XSwidHlwZW9mZmVyIjoxfQ==','2014-10-29 11:24:32'),('5xlvfk6j8f7edcclzfjmuvbx5gnqnwvv','MzAxM2I1ZjcyN2QwMjczMTU2MGQxOGQ5NTZmNjgyOGY0ZWZjYmRiODp7ImNpdGllcyI6W3siaWQiOjEsIm5hbWUiOiJPbGluZGEifSx7ImlkIjoyLCJuYW1lIjoiUmVjaWZlIn0seyJpZCI6MywibmFtZSI6IkNhbWFyYWdpYmUifSx7ImlkIjo0LCJuYW1lIjoiSmFib2F0XHUwMGUzbyBkb3MgR3VhcmFyYXBlcyJ9XX0=','2014-10-27 20:29:07'),('5zhihzl2s3yxfx6cpcr2rkltzjazur0z','MzAxM2I1ZjcyN2QwMjczMTU2MGQxOGQ5NTZmNjgyOGY0ZWZjYmRiODp7ImNpdGllcyI6W3siaWQiOjEsIm5hbWUiOiJPbGluZGEifSx7ImlkIjoyLCJuYW1lIjoiUmVjaWZlIn0seyJpZCI6MywibmFtZSI6IkNhbWFyYWdpYmUifSx7ImlkIjo0LCJuYW1lIjoiSmFib2F0XHUwMGUzbyBkb3MgR3VhcmFyYXBlcyJ9XX0=','2014-10-23 17:57:28'),('5zrhkw4hw126d0czhmfcjab440t7qdek','MzAxM2I1ZjcyN2QwMjczMTU2MGQxOGQ5NTZmNjgyOGY0ZWZjYmRiODp7ImNpdGllcyI6W3siaWQiOjEsIm5hbWUiOiJPbGluZGEifSx7ImlkIjoyLCJuYW1lIjoiUmVjaWZlIn0seyJpZCI6MywibmFtZSI6IkNhbWFyYWdpYmUifSx7ImlkIjo0LCJuYW1lIjoiSmFib2F0XHUwMGUzbyBkb3MgR3VhcmFyYXBlcyJ9XX0=','2014-10-23 20:48:00'),('5zznrepzyi9cby35ovfq4hzcuun19gyv','MzAxM2I1ZjcyN2QwMjczMTU2MGQxOGQ5NTZmNjgyOGY0ZWZjYmRiODp7ImNpdGllcyI6W3siaWQiOjEsIm5hbWUiOiJPbGluZGEifSx7ImlkIjoyLCJuYW1lIjoiUmVjaWZlIn0seyJpZCI6MywibmFtZSI6IkNhbWFyYWdpYmUifSx7ImlkIjo0LCJuYW1lIjoiSmFib2F0XHUwMGUzbyBkb3MgR3VhcmFyYXBlcyJ9XX0=','2014-10-23 18:08:11'),('6037hqp3643o5lz45ikxkx0ansacwmjc','YTY4YzBiMWJkNGJhNGZkNjQ1YTY2ZjE0YTQxMTExNjVhYjkyZDExNjp7ImNpdHkiOjIsImNpdGllcyI6W3siaWQiOjEsIm5hbWUiOiJPbGluZGEifSx7ImlkIjoyLCJuYW1lIjoiUmVjaWZlIn0seyJpZCI6MywibmFtZSI6IkNhbWFyYWdpYmUifSx7ImlkIjo0LCJuYW1lIjoiSmFib2F0XHUwMGUzbyBkb3MgR3VhcmFyYXBlcyJ9XSwidHlwZW9mZmVyIjoxfQ==','2014-10-29 11:45:50'),('61x6y3vueshuy4k45fu4nl6k59qriqb5','MzAxM2I1ZjcyN2QwMjczMTU2MGQxOGQ5NTZmNjgyOGY0ZWZjYmRiODp7ImNpdGllcyI6W3siaWQiOjEsIm5hbWUiOiJPbGluZGEifSx7ImlkIjoyLCJuYW1lIjoiUmVjaWZlIn0seyJpZCI6MywibmFtZSI6IkNhbWFyYWdpYmUifSx7ImlkIjo0LCJuYW1lIjoiSmFib2F0XHUwMGUzbyBkb3MgR3VhcmFyYXBlcyJ9XX0=','2014-10-24 20:24:04'),('62gco3h62v8fabfytdfxiy04tgti2b1k','YTY4YzBiMWJkNGJhNGZkNjQ1YTY2ZjE0YTQxMTExNjVhYjkyZDExNjp7ImNpdHkiOjIsImNpdGllcyI6W3siaWQiOjEsIm5hbWUiOiJPbGluZGEifSx7ImlkIjoyLCJuYW1lIjoiUmVjaWZlIn0seyJpZCI6MywibmFtZSI6IkNhbWFyYWdpYmUifSx7ImlkIjo0LCJuYW1lIjoiSmFib2F0XHUwMGUzbyBkb3MgR3VhcmFyYXBlcyJ9XSwidHlwZW9mZmVyIjoxfQ==','2014-10-29 11:40:52'),('62ou0rjb2kr16j39xblauk32fim3jre4','MzAxM2I1ZjcyN2QwMjczMTU2MGQxOGQ5NTZmNjgyOGY0ZWZjYmRiODp7ImNpdGllcyI6W3siaWQiOjEsIm5hbWUiOiJPbGluZGEifSx7ImlkIjoyLCJuYW1lIjoiUmVjaWZlIn0seyJpZCI6MywibmFtZSI6IkNhbWFyYWdpYmUifSx7ImlkIjo0LCJuYW1lIjoiSmFib2F0XHUwMGUzbyBkb3MgR3VhcmFyYXBlcyJ9XX0=','2014-10-23 20:16:26'),('65gb6jav9je2b07bjxisdo128u5bm8a9','MzAxM2I1ZjcyN2QwMjczMTU2MGQxOGQ5NTZmNjgyOGY0ZWZjYmRiODp7ImNpdGllcyI6W3siaWQiOjEsIm5hbWUiOiJPbGluZGEifSx7ImlkIjoyLCJuYW1lIjoiUmVjaWZlIn0seyJpZCI6MywibmFtZSI6IkNhbWFyYWdpYmUifSx7ImlkIjo0LCJuYW1lIjoiSmFib2F0XHUwMGUzbyBkb3MgR3VhcmFyYXBlcyJ9XX0=','2014-10-27 20:43:47'),('6a8w9xp3z1fryj3ppgw94a7srqtti4t3','MzAxM2I1ZjcyN2QwMjczMTU2MGQxOGQ5NTZmNjgyOGY0ZWZjYmRiODp7ImNpdGllcyI6W3siaWQiOjEsIm5hbWUiOiJPbGluZGEifSx7ImlkIjoyLCJuYW1lIjoiUmVjaWZlIn0seyJpZCI6MywibmFtZSI6IkNhbWFyYWdpYmUifSx7ImlkIjo0LCJuYW1lIjoiSmFib2F0XHUwMGUzbyBkb3MgR3VhcmFyYXBlcyJ9XX0=','2014-10-23 21:02:37'),('6bc8567ab1k9hzmrvdlq1swu25u6hk1f','ZjcyMTljY2YwZDk2ODAzZjFmZDQ0NDg5M2E1NTg1Y2NlNjU2MDE5Njp7ImNpdHkiOjIsImNpdGllcyI6W3siaWQiOjEsIm5hbWUiOiJPbGluZGEifSx7ImlkIjoyLCJuYW1lIjoiUmVjaWZlIn0seyJpZCI6MywibmFtZSI6IkNhbWFyYWdpYmUifSx7ImlkIjo0LCJuYW1lIjoiSmFib2F0XHUwMGUzbyBkb3MgR3VhcmFyYXBlcyJ9XSwidHlwZW9mZmVyIjoyfQ==','2014-10-29 11:32:55'),('6btlw74qi6pjbn60ucfhqhovqaxeyqgz','MzAxM2I1ZjcyN2QwMjczMTU2MGQxOGQ5NTZmNjgyOGY0ZWZjYmRiODp7ImNpdGllcyI6W3siaWQiOjEsIm5hbWUiOiJPbGluZGEifSx7ImlkIjoyLCJuYW1lIjoiUmVjaWZlIn0seyJpZCI6MywibmFtZSI6IkNhbWFyYWdpYmUifSx7ImlkIjo0LCJuYW1lIjoiSmFib2F0XHUwMGUzbyBkb3MgR3VhcmFyYXBlcyJ9XX0=','2014-10-23 21:34:26'),('6cauejh4dx2ygcc4dzyodqvduz7303lb','MzAxM2I1ZjcyN2QwMjczMTU2MGQxOGQ5NTZmNjgyOGY0ZWZjYmRiODp7ImNpdGllcyI6W3siaWQiOjEsIm5hbWUiOiJPbGluZGEifSx7ImlkIjoyLCJuYW1lIjoiUmVjaWZlIn0seyJpZCI6MywibmFtZSI6IkNhbWFyYWdpYmUifSx7ImlkIjo0LCJuYW1lIjoiSmFib2F0XHUwMGUzbyBkb3MgR3VhcmFyYXBlcyJ9XX0=','2014-10-22 18:43:26'),('6h0sct30ugyjaconm3igg43t2vkox1b3','MzAxM2I1ZjcyN2QwMjczMTU2MGQxOGQ5NTZmNjgyOGY0ZWZjYmRiODp7ImNpdGllcyI6W3siaWQiOjEsIm5hbWUiOiJPbGluZGEifSx7ImlkIjoyLCJuYW1lIjoiUmVjaWZlIn0seyJpZCI6MywibmFtZSI6IkNhbWFyYWdpYmUifSx7ImlkIjo0LCJuYW1lIjoiSmFib2F0XHUwMGUzbyBkb3MgR3VhcmFyYXBlcyJ9XX0=','2014-10-23 20:15:17'),('6hmcug34gtjmylirf9wvl5bmagalzwc4','MzAxM2I1ZjcyN2QwMjczMTU2MGQxOGQ5NTZmNjgyOGY0ZWZjYmRiODp7ImNpdGllcyI6W3siaWQiOjEsIm5hbWUiOiJPbGluZGEifSx7ImlkIjoyLCJuYW1lIjoiUmVjaWZlIn0seyJpZCI6MywibmFtZSI6IkNhbWFyYWdpYmUifSx7ImlkIjo0LCJuYW1lIjoiSmFib2F0XHUwMGUzbyBkb3MgR3VhcmFyYXBlcyJ9XX0=','2014-10-23 21:56:26'),('6ice5dm5dntmm4o1ouek0a7q0srs1ksn','MzAxM2I1ZjcyN2QwMjczMTU2MGQxOGQ5NTZmNjgyOGY0ZWZjYmRiODp7ImNpdGllcyI6W3siaWQiOjEsIm5hbWUiOiJPbGluZGEifSx7ImlkIjoyLCJuYW1lIjoiUmVjaWZlIn0seyJpZCI6MywibmFtZSI6IkNhbWFyYWdpYmUifSx7ImlkIjo0LCJuYW1lIjoiSmFib2F0XHUwMGUzbyBkb3MgR3VhcmFyYXBlcyJ9XX0=','2014-10-27 20:38:06'),('6jqszb36pl3336hxl72kmi9ece6paew9','YTY4YzBiMWJkNGJhNGZkNjQ1YTY2ZjE0YTQxMTExNjVhYjkyZDExNjp7ImNpdHkiOjIsImNpdGllcyI6W3siaWQiOjEsIm5hbWUiOiJPbGluZGEifSx7ImlkIjoyLCJuYW1lIjoiUmVjaWZlIn0seyJpZCI6MywibmFtZSI6IkNhbWFyYWdpYmUifSx7ImlkIjo0LCJuYW1lIjoiSmFib2F0XHUwMGUzbyBkb3MgR3VhcmFyYXBlcyJ9XSwidHlwZW9mZmVyIjoxfQ==','2014-10-29 11:15:27'),('6ro0kxb5s2td8xlm7dou7csizff6uaz5','NWVmODRiM2M5MGY2ZDBiN2Y0N2I3OTNiYTZiYjI2NzIwMzBlMjkwODp7fQ==','2014-10-29 15:32:25'),('6rwl9qgwcw52fi7plzu1c2529sijkqjc','MzAxM2I1ZjcyN2QwMjczMTU2MGQxOGQ5NTZmNjgyOGY0ZWZjYmRiODp7ImNpdGllcyI6W3siaWQiOjEsIm5hbWUiOiJPbGluZGEifSx7ImlkIjoyLCJuYW1lIjoiUmVjaWZlIn0seyJpZCI6MywibmFtZSI6IkNhbWFyYWdpYmUifSx7ImlkIjo0LCJuYW1lIjoiSmFib2F0XHUwMGUzbyBkb3MgR3VhcmFyYXBlcyJ9XX0=','2014-10-23 21:12:26'),('6ulp021ge14oyghh9jl65vhrwmxwcuk4','MzAxM2I1ZjcyN2QwMjczMTU2MGQxOGQ5NTZmNjgyOGY0ZWZjYmRiODp7ImNpdGllcyI6W3siaWQiOjEsIm5hbWUiOiJPbGluZGEifSx7ImlkIjoyLCJuYW1lIjoiUmVjaWZlIn0seyJpZCI6MywibmFtZSI6IkNhbWFyYWdpYmUifSx7ImlkIjo0LCJuYW1lIjoiSmFib2F0XHUwMGUzbyBkb3MgR3VhcmFyYXBlcyJ9XX0=','2014-10-27 20:43:49'),('6wjqofpw2n27whc7daylzh50mrmloqgi','MzAxM2I1ZjcyN2QwMjczMTU2MGQxOGQ5NTZmNjgyOGY0ZWZjYmRiODp7ImNpdGllcyI6W3siaWQiOjEsIm5hbWUiOiJPbGluZGEifSx7ImlkIjoyLCJuYW1lIjoiUmVjaWZlIn0seyJpZCI6MywibmFtZSI6IkNhbWFyYWdpYmUifSx7ImlkIjo0LCJuYW1lIjoiSmFib2F0XHUwMGUzbyBkb3MgR3VhcmFyYXBlcyJ9XX0=','2014-10-23 18:06:43'),('6xdl5gtgsq8rjyrtwv8sac9q2xeqxw9w','MzAxM2I1ZjcyN2QwMjczMTU2MGQxOGQ5NTZmNjgyOGY0ZWZjYmRiODp7ImNpdGllcyI6W3siaWQiOjEsIm5hbWUiOiJPbGluZGEifSx7ImlkIjoyLCJuYW1lIjoiUmVjaWZlIn0seyJpZCI6MywibmFtZSI6IkNhbWFyYWdpYmUifSx7ImlkIjo0LCJuYW1lIjoiSmFib2F0XHUwMGUzbyBkb3MgR3VhcmFyYXBlcyJ9XX0=','2014-10-27 20:27:30'),('6xe62aavt65kciya0z5j7z14lcn21gx3','MzAxM2I1ZjcyN2QwMjczMTU2MGQxOGQ5NTZmNjgyOGY0ZWZjYmRiODp7ImNpdGllcyI6W3siaWQiOjEsIm5hbWUiOiJPbGluZGEifSx7ImlkIjoyLCJuYW1lIjoiUmVjaWZlIn0seyJpZCI6MywibmFtZSI6IkNhbWFyYWdpYmUifSx7ImlkIjo0LCJuYW1lIjoiSmFib2F0XHUwMGUzbyBkb3MgR3VhcmFyYXBlcyJ9XX0=','2014-10-24 20:21:09'),('6xftnpfm3aoj5k96ntbp70h6bic18dj7','MzAxM2I1ZjcyN2QwMjczMTU2MGQxOGQ5NTZmNjgyOGY0ZWZjYmRiODp7ImNpdGllcyI6W3siaWQiOjEsIm5hbWUiOiJPbGluZGEifSx7ImlkIjoyLCJuYW1lIjoiUmVjaWZlIn0seyJpZCI6MywibmFtZSI6IkNhbWFyYWdpYmUifSx7ImlkIjo0LCJuYW1lIjoiSmFib2F0XHUwMGUzbyBkb3MgR3VhcmFyYXBlcyJ9XX0=','2014-10-27 21:03:19'),('6yobfuly57y00y4b00wfiorfvubveylh','MDYwZWU0ZjgyZWMwYWUzMGExYjcxZDM0ODE1MjZlMTg3NzIxYWU3NTp7Il9zZXNzaW9uX2V4cGlyeSI6MCwiY2l0aWVzIjpbeyJpZCI6MSwibmFtZSI6Ik9saW5kYSJ9LHsiaWQiOjIsIm5hbWUiOiJSZWNpZmUifSx7ImlkIjozLCJuYW1lIjoiQ2FtYXJhZ2liZSJ9LHsiaWQiOjQsIm5hbWUiOiJKYWJvYXRcdTAwZTNvIGRvcyBHdWFyYXJhcGVzIn1dLCJfYXV0aF91c2VyX2hhc2giOiJkNTVmMmU4NjJiNDkwNmNlYjA1NDYwZjY4OTVlZjA1MGI3MjY1Y2U4IiwiX2F1dGhfdXNlcl9iYWNrZW5kIjoiZGphbmdvLmNvbnRyaWIuYXV0aC5iYWNrZW5kcy5Nb2RlbEJhY2tlbmQiLCJfYXV0aF91c2VyX2lkIjo3fQ==','2014-10-24 19:44:48'),('6z1o3ogg4ch4ixe2swc7j4tj3eqgbdft','MzAxM2I1ZjcyN2QwMjczMTU2MGQxOGQ5NTZmNjgyOGY0ZWZjYmRiODp7ImNpdGllcyI6W3siaWQiOjEsIm5hbWUiOiJPbGluZGEifSx7ImlkIjoyLCJuYW1lIjoiUmVjaWZlIn0seyJpZCI6MywibmFtZSI6IkNhbWFyYWdpYmUifSx7ImlkIjo0LCJuYW1lIjoiSmFib2F0XHUwMGUzbyBkb3MgR3VhcmFyYXBlcyJ9XX0=','2014-10-24 20:20:48'),('6zrxi6lr1lkmiydcxj6lw70ijmkoc10m','MzAxM2I1ZjcyN2QwMjczMTU2MGQxOGQ5NTZmNjgyOGY0ZWZjYmRiODp7ImNpdGllcyI6W3siaWQiOjEsIm5hbWUiOiJPbGluZGEifSx7ImlkIjoyLCJuYW1lIjoiUmVjaWZlIn0seyJpZCI6MywibmFtZSI6IkNhbWFyYWdpYmUifSx7ImlkIjo0LCJuYW1lIjoiSmFib2F0XHUwMGUzbyBkb3MgR3VhcmFyYXBlcyJ9XX0=','2014-10-22 17:52:02'),('7124zqp0y8zwraggb97qb49pvgsiscxw','MzAxM2I1ZjcyN2QwMjczMTU2MGQxOGQ5NTZmNjgyOGY0ZWZjYmRiODp7ImNpdGllcyI6W3siaWQiOjEsIm5hbWUiOiJPbGluZGEifSx7ImlkIjoyLCJuYW1lIjoiUmVjaWZlIn0seyJpZCI6MywibmFtZSI6IkNhbWFyYWdpYmUifSx7ImlkIjo0LCJuYW1lIjoiSmFib2F0XHUwMGUzbyBkb3MgR3VhcmFyYXBlcyJ9XX0=','2014-10-27 20:29:40'),('72682vlja6h8pfrtfe3fy0ffqfqvqu1d','YTY4YzBiMWJkNGJhNGZkNjQ1YTY2ZjE0YTQxMTExNjVhYjkyZDExNjp7ImNpdHkiOjIsImNpdGllcyI6W3siaWQiOjEsIm5hbWUiOiJPbGluZGEifSx7ImlkIjoyLCJuYW1lIjoiUmVjaWZlIn0seyJpZCI6MywibmFtZSI6IkNhbWFyYWdpYmUifSx7ImlkIjo0LCJuYW1lIjoiSmFib2F0XHUwMGUzbyBkb3MgR3VhcmFyYXBlcyJ9XSwidHlwZW9mZmVyIjoxfQ==','2014-10-29 11:16:51'),('766xoy1e4ez4pgk6trx3t2y6oehyas22','MzAxM2I1ZjcyN2QwMjczMTU2MGQxOGQ5NTZmNjgyOGY0ZWZjYmRiODp7ImNpdGllcyI6W3siaWQiOjEsIm5hbWUiOiJPbGluZGEifSx7ImlkIjoyLCJuYW1lIjoiUmVjaWZlIn0seyJpZCI6MywibmFtZSI6IkNhbWFyYWdpYmUifSx7ImlkIjo0LCJuYW1lIjoiSmFib2F0XHUwMGUzbyBkb3MgR3VhcmFyYXBlcyJ9XX0=','2014-10-24 19:39:44'),('767i66kzba6h3l365vq8l1xl7wqdkmpa','MzAxM2I1ZjcyN2QwMjczMTU2MGQxOGQ5NTZmNjgyOGY0ZWZjYmRiODp7ImNpdGllcyI6W3siaWQiOjEsIm5hbWUiOiJPbGluZGEifSx7ImlkIjoyLCJuYW1lIjoiUmVjaWZlIn0seyJpZCI6MywibmFtZSI6IkNhbWFyYWdpYmUifSx7ImlkIjo0LCJuYW1lIjoiSmFib2F0XHUwMGUzbyBkb3MgR3VhcmFyYXBlcyJ9XX0=','2014-10-23 18:20:16'),('76k5xqjk79k9rkw716338qoetrjhmq9m','YTY4YzBiMWJkNGJhNGZkNjQ1YTY2ZjE0YTQxMTExNjVhYjkyZDExNjp7ImNpdHkiOjIsImNpdGllcyI6W3siaWQiOjEsIm5hbWUiOiJPbGluZGEifSx7ImlkIjoyLCJuYW1lIjoiUmVjaWZlIn0seyJpZCI6MywibmFtZSI6IkNhbWFyYWdpYmUifSx7ImlkIjo0LCJuYW1lIjoiSmFib2F0XHUwMGUzbyBkb3MgR3VhcmFyYXBlcyJ9XSwidHlwZW9mZmVyIjoxfQ==','2014-10-28 16:24:29'),('76zquuygnu3d1viwtzbq55rn5cj8udy2','YTY4YzBiMWJkNGJhNGZkNjQ1YTY2ZjE0YTQxMTExNjVhYjkyZDExNjp7ImNpdHkiOjIsImNpdGllcyI6W3siaWQiOjEsIm5hbWUiOiJPbGluZGEifSx7ImlkIjoyLCJuYW1lIjoiUmVjaWZlIn0seyJpZCI6MywibmFtZSI6IkNhbWFyYWdpYmUifSx7ImlkIjo0LCJuYW1lIjoiSmFib2F0XHUwMGUzbyBkb3MgR3VhcmFyYXBlcyJ9XSwidHlwZW9mZmVyIjoxfQ==','2014-10-29 11:30:16'),('778wkk20ke5vixzewk24guf4yxlzpodc','MzAxM2I1ZjcyN2QwMjczMTU2MGQxOGQ5NTZmNjgyOGY0ZWZjYmRiODp7ImNpdGllcyI6W3siaWQiOjEsIm5hbWUiOiJPbGluZGEifSx7ImlkIjoyLCJuYW1lIjoiUmVjaWZlIn0seyJpZCI6MywibmFtZSI6IkNhbWFyYWdpYmUifSx7ImlkIjo0LCJuYW1lIjoiSmFib2F0XHUwMGUzbyBkb3MgR3VhcmFyYXBlcyJ9XX0=','2014-10-22 21:12:58'),('787mhgv7b0ca33rdnj8f2vcjgph4k0er','MzAxM2I1ZjcyN2QwMjczMTU2MGQxOGQ5NTZmNjgyOGY0ZWZjYmRiODp7ImNpdGllcyI6W3siaWQiOjEsIm5hbWUiOiJPbGluZGEifSx7ImlkIjoyLCJuYW1lIjoiUmVjaWZlIn0seyJpZCI6MywibmFtZSI6IkNhbWFyYWdpYmUifSx7ImlkIjo0LCJuYW1lIjoiSmFib2F0XHUwMGUzbyBkb3MgR3VhcmFyYXBlcyJ9XX0=','2014-10-22 17:51:55'),('793t1dspnfj5cafpig286ot3kmjwixm9','MzAxM2I1ZjcyN2QwMjczMTU2MGQxOGQ5NTZmNjgyOGY0ZWZjYmRiODp7ImNpdGllcyI6W3siaWQiOjEsIm5hbWUiOiJPbGluZGEifSx7ImlkIjoyLCJuYW1lIjoiUmVjaWZlIn0seyJpZCI6MywibmFtZSI6IkNhbWFyYWdpYmUifSx7ImlkIjo0LCJuYW1lIjoiSmFib2F0XHUwMGUzbyBkb3MgR3VhcmFyYXBlcyJ9XX0=','2014-10-28 16:19:50'),('7b2m1kfasoqxejctrpyxs8m4zuk11i74','MzAxM2I1ZjcyN2QwMjczMTU2MGQxOGQ5NTZmNjgyOGY0ZWZjYmRiODp7ImNpdGllcyI6W3siaWQiOjEsIm5hbWUiOiJPbGluZGEifSx7ImlkIjoyLCJuYW1lIjoiUmVjaWZlIn0seyJpZCI6MywibmFtZSI6IkNhbWFyYWdpYmUifSx7ImlkIjo0LCJuYW1lIjoiSmFib2F0XHUwMGUzbyBkb3MgR3VhcmFyYXBlcyJ9XX0=','2014-10-24 19:42:32'),('7dld0icelgii4aq8mxl7xaxvx284hqu6','MzAxM2I1ZjcyN2QwMjczMTU2MGQxOGQ5NTZmNjgyOGY0ZWZjYmRiODp7ImNpdGllcyI6W3siaWQiOjEsIm5hbWUiOiJPbGluZGEifSx7ImlkIjoyLCJuYW1lIjoiUmVjaWZlIn0seyJpZCI6MywibmFtZSI6IkNhbWFyYWdpYmUifSx7ImlkIjo0LCJuYW1lIjoiSmFib2F0XHUwMGUzbyBkb3MgR3VhcmFyYXBlcyJ9XX0=','2014-10-27 21:29:34'),('7fac6d38mf6kg87acv2pjhipiuj5762g','MzAxM2I1ZjcyN2QwMjczMTU2MGQxOGQ5NTZmNjgyOGY0ZWZjYmRiODp7ImNpdGllcyI6W3siaWQiOjEsIm5hbWUiOiJPbGluZGEifSx7ImlkIjoyLCJuYW1lIjoiUmVjaWZlIn0seyJpZCI6MywibmFtZSI6IkNhbWFyYWdpYmUifSx7ImlkIjo0LCJuYW1lIjoiSmFib2F0XHUwMGUzbyBkb3MgR3VhcmFyYXBlcyJ9XX0=','2014-10-23 17:56:11'),('7h8s2f0jc6zeaiw3cwv4ukggh19fabkj','MzAxM2I1ZjcyN2QwMjczMTU2MGQxOGQ5NTZmNjgyOGY0ZWZjYmRiODp7ImNpdGllcyI6W3siaWQiOjEsIm5hbWUiOiJPbGluZGEifSx7ImlkIjoyLCJuYW1lIjoiUmVjaWZlIn0seyJpZCI6MywibmFtZSI6IkNhbWFyYWdpYmUifSx7ImlkIjo0LCJuYW1lIjoiSmFib2F0XHUwMGUzbyBkb3MgR3VhcmFyYXBlcyJ9XX0=','2014-10-23 18:14:22'),('7j53smkeua7hhe9n1c3kmf3i7y3xrrch','MzAxM2I1ZjcyN2QwMjczMTU2MGQxOGQ5NTZmNjgyOGY0ZWZjYmRiODp7ImNpdGllcyI6W3siaWQiOjEsIm5hbWUiOiJPbGluZGEifSx7ImlkIjoyLCJuYW1lIjoiUmVjaWZlIn0seyJpZCI6MywibmFtZSI6IkNhbWFyYWdpYmUifSx7ImlkIjo0LCJuYW1lIjoiSmFib2F0XHUwMGUzbyBkb3MgR3VhcmFyYXBlcyJ9XX0=','2014-10-23 21:11:31'),('7j73vq1pw532bwbnvpfz64pcipn24bmm','YTY4YzBiMWJkNGJhNGZkNjQ1YTY2ZjE0YTQxMTExNjVhYjkyZDExNjp7ImNpdHkiOjIsImNpdGllcyI6W3siaWQiOjEsIm5hbWUiOiJPbGluZGEifSx7ImlkIjoyLCJuYW1lIjoiUmVjaWZlIn0seyJpZCI6MywibmFtZSI6IkNhbWFyYWdpYmUifSx7ImlkIjo0LCJuYW1lIjoiSmFib2F0XHUwMGUzbyBkb3MgR3VhcmFyYXBlcyJ9XSwidHlwZW9mZmVyIjoxfQ==','2014-10-29 11:23:07'),('7jgccpvodvbt0fvzw8b2gwjjkxqt457o','MzAxM2I1ZjcyN2QwMjczMTU2MGQxOGQ5NTZmNjgyOGY0ZWZjYmRiODp7ImNpdGllcyI6W3siaWQiOjEsIm5hbWUiOiJPbGluZGEifSx7ImlkIjoyLCJuYW1lIjoiUmVjaWZlIn0seyJpZCI6MywibmFtZSI6IkNhbWFyYWdpYmUifSx7ImlkIjo0LCJuYW1lIjoiSmFib2F0XHUwMGUzbyBkb3MgR3VhcmFyYXBlcyJ9XX0=','2014-10-24 20:15:23'),('7loaxnl3xcyplgwatrgp6r0y7i72nh2w','MzAxM2I1ZjcyN2QwMjczMTU2MGQxOGQ5NTZmNjgyOGY0ZWZjYmRiODp7ImNpdGllcyI6W3siaWQiOjEsIm5hbWUiOiJPbGluZGEifSx7ImlkIjoyLCJuYW1lIjoiUmVjaWZlIn0seyJpZCI6MywibmFtZSI6IkNhbWFyYWdpYmUifSx7ImlkIjo0LCJuYW1lIjoiSmFib2F0XHUwMGUzbyBkb3MgR3VhcmFyYXBlcyJ9XX0=','2014-10-24 19:45:19'),('7mhrw4g9hepqmw6rcora8qizu8812g07','MzAxM2I1ZjcyN2QwMjczMTU2MGQxOGQ5NTZmNjgyOGY0ZWZjYmRiODp7ImNpdGllcyI6W3siaWQiOjEsIm5hbWUiOiJPbGluZGEifSx7ImlkIjoyLCJuYW1lIjoiUmVjaWZlIn0seyJpZCI6MywibmFtZSI6IkNhbWFyYWdpYmUifSx7ImlkIjo0LCJuYW1lIjoiSmFib2F0XHUwMGUzbyBkb3MgR3VhcmFyYXBlcyJ9XX0=','2014-10-23 17:40:34'),('7qf8uo5urch4crsfspardzsbwy22ww19','MzAxM2I1ZjcyN2QwMjczMTU2MGQxOGQ5NTZmNjgyOGY0ZWZjYmRiODp7ImNpdGllcyI6W3siaWQiOjEsIm5hbWUiOiJPbGluZGEifSx7ImlkIjoyLCJuYW1lIjoiUmVjaWZlIn0seyJpZCI6MywibmFtZSI6IkNhbWFyYWdpYmUifSx7ImlkIjo0LCJuYW1lIjoiSmFib2F0XHUwMGUzbyBkb3MgR3VhcmFyYXBlcyJ9XX0=','2014-10-23 21:34:26'),('7r5h28yvcpghgmj5n2borapwyjcy5rnj','MzAxM2I1ZjcyN2QwMjczMTU2MGQxOGQ5NTZmNjgyOGY0ZWZjYmRiODp7ImNpdGllcyI6W3siaWQiOjEsIm5hbWUiOiJPbGluZGEifSx7ImlkIjoyLCJuYW1lIjoiUmVjaWZlIn0seyJpZCI6MywibmFtZSI6IkNhbWFyYWdpYmUifSx7ImlkIjo0LCJuYW1lIjoiSmFib2F0XHUwMGUzbyBkb3MgR3VhcmFyYXBlcyJ9XX0=','2014-10-27 20:51:50'),('7styjmmxegem0qtghmcjw14y5x65fj4o','NWVmODRiM2M5MGY2ZDBiN2Y0N2I3OTNiYTZiYjI2NzIwMzBlMjkwODp7fQ==','2014-10-29 15:32:01'),('7vbsppzj21dnb3ecd9ft70rv9lqnv13a','MzAxM2I1ZjcyN2QwMjczMTU2MGQxOGQ5NTZmNjgyOGY0ZWZjYmRiODp7ImNpdGllcyI6W3siaWQiOjEsIm5hbWUiOiJPbGluZGEifSx7ImlkIjoyLCJuYW1lIjoiUmVjaWZlIn0seyJpZCI6MywibmFtZSI6IkNhbWFyYWdpYmUifSx7ImlkIjo0LCJuYW1lIjoiSmFib2F0XHUwMGUzbyBkb3MgR3VhcmFyYXBlcyJ9XX0=','2014-10-27 22:47:39'),('7ykefm8068rsc8kifh3oo4jecej79et7','MzAxM2I1ZjcyN2QwMjczMTU2MGQxOGQ5NTZmNjgyOGY0ZWZjYmRiODp7ImNpdGllcyI6W3siaWQiOjEsIm5hbWUiOiJPbGluZGEifSx7ImlkIjoyLCJuYW1lIjoiUmVjaWZlIn0seyJpZCI6MywibmFtZSI6IkNhbWFyYWdpYmUifSx7ImlkIjo0LCJuYW1lIjoiSmFib2F0XHUwMGUzbyBkb3MgR3VhcmFyYXBlcyJ9XX0=','2014-10-22 21:10:43'),('7yn7tt2hhj6oddvt59h9u12qxr61vgyv','MzAxM2I1ZjcyN2QwMjczMTU2MGQxOGQ5NTZmNjgyOGY0ZWZjYmRiODp7ImNpdGllcyI6W3siaWQiOjEsIm5hbWUiOiJPbGluZGEifSx7ImlkIjoyLCJuYW1lIjoiUmVjaWZlIn0seyJpZCI6MywibmFtZSI6IkNhbWFyYWdpYmUifSx7ImlkIjo0LCJuYW1lIjoiSmFib2F0XHUwMGUzbyBkb3MgR3VhcmFyYXBlcyJ9XX0=','2014-10-27 20:29:07'),('7z2o1rct44jpg26y99l1n1pdit1qanea','MzAxM2I1ZjcyN2QwMjczMTU2MGQxOGQ5NTZmNjgyOGY0ZWZjYmRiODp7ImNpdGllcyI6W3siaWQiOjEsIm5hbWUiOiJPbGluZGEifSx7ImlkIjoyLCJuYW1lIjoiUmVjaWZlIn0seyJpZCI6MywibmFtZSI6IkNhbWFyYWdpYmUifSx7ImlkIjo0LCJuYW1lIjoiSmFib2F0XHUwMGUzbyBkb3MgR3VhcmFyYXBlcyJ9XX0=','2014-10-22 18:34:31'),('82edx5yujw4rahnpp55zy0t5wbamprlw','MzAxM2I1ZjcyN2QwMjczMTU2MGQxOGQ5NTZmNjgyOGY0ZWZjYmRiODp7ImNpdGllcyI6W3siaWQiOjEsIm5hbWUiOiJPbGluZGEifSx7ImlkIjoyLCJuYW1lIjoiUmVjaWZlIn0seyJpZCI6MywibmFtZSI6IkNhbWFyYWdpYmUifSx7ImlkIjo0LCJuYW1lIjoiSmFib2F0XHUwMGUzbyBkb3MgR3VhcmFyYXBlcyJ9XX0=','2014-10-23 20:33:41'),('82j1bb5n92eqx4pfpuovgtzbugl8cnxa','MzAxM2I1ZjcyN2QwMjczMTU2MGQxOGQ5NTZmNjgyOGY0ZWZjYmRiODp7ImNpdGllcyI6W3siaWQiOjEsIm5hbWUiOiJPbGluZGEifSx7ImlkIjoyLCJuYW1lIjoiUmVjaWZlIn0seyJpZCI6MywibmFtZSI6IkNhbWFyYWdpYmUifSx7ImlkIjo0LCJuYW1lIjoiSmFib2F0XHUwMGUzbyBkb3MgR3VhcmFyYXBlcyJ9XX0=','2014-10-22 15:34:38'),('849ch9o7zuuhgpvd2v5ednuohvxhhios','MzAxM2I1ZjcyN2QwMjczMTU2MGQxOGQ5NTZmNjgyOGY0ZWZjYmRiODp7ImNpdGllcyI6W3siaWQiOjEsIm5hbWUiOiJPbGluZGEifSx7ImlkIjoyLCJuYW1lIjoiUmVjaWZlIn0seyJpZCI6MywibmFtZSI6IkNhbWFyYWdpYmUifSx7ImlkIjo0LCJuYW1lIjoiSmFib2F0XHUwMGUzbyBkb3MgR3VhcmFyYXBlcyJ9XX0=','2014-10-24 19:43:47'),('8b3whq546xi7w9nktkdqtakyeub6jkz4','MzAxM2I1ZjcyN2QwMjczMTU2MGQxOGQ5NTZmNjgyOGY0ZWZjYmRiODp7ImNpdGllcyI6W3siaWQiOjEsIm5hbWUiOiJPbGluZGEifSx7ImlkIjoyLCJuYW1lIjoiUmVjaWZlIn0seyJpZCI6MywibmFtZSI6IkNhbWFyYWdpYmUifSx7ImlkIjo0LCJuYW1lIjoiSmFib2F0XHUwMGUzbyBkb3MgR3VhcmFyYXBlcyJ9XX0=','2014-10-24 19:34:47'),('8bem1cmw6dk5g42otwallrfqgfbm3w32','MzAxM2I1ZjcyN2QwMjczMTU2MGQxOGQ5NTZmNjgyOGY0ZWZjYmRiODp7ImNpdGllcyI6W3siaWQiOjEsIm5hbWUiOiJPbGluZGEifSx7ImlkIjoyLCJuYW1lIjoiUmVjaWZlIn0seyJpZCI6MywibmFtZSI6IkNhbWFyYWdpYmUifSx7ImlkIjo0LCJuYW1lIjoiSmFib2F0XHUwMGUzbyBkb3MgR3VhcmFyYXBlcyJ9XX0=','2014-10-27 16:58:53'),('8dbi2a70zd35gkmv455h33k5ag6f57c7','MzAxM2I1ZjcyN2QwMjczMTU2MGQxOGQ5NTZmNjgyOGY0ZWZjYmRiODp7ImNpdGllcyI6W3siaWQiOjEsIm5hbWUiOiJPbGluZGEifSx7ImlkIjoyLCJuYW1lIjoiUmVjaWZlIn0seyJpZCI6MywibmFtZSI6IkNhbWFyYWdpYmUifSx7ImlkIjo0LCJuYW1lIjoiSmFib2F0XHUwMGUzbyBkb3MgR3VhcmFyYXBlcyJ9XX0=','2014-10-24 19:43:20'),('8eje1tghto37t72pi3gue84s0ur9iwwj','YTY4YzBiMWJkNGJhNGZkNjQ1YTY2ZjE0YTQxMTExNjVhYjkyZDExNjp7ImNpdHkiOjIsImNpdGllcyI6W3siaWQiOjEsIm5hbWUiOiJPbGluZGEifSx7ImlkIjoyLCJuYW1lIjoiUmVjaWZlIn0seyJpZCI6MywibmFtZSI6IkNhbWFyYWdpYmUifSx7ImlkIjo0LCJuYW1lIjoiSmFib2F0XHUwMGUzbyBkb3MgR3VhcmFyYXBlcyJ9XSwidHlwZW9mZmVyIjoxfQ==','2014-10-29 11:14:10'),('8fkrapmhm2qbhptkvify8gfkiu3zdzai','MzAxM2I1ZjcyN2QwMjczMTU2MGQxOGQ5NTZmNjgyOGY0ZWZjYmRiODp7ImNpdGllcyI6W3siaWQiOjEsIm5hbWUiOiJPbGluZGEifSx7ImlkIjoyLCJuYW1lIjoiUmVjaWZlIn0seyJpZCI6MywibmFtZSI6IkNhbWFyYWdpYmUifSx7ImlkIjo0LCJuYW1lIjoiSmFib2F0XHUwMGUzbyBkb3MgR3VhcmFyYXBlcyJ9XX0=','2014-10-27 22:46:35'),('8gywlr7oq199f01j98yb7ebu6x5mxlpq','MzAxM2I1ZjcyN2QwMjczMTU2MGQxOGQ5NTZmNjgyOGY0ZWZjYmRiODp7ImNpdGllcyI6W3siaWQiOjEsIm5hbWUiOiJPbGluZGEifSx7ImlkIjoyLCJuYW1lIjoiUmVjaWZlIn0seyJpZCI6MywibmFtZSI6IkNhbWFyYWdpYmUifSx7ImlkIjo0LCJuYW1lIjoiSmFib2F0XHUwMGUzbyBkb3MgR3VhcmFyYXBlcyJ9XX0=','2014-10-23 21:53:53'),('8h1twcpe0h46kp87gdmaqa1grnwtmjnf','MzAxM2I1ZjcyN2QwMjczMTU2MGQxOGQ5NTZmNjgyOGY0ZWZjYmRiODp7ImNpdGllcyI6W3siaWQiOjEsIm5hbWUiOiJPbGluZGEifSx7ImlkIjoyLCJuYW1lIjoiUmVjaWZlIn0seyJpZCI6MywibmFtZSI6IkNhbWFyYWdpYmUifSx7ImlkIjo0LCJuYW1lIjoiSmFib2F0XHUwMGUzbyBkb3MgR3VhcmFyYXBlcyJ9XX0=','2014-10-22 18:34:32'),('8i7kom9hbwbl4ayar92nmhr5z9u5x1c3','OWMwNGI3Y2NlN2ExNjVjZGY1ZjkwNDE1ZDUxN2EwODY1ZTVkNTI0Mzp7ImNpdHkiOjIsIl9hdXRoX3VzZXJfaGFzaCI6IjUxYjY5ZGVhOTA3NmQ5MjIxNDMyOWZjNjc4ZmRjYjkzZTU0MDVjY2QiLCJfYXV0aF91c2VyX2lkIjoyLCJfYXV0aF91c2VyX2JhY2tlbmQiOiJhY2NvdW50LmJhY2tlbmRzLkFjY291bnRzQmFja2VuZC5BY2NvdW50c0JhY2tlbmQiLCJ0eXBlb2ZmZXIiOjEsIl9zZXNzaW9uX2V4cGlyeSI6MCwiY2l0aWVzIjpbeyJpZCI6MSwibmFtZSI6Ik9saW5kYSJ9LHsiaWQiOjIsIm5hbWUiOiJSZWNpZmUifSx7ImlkIjozLCJuYW1lIjoiQ2FtYXJhZ2liZSJ9LHsiaWQiOjQsIm5hbWUiOiJKYWJvYXRcdTAwZTNvIGRvcyBHdWFyYXJhcGVzIn1dfQ==','2014-11-12 16:15:48'),('8jayetzvsc9hgmqp2t5nw1fa1uq9msxr','MzAxM2I1ZjcyN2QwMjczMTU2MGQxOGQ5NTZmNjgyOGY0ZWZjYmRiODp7ImNpdGllcyI6W3siaWQiOjEsIm5hbWUiOiJPbGluZGEifSx7ImlkIjoyLCJuYW1lIjoiUmVjaWZlIn0seyJpZCI6MywibmFtZSI6IkNhbWFyYWdpYmUifSx7ImlkIjo0LCJuYW1lIjoiSmFib2F0XHUwMGUzbyBkb3MgR3VhcmFyYXBlcyJ9XX0=','2014-10-27 20:39:10'),('8k308v5iq0v8a0xxvsg0115xacgqnvui','OTlkMjVkZTcxMTJhZGVmMWU4YjgyNDk5ZjUxYzg2NDdhZDlkY2I4Mjp7Il9zZXNzaW9uX2V4cGlyeSI6MCwiX2F1dGhfdXNlcl9oYXNoIjoiYjk3NmEwNjE1YWU4MDAwMDM0MDA0NGUyYjljNzg0NjJhMTRlMDQ0MyIsIl9hdXRoX3VzZXJfYmFja2VuZCI6ImFjY291bnQuYmFja2VuZHMuQWNjb3VudHNCYWNrZW5kLkFjY291bnRzQmFja2VuZCIsIl9hdXRoX3VzZXJfaWQiOjJ9','2014-10-06 22:19:12'),('8l254jamfykdwastofscqjwvfpjh8snf','MzAxM2I1ZjcyN2QwMjczMTU2MGQxOGQ5NTZmNjgyOGY0ZWZjYmRiODp7ImNpdGllcyI6W3siaWQiOjEsIm5hbWUiOiJPbGluZGEifSx7ImlkIjoyLCJuYW1lIjoiUmVjaWZlIn0seyJpZCI6MywibmFtZSI6IkNhbWFyYWdpYmUifSx7ImlkIjo0LCJuYW1lIjoiSmFib2F0XHUwMGUzbyBkb3MgR3VhcmFyYXBlcyJ9XX0=','2014-10-23 20:33:41'),('8lzuzeibdr2jx1u7ri9o8gnulasgkhm7','MzAxM2I1ZjcyN2QwMjczMTU2MGQxOGQ5NTZmNjgyOGY0ZWZjYmRiODp7ImNpdGllcyI6W3siaWQiOjEsIm5hbWUiOiJPbGluZGEifSx7ImlkIjoyLCJuYW1lIjoiUmVjaWZlIn0seyJpZCI6MywibmFtZSI6IkNhbWFyYWdpYmUifSx7ImlkIjo0LCJuYW1lIjoiSmFib2F0XHUwMGUzbyBkb3MgR3VhcmFyYXBlcyJ9XX0=','2014-10-24 20:35:59'),('8m2v5bgl3t9704ipefae57sknokeb6t8','MzAxM2I1ZjcyN2QwMjczMTU2MGQxOGQ5NTZmNjgyOGY0ZWZjYmRiODp7ImNpdGllcyI6W3siaWQiOjEsIm5hbWUiOiJPbGluZGEifSx7ImlkIjoyLCJuYW1lIjoiUmVjaWZlIn0seyJpZCI6MywibmFtZSI6IkNhbWFyYWdpYmUifSx7ImlkIjo0LCJuYW1lIjoiSmFib2F0XHUwMGUzbyBkb3MgR3VhcmFyYXBlcyJ9XX0=','2014-10-23 18:17:45'),('8mawmoca4hmnltu5hobz2dj97g0o6ln0','MzAxM2I1ZjcyN2QwMjczMTU2MGQxOGQ5NTZmNjgyOGY0ZWZjYmRiODp7ImNpdGllcyI6W3siaWQiOjEsIm5hbWUiOiJPbGluZGEifSx7ImlkIjoyLCJuYW1lIjoiUmVjaWZlIn0seyJpZCI6MywibmFtZSI6IkNhbWFyYWdpYmUifSx7ImlkIjo0LCJuYW1lIjoiSmFib2F0XHUwMGUzbyBkb3MgR3VhcmFyYXBlcyJ9XX0=','2014-10-22 16:38:30'),('8nf2apoxp3pmyy8v1k0n1fdfk6msbs67','MzAxM2I1ZjcyN2QwMjczMTU2MGQxOGQ5NTZmNjgyOGY0ZWZjYmRiODp7ImNpdGllcyI6W3siaWQiOjEsIm5hbWUiOiJPbGluZGEifSx7ImlkIjoyLCJuYW1lIjoiUmVjaWZlIn0seyJpZCI6MywibmFtZSI6IkNhbWFyYWdpYmUifSx7ImlkIjo0LCJuYW1lIjoiSmFib2F0XHUwMGUzbyBkb3MgR3VhcmFyYXBlcyJ9XX0=','2014-10-23 20:15:18'),('8ofs8uuuut8z2ak6zks0tztuk2p1lpvh','MzAxM2I1ZjcyN2QwMjczMTU2MGQxOGQ5NTZmNjgyOGY0ZWZjYmRiODp7ImNpdGllcyI6W3siaWQiOjEsIm5hbWUiOiJPbGluZGEifSx7ImlkIjoyLCJuYW1lIjoiUmVjaWZlIn0seyJpZCI6MywibmFtZSI6IkNhbWFyYWdpYmUifSx7ImlkIjo0LCJuYW1lIjoiSmFib2F0XHUwMGUzbyBkb3MgR3VhcmFyYXBlcyJ9XX0=','2014-10-24 20:23:22'),('8pzpx3wvp1ibpjdig4s7bl3n7rtci012','MzAxM2I1ZjcyN2QwMjczMTU2MGQxOGQ5NTZmNjgyOGY0ZWZjYmRiODp7ImNpdGllcyI6W3siaWQiOjEsIm5hbWUiOiJPbGluZGEifSx7ImlkIjoyLCJuYW1lIjoiUmVjaWZlIn0seyJpZCI6MywibmFtZSI6IkNhbWFyYWdpYmUifSx7ImlkIjo0LCJuYW1lIjoiSmFib2F0XHUwMGUzbyBkb3MgR3VhcmFyYXBlcyJ9XX0=','2014-10-24 20:20:48'),('8r3wrmu24uwsnems33toixzo155u3971','MzAxM2I1ZjcyN2QwMjczMTU2MGQxOGQ5NTZmNjgyOGY0ZWZjYmRiODp7ImNpdGllcyI6W3siaWQiOjEsIm5hbWUiOiJPbGluZGEifSx7ImlkIjoyLCJuYW1lIjoiUmVjaWZlIn0seyJpZCI6MywibmFtZSI6IkNhbWFyYWdpYmUifSx7ImlkIjo0LCJuYW1lIjoiSmFib2F0XHUwMGUzbyBkb3MgR3VhcmFyYXBlcyJ9XX0=','2014-10-27 20:32:33'),('8sq14dmel5l7mntuv118uek6q0164fz7','MzAxM2I1ZjcyN2QwMjczMTU2MGQxOGQ5NTZmNjgyOGY0ZWZjYmRiODp7ImNpdGllcyI6W3siaWQiOjEsIm5hbWUiOiJPbGluZGEifSx7ImlkIjoyLCJuYW1lIjoiUmVjaWZlIn0seyJpZCI6MywibmFtZSI6IkNhbWFyYWdpYmUifSx7ImlkIjo0LCJuYW1lIjoiSmFib2F0XHUwMGUzbyBkb3MgR3VhcmFyYXBlcyJ9XX0=','2014-10-24 20:29:17'),('8util947ag42qa1xy3zop05uv8f97xf8','MzAxM2I1ZjcyN2QwMjczMTU2MGQxOGQ5NTZmNjgyOGY0ZWZjYmRiODp7ImNpdGllcyI6W3siaWQiOjEsIm5hbWUiOiJPbGluZGEifSx7ImlkIjoyLCJuYW1lIjoiUmVjaWZlIn0seyJpZCI6MywibmFtZSI6IkNhbWFyYWdpYmUifSx7ImlkIjo0LCJuYW1lIjoiSmFib2F0XHUwMGUzbyBkb3MgR3VhcmFyYXBlcyJ9XX0=','2014-10-23 21:11:31'),('8v3507oprc9dbiezfj0706zp97lhugi1','MzAxM2I1ZjcyN2QwMjczMTU2MGQxOGQ5NTZmNjgyOGY0ZWZjYmRiODp7ImNpdGllcyI6W3siaWQiOjEsIm5hbWUiOiJPbGluZGEifSx7ImlkIjoyLCJuYW1lIjoiUmVjaWZlIn0seyJpZCI6MywibmFtZSI6IkNhbWFyYWdpYmUifSx7ImlkIjo0LCJuYW1lIjoiSmFib2F0XHUwMGUzbyBkb3MgR3VhcmFyYXBlcyJ9XX0=','2014-10-23 21:53:20'),('8wvr6lloxabhhyp3be83ulrxnkbjaemn','YzAzMzhmMzcxMTk5ZDlhYmNiMDQ0MmJlMWY3NjdmMzliZDhhY2Y0MTp7ImNpdHkiOjIsIl9hdXRoX3VzZXJfaGFzaCI6ImMxYTg1OTFmMTFlYzc0NjJkZTFhNDBmMzc2NjA3NTY4ODIyOGE0ZmMiLCJfYXV0aF91c2VyX2lkIjoxLCJfYXV0aF91c2VyX2JhY2tlbmQiOiJkamFuZ28uY29udHJpYi5hdXRoLmJhY2tlbmRzLk1vZGVsQmFja2VuZCIsInR5cGVvZmZlciI6MSwiY2l0aWVzIjpbeyJpZCI6MSwibmFtZSI6Ik9saW5kYSJ9LHsiaWQiOjIsIm5hbWUiOiJSZWNpZmUifSx7ImlkIjozLCJuYW1lIjoiQ2FtYXJhZ2liZSJ9LHsiaWQiOjQsIm5hbWUiOiJKYWJvYXRcdTAwZTNvIGRvcyBHdWFyYXJhcGVzIn1dfQ==','2014-11-04 15:23:04'),('8zai8nj7ajbnwg4jclrgq92jule2ao5z','MzAxM2I1ZjcyN2QwMjczMTU2MGQxOGQ5NTZmNjgyOGY0ZWZjYmRiODp7ImNpdGllcyI6W3siaWQiOjEsIm5hbWUiOiJPbGluZGEifSx7ImlkIjoyLCJuYW1lIjoiUmVjaWZlIn0seyJpZCI6MywibmFtZSI6IkNhbWFyYWdpYmUifSx7ImlkIjo0LCJuYW1lIjoiSmFib2F0XHUwMGUzbyBkb3MgR3VhcmFyYXBlcyJ9XX0=','2014-10-27 20:53:25'),('8zexvhr1r8hlggflngtql3lnqgww4cxs','MzAxM2I1ZjcyN2QwMjczMTU2MGQxOGQ5NTZmNjgyOGY0ZWZjYmRiODp7ImNpdGllcyI6W3siaWQiOjEsIm5hbWUiOiJPbGluZGEifSx7ImlkIjoyLCJuYW1lIjoiUmVjaWZlIn0seyJpZCI6MywibmFtZSI6IkNhbWFyYWdpYmUifSx7ImlkIjo0LCJuYW1lIjoiSmFib2F0XHUwMGUzbyBkb3MgR3VhcmFyYXBlcyJ9XX0=','2014-10-23 21:33:54'),('8zzsug2pdjybaokpvbin4bljmm0p9a0m','MzAxM2I1ZjcyN2QwMjczMTU2MGQxOGQ5NTZmNjgyOGY0ZWZjYmRiODp7ImNpdGllcyI6W3siaWQiOjEsIm5hbWUiOiJPbGluZGEifSx7ImlkIjoyLCJuYW1lIjoiUmVjaWZlIn0seyJpZCI6MywibmFtZSI6IkNhbWFyYWdpYmUifSx7ImlkIjo0LCJuYW1lIjoiSmFib2F0XHUwMGUzbyBkb3MgR3VhcmFyYXBlcyJ9XX0=','2014-10-22 17:52:03'),('91ondqubs13d5f692im54y9czywamp1g','MzAxM2I1ZjcyN2QwMjczMTU2MGQxOGQ5NTZmNjgyOGY0ZWZjYmRiODp7ImNpdGllcyI6W3siaWQiOjEsIm5hbWUiOiJPbGluZGEifSx7ImlkIjoyLCJuYW1lIjoiUmVjaWZlIn0seyJpZCI6MywibmFtZSI6IkNhbWFyYWdpYmUifSx7ImlkIjo0LCJuYW1lIjoiSmFib2F0XHUwMGUzbyBkb3MgR3VhcmFyYXBlcyJ9XX0=','2014-10-27 20:27:30'),('93bz89oevvpu5p7hpzjfzbbxys28ottj','MzAxM2I1ZjcyN2QwMjczMTU2MGQxOGQ5NTZmNjgyOGY0ZWZjYmRiODp7ImNpdGllcyI6W3siaWQiOjEsIm5hbWUiOiJPbGluZGEifSx7ImlkIjoyLCJuYW1lIjoiUmVjaWZlIn0seyJpZCI6MywibmFtZSI6IkNhbWFyYWdpYmUifSx7ImlkIjo0LCJuYW1lIjoiSmFib2F0XHUwMGUzbyBkb3MgR3VhcmFyYXBlcyJ9XX0=','2014-10-23 21:57:01'),('93uwtuyccixb4nltk15df18ti77cgpwd','MzAxM2I1ZjcyN2QwMjczMTU2MGQxOGQ5NTZmNjgyOGY0ZWZjYmRiODp7ImNpdGllcyI6W3siaWQiOjEsIm5hbWUiOiJPbGluZGEifSx7ImlkIjoyLCJuYW1lIjoiUmVjaWZlIn0seyJpZCI6MywibmFtZSI6IkNhbWFyYWdpYmUifSx7ImlkIjo0LCJuYW1lIjoiSmFib2F0XHUwMGUzbyBkb3MgR3VhcmFyYXBlcyJ9XX0=','2014-10-23 20:16:26'),('94k6lfuhg29jumr9jj5i0r7xbei32rxt','MzAxM2I1ZjcyN2QwMjczMTU2MGQxOGQ5NTZmNjgyOGY0ZWZjYmRiODp7ImNpdGllcyI6W3siaWQiOjEsIm5hbWUiOiJPbGluZGEifSx7ImlkIjoyLCJuYW1lIjoiUmVjaWZlIn0seyJpZCI6MywibmFtZSI6IkNhbWFyYWdpYmUifSx7ImlkIjo0LCJuYW1lIjoiSmFib2F0XHUwMGUzbyBkb3MgR3VhcmFyYXBlcyJ9XX0=','2014-10-27 16:37:57'),('97vvdv5h659iolh6iz7z6qia2yoklmt5','MzAxM2I1ZjcyN2QwMjczMTU2MGQxOGQ5NTZmNjgyOGY0ZWZjYmRiODp7ImNpdGllcyI6W3siaWQiOjEsIm5hbWUiOiJPbGluZGEifSx7ImlkIjoyLCJuYW1lIjoiUmVjaWZlIn0seyJpZCI6MywibmFtZSI6IkNhbWFyYWdpYmUifSx7ImlkIjo0LCJuYW1lIjoiSmFib2F0XHUwMGUzbyBkb3MgR3VhcmFyYXBlcyJ9XX0=','2014-10-23 21:17:38'),('98177t2j7mlzzluqqnq0uxh7z9qj4lhy','YTY4YzBiMWJkNGJhNGZkNjQ1YTY2ZjE0YTQxMTExNjVhYjkyZDExNjp7ImNpdHkiOjIsImNpdGllcyI6W3siaWQiOjEsIm5hbWUiOiJPbGluZGEifSx7ImlkIjoyLCJuYW1lIjoiUmVjaWZlIn0seyJpZCI6MywibmFtZSI6IkNhbWFyYWdpYmUifSx7ImlkIjo0LCJuYW1lIjoiSmFib2F0XHUwMGUzbyBkb3MgR3VhcmFyYXBlcyJ9XSwidHlwZW9mZmVyIjoxfQ==','2014-10-29 11:13:44'),('98tn87b1linzotrj5i0tsh1drjqv7jx0','YTY4YzBiMWJkNGJhNGZkNjQ1YTY2ZjE0YTQxMTExNjVhYjkyZDExNjp7ImNpdHkiOjIsImNpdGllcyI6W3siaWQiOjEsIm5hbWUiOiJPbGluZGEifSx7ImlkIjoyLCJuYW1lIjoiUmVjaWZlIn0seyJpZCI6MywibmFtZSI6IkNhbWFyYWdpYmUifSx7ImlkIjo0LCJuYW1lIjoiSmFib2F0XHUwMGUzbyBkb3MgR3VhcmFyYXBlcyJ9XSwidHlwZW9mZmVyIjoxfQ==','2014-10-29 11:40:17'),('995bo1shvsvcmuss87vphwb1qx2io3mh','MzAxM2I1ZjcyN2QwMjczMTU2MGQxOGQ5NTZmNjgyOGY0ZWZjYmRiODp7ImNpdGllcyI6W3siaWQiOjEsIm5hbWUiOiJPbGluZGEifSx7ImlkIjoyLCJuYW1lIjoiUmVjaWZlIn0seyJpZCI6MywibmFtZSI6IkNhbWFyYWdpYmUifSx7ImlkIjo0LCJuYW1lIjoiSmFib2F0XHUwMGUzbyBkb3MgR3VhcmFyYXBlcyJ9XX0=','2014-10-27 20:37:38'),('99rlcni7f94erhiyk57yr1fa5xloxyso','MzAxM2I1ZjcyN2QwMjczMTU2MGQxOGQ5NTZmNjgyOGY0ZWZjYmRiODp7ImNpdGllcyI6W3siaWQiOjEsIm5hbWUiOiJPbGluZGEifSx7ImlkIjoyLCJuYW1lIjoiUmVjaWZlIn0seyJpZCI6MywibmFtZSI6IkNhbWFyYWdpYmUifSx7ImlkIjo0LCJuYW1lIjoiSmFib2F0XHUwMGUzbyBkb3MgR3VhcmFyYXBlcyJ9XX0=','2014-10-28 16:17:00'),('9b7ngiujbfdvhrw87t3nl9wapxjn37gm','MzAxM2I1ZjcyN2QwMjczMTU2MGQxOGQ5NTZmNjgyOGY0ZWZjYmRiODp7ImNpdGllcyI6W3siaWQiOjEsIm5hbWUiOiJPbGluZGEifSx7ImlkIjoyLCJuYW1lIjoiUmVjaWZlIn0seyJpZCI6MywibmFtZSI6IkNhbWFyYWdpYmUifSx7ImlkIjo0LCJuYW1lIjoiSmFib2F0XHUwMGUzbyBkb3MgR3VhcmFyYXBlcyJ9XX0=','2014-10-24 19:40:43'),('9de8db53sgey72uawgzbyxrc9bpzac4r','MzAxM2I1ZjcyN2QwMjczMTU2MGQxOGQ5NTZmNjgyOGY0ZWZjYmRiODp7ImNpdGllcyI6W3siaWQiOjEsIm5hbWUiOiJPbGluZGEifSx7ImlkIjoyLCJuYW1lIjoiUmVjaWZlIn0seyJpZCI6MywibmFtZSI6IkNhbWFyYWdpYmUifSx7ImlkIjo0LCJuYW1lIjoiSmFib2F0XHUwMGUzbyBkb3MgR3VhcmFyYXBlcyJ9XX0=','2014-10-24 20:24:04'),('9etpzookfz3din8hfmtsuyqvdgigvktv','MzAxM2I1ZjcyN2QwMjczMTU2MGQxOGQ5NTZmNjgyOGY0ZWZjYmRiODp7ImNpdGllcyI6W3siaWQiOjEsIm5hbWUiOiJPbGluZGEifSx7ImlkIjoyLCJuYW1lIjoiUmVjaWZlIn0seyJpZCI6MywibmFtZSI6IkNhbWFyYWdpYmUifSx7ImlkIjo0LCJuYW1lIjoiSmFib2F0XHUwMGUzbyBkb3MgR3VhcmFyYXBlcyJ9XX0=','2014-10-24 20:34:41'),('9ia2s84o6x5d7w2owszapwgmc2xzt28y','MzAxM2I1ZjcyN2QwMjczMTU2MGQxOGQ5NTZmNjgyOGY0ZWZjYmRiODp7ImNpdGllcyI6W3siaWQiOjEsIm5hbWUiOiJPbGluZGEifSx7ImlkIjoyLCJuYW1lIjoiUmVjaWZlIn0seyJpZCI6MywibmFtZSI6IkNhbWFyYWdpYmUifSx7ImlkIjo0LCJuYW1lIjoiSmFib2F0XHUwMGUzbyBkb3MgR3VhcmFyYXBlcyJ9XX0=','2014-10-23 21:33:55'),('9mqbzqy6py5wgbukrxeouzfaq6vi3kpe','MzAxM2I1ZjcyN2QwMjczMTU2MGQxOGQ5NTZmNjgyOGY0ZWZjYmRiODp7ImNpdGllcyI6W3siaWQiOjEsIm5hbWUiOiJPbGluZGEifSx7ImlkIjoyLCJuYW1lIjoiUmVjaWZlIn0seyJpZCI6MywibmFtZSI6IkNhbWFyYWdpYmUifSx7ImlkIjo0LCJuYW1lIjoiSmFib2F0XHUwMGUzbyBkb3MgR3VhcmFyYXBlcyJ9XX0=','2014-10-24 20:30:34'),('9rrze7oaq2hwojzxhs5gvke36l62r5vv','YTY4YzBiMWJkNGJhNGZkNjQ1YTY2ZjE0YTQxMTExNjVhYjkyZDExNjp7ImNpdHkiOjIsImNpdGllcyI6W3siaWQiOjEsIm5hbWUiOiJPbGluZGEifSx7ImlkIjoyLCJuYW1lIjoiUmVjaWZlIn0seyJpZCI6MywibmFtZSI6IkNhbWFyYWdpYmUifSx7ImlkIjo0LCJuYW1lIjoiSmFib2F0XHUwMGUzbyBkb3MgR3VhcmFyYXBlcyJ9XSwidHlwZW9mZmVyIjoxfQ==','2014-10-29 11:19:21'),('9sbnud8pie5uojle20kcvdlg7jd3udvr','MzAxM2I1ZjcyN2QwMjczMTU2MGQxOGQ5NTZmNjgyOGY0ZWZjYmRiODp7ImNpdGllcyI6W3siaWQiOjEsIm5hbWUiOiJPbGluZGEifSx7ImlkIjoyLCJuYW1lIjoiUmVjaWZlIn0seyJpZCI6MywibmFtZSI6IkNhbWFyYWdpYmUifSx7ImlkIjo0LCJuYW1lIjoiSmFib2F0XHUwMGUzbyBkb3MgR3VhcmFyYXBlcyJ9XX0=','2014-10-24 19:42:31'),('9t8uqzln78ces1x310o012iapeovn8xh','MzAxM2I1ZjcyN2QwMjczMTU2MGQxOGQ5NTZmNjgyOGY0ZWZjYmRiODp7ImNpdGllcyI6W3siaWQiOjEsIm5hbWUiOiJPbGluZGEifSx7ImlkIjoyLCJuYW1lIjoiUmVjaWZlIn0seyJpZCI6MywibmFtZSI6IkNhbWFyYWdpYmUifSx7ImlkIjo0LCJuYW1lIjoiSmFib2F0XHUwMGUzbyBkb3MgR3VhcmFyYXBlcyJ9XX0=','2014-10-24 19:41:17'),('9tih3hv3qcoq38pylhwo7lx3eazpynpx','ZTlhNDU5NTUyNjc5MTNhMDRiNGFjZTI0NzZmMDAzMTU3YmVkZDU5Mzp7Il9hdXRoX3VzZXJfYmFja2VuZCI6ImRqYW5nby5jb250cmliLmF1dGguYmFja2VuZHMuTW9kZWxCYWNrZW5kIiwiTElTVF9RVUVSWSI6W1siYXV0aCIsImdyb3VwIl0sIiJdLCJfYXV0aF91c2VyX2hhc2giOiJjMWE4NTkxZjExZWM3NDYyZGUxYTQwZjM3NjYwNzU2ODgyMjhhNGZjIiwiX2F1dGhfdXNlcl9pZCI6MX0=','2014-10-03 20:46:00'),('9tkkw9u4wj1ezf3upo966gn2zy0ge9ls','MzAxM2I1ZjcyN2QwMjczMTU2MGQxOGQ5NTZmNjgyOGY0ZWZjYmRiODp7ImNpdGllcyI6W3siaWQiOjEsIm5hbWUiOiJPbGluZGEifSx7ImlkIjoyLCJuYW1lIjoiUmVjaWZlIn0seyJpZCI6MywibmFtZSI6IkNhbWFyYWdpYmUifSx7ImlkIjo0LCJuYW1lIjoiSmFib2F0XHUwMGUzbyBkb3MgR3VhcmFyYXBlcyJ9XX0=','2014-10-24 20:14:44'),('9tpd4nccwznbr8a45ovatr91gapp91vl','MzAxM2I1ZjcyN2QwMjczMTU2MGQxOGQ5NTZmNjgyOGY0ZWZjYmRiODp7ImNpdGllcyI6W3siaWQiOjEsIm5hbWUiOiJPbGluZGEifSx7ImlkIjoyLCJuYW1lIjoiUmVjaWZlIn0seyJpZCI6MywibmFtZSI6IkNhbWFyYWdpYmUifSx7ImlkIjo0LCJuYW1lIjoiSmFib2F0XHUwMGUzbyBkb3MgR3VhcmFyYXBlcyJ9XX0=','2014-10-27 20:39:10'),('9wlhf9oy5f60ygak9bjzbk5ah0z8n4r4','MzAxM2I1ZjcyN2QwMjczMTU2MGQxOGQ5NTZmNjgyOGY0ZWZjYmRiODp7ImNpdGllcyI6W3siaWQiOjEsIm5hbWUiOiJPbGluZGEifSx7ImlkIjoyLCJuYW1lIjoiUmVjaWZlIn0seyJpZCI6MywibmFtZSI6IkNhbWFyYWdpYmUifSx7ImlkIjo0LCJuYW1lIjoiSmFib2F0XHUwMGUzbyBkb3MgR3VhcmFyYXBlcyJ9XX0=','2014-10-23 20:21:28'),('9xd2932m0ff76bfaigga4ewj79l8wdnl','MzAxM2I1ZjcyN2QwMjczMTU2MGQxOGQ5NTZmNjgyOGY0ZWZjYmRiODp7ImNpdGllcyI6W3siaWQiOjEsIm5hbWUiOiJPbGluZGEifSx7ImlkIjoyLCJuYW1lIjoiUmVjaWZlIn0seyJpZCI6MywibmFtZSI6IkNhbWFyYWdpYmUifSx7ImlkIjo0LCJuYW1lIjoiSmFib2F0XHUwMGUzbyBkb3MgR3VhcmFyYXBlcyJ9XX0=','2014-10-27 16:40:40'),('9xyu8q92ysg7oo6tq6dtvl7eg2nvj9fj','YTY4YzBiMWJkNGJhNGZkNjQ1YTY2ZjE0YTQxMTExNjVhYjkyZDExNjp7ImNpdHkiOjIsImNpdGllcyI6W3siaWQiOjEsIm5hbWUiOiJPbGluZGEifSx7ImlkIjoyLCJuYW1lIjoiUmVjaWZlIn0seyJpZCI6MywibmFtZSI6IkNhbWFyYWdpYmUifSx7ImlkIjo0LCJuYW1lIjoiSmFib2F0XHUwMGUzbyBkb3MgR3VhcmFyYXBlcyJ9XSwidHlwZW9mZmVyIjoxfQ==','2014-10-29 11:23:06'),('9zhccozypewe51sndypcm6kuk8dpp0wi','MzAxM2I1ZjcyN2QwMjczMTU2MGQxOGQ5NTZmNjgyOGY0ZWZjYmRiODp7ImNpdGllcyI6W3siaWQiOjEsIm5hbWUiOiJPbGluZGEifSx7ImlkIjoyLCJuYW1lIjoiUmVjaWZlIn0seyJpZCI6MywibmFtZSI6IkNhbWFyYWdpYmUifSx7ImlkIjo0LCJuYW1lIjoiSmFib2F0XHUwMGUzbyBkb3MgR3VhcmFyYXBlcyJ9XX0=','2014-10-24 19:39:22'),('9znmufo35nwsp4rqpmt3ovlaf2zjistj','YTY4YzBiMWJkNGJhNGZkNjQ1YTY2ZjE0YTQxMTExNjVhYjkyZDExNjp7ImNpdHkiOjIsImNpdGllcyI6W3siaWQiOjEsIm5hbWUiOiJPbGluZGEifSx7ImlkIjoyLCJuYW1lIjoiUmVjaWZlIn0seyJpZCI6MywibmFtZSI6IkNhbWFyYWdpYmUifSx7ImlkIjo0LCJuYW1lIjoiSmFib2F0XHUwMGUzbyBkb3MgR3VhcmFyYXBlcyJ9XSwidHlwZW9mZmVyIjoxfQ==','2014-10-29 11:23:32'),('9zv2rztzvdhg3sjo5my2vgrgk0ys9ybl','YTY4YzBiMWJkNGJhNGZkNjQ1YTY2ZjE0YTQxMTExNjVhYjkyZDExNjp7ImNpdHkiOjIsImNpdGllcyI6W3siaWQiOjEsIm5hbWUiOiJPbGluZGEifSx7ImlkIjoyLCJuYW1lIjoiUmVjaWZlIn0seyJpZCI6MywibmFtZSI6IkNhbWFyYWdpYmUifSx7ImlkIjo0LCJuYW1lIjoiSmFib2F0XHUwMGUzbyBkb3MgR3VhcmFyYXBlcyJ9XSwidHlwZW9mZmVyIjoxfQ==','2014-10-29 11:19:40'),('a0ylxbtn7h0ji4ln5mhllzpckenru3x4','MzAxM2I1ZjcyN2QwMjczMTU2MGQxOGQ5NTZmNjgyOGY0ZWZjYmRiODp7ImNpdGllcyI6W3siaWQiOjEsIm5hbWUiOiJPbGluZGEifSx7ImlkIjoyLCJuYW1lIjoiUmVjaWZlIn0seyJpZCI6MywibmFtZSI6IkNhbWFyYWdpYmUifSx7ImlkIjo0LCJuYW1lIjoiSmFib2F0XHUwMGUzbyBkb3MgR3VhcmFyYXBlcyJ9XX0=','2014-10-22 21:12:24'),('a0z2nf45uq11ix1zqyiswqj5oti2obh0','YTY4YzBiMWJkNGJhNGZkNjQ1YTY2ZjE0YTQxMTExNjVhYjkyZDExNjp7ImNpdHkiOjIsImNpdGllcyI6W3siaWQiOjEsIm5hbWUiOiJPbGluZGEifSx7ImlkIjoyLCJuYW1lIjoiUmVjaWZlIn0seyJpZCI6MywibmFtZSI6IkNhbWFyYWdpYmUifSx7ImlkIjo0LCJuYW1lIjoiSmFib2F0XHUwMGUzbyBkb3MgR3VhcmFyYXBlcyJ9XSwidHlwZW9mZmVyIjoxfQ==','2014-10-29 11:22:45'),('a2zr6wcaak2sdmdfe36x1siysjh7ykys','MzAxM2I1ZjcyN2QwMjczMTU2MGQxOGQ5NTZmNjgyOGY0ZWZjYmRiODp7ImNpdGllcyI6W3siaWQiOjEsIm5hbWUiOiJPbGluZGEifSx7ImlkIjoyLCJuYW1lIjoiUmVjaWZlIn0seyJpZCI6MywibmFtZSI6IkNhbWFyYWdpYmUifSx7ImlkIjo0LCJuYW1lIjoiSmFib2F0XHUwMGUzbyBkb3MgR3VhcmFyYXBlcyJ9XX0=','2014-10-23 18:02:09'),('a3rheh8lsx3i9e7352f7yt7f0xkuda38','YTY4YzBiMWJkNGJhNGZkNjQ1YTY2ZjE0YTQxMTExNjVhYjkyZDExNjp7ImNpdHkiOjIsImNpdGllcyI6W3siaWQiOjEsIm5hbWUiOiJPbGluZGEifSx7ImlkIjoyLCJuYW1lIjoiUmVjaWZlIn0seyJpZCI6MywibmFtZSI6IkNhbWFyYWdpYmUifSx7ImlkIjo0LCJuYW1lIjoiSmFib2F0XHUwMGUzbyBkb3MgR3VhcmFyYXBlcyJ9XSwidHlwZW9mZmVyIjoxfQ==','2014-10-29 11:18:38'),('a4bklhx3u0qvzr56fv7xmv4vnsjw95eu','MzAxM2I1ZjcyN2QwMjczMTU2MGQxOGQ5NTZmNjgyOGY0ZWZjYmRiODp7ImNpdGllcyI6W3siaWQiOjEsIm5hbWUiOiJPbGluZGEifSx7ImlkIjoyLCJuYW1lIjoiUmVjaWZlIn0seyJpZCI6MywibmFtZSI6IkNhbWFyYWdpYmUifSx7ImlkIjo0LCJuYW1lIjoiSmFib2F0XHUwMGUzbyBkb3MgR3VhcmFyYXBlcyJ9XX0=','2014-10-28 16:17:25'),('a74du1qp3ix4f6iydmdkgwgyjmuxwira','OTlkMjVkZTcxMTJhZGVmMWU4YjgyNDk5ZjUxYzg2NDdhZDlkY2I4Mjp7Il9zZXNzaW9uX2V4cGlyeSI6MCwiX2F1dGhfdXNlcl9oYXNoIjoiYjk3NmEwNjE1YWU4MDAwMDM0MDA0NGUyYjljNzg0NjJhMTRlMDQ0MyIsIl9hdXRoX3VzZXJfYmFja2VuZCI6ImFjY291bnQuYmFja2VuZHMuQWNjb3VudHNCYWNrZW5kLkFjY291bnRzQmFja2VuZCIsIl9hdXRoX3VzZXJfaWQiOjJ9','2014-10-10 18:33:34'),('a8p6oh96w8j3irw4t20qy005eg72r28o','MzAxM2I1ZjcyN2QwMjczMTU2MGQxOGQ5NTZmNjgyOGY0ZWZjYmRiODp7ImNpdGllcyI6W3siaWQiOjEsIm5hbWUiOiJPbGluZGEifSx7ImlkIjoyLCJuYW1lIjoiUmVjaWZlIn0seyJpZCI6MywibmFtZSI6IkNhbWFyYWdpYmUifSx7ImlkIjo0LCJuYW1lIjoiSmFib2F0XHUwMGUzbyBkb3MgR3VhcmFyYXBlcyJ9XX0=','2014-10-23 21:11:31'),('a8wdxbihj3nrxsmpywcixvs5uex1hcpo','YzAzMzhmMzcxMTk5ZDlhYmNiMDQ0MmJlMWY3NjdmMzliZDhhY2Y0MTp7ImNpdHkiOjIsIl9hdXRoX3VzZXJfaGFzaCI6ImMxYTg1OTFmMTFlYzc0NjJkZTFhNDBmMzc2NjA3NTY4ODIyOGE0ZmMiLCJfYXV0aF91c2VyX2lkIjoxLCJfYXV0aF91c2VyX2JhY2tlbmQiOiJkamFuZ28uY29udHJpYi5hdXRoLmJhY2tlbmRzLk1vZGVsQmFja2VuZCIsInR5cGVvZmZlciI6MSwiY2l0aWVzIjpbeyJpZCI6MSwibmFtZSI6Ik9saW5kYSJ9LHsiaWQiOjIsIm5hbWUiOiJSZWNpZmUifSx7ImlkIjozLCJuYW1lIjoiQ2FtYXJhZ2liZSJ9LHsiaWQiOjQsIm5hbWUiOiJKYWJvYXRcdTAwZTNvIGRvcyBHdWFyYXJhcGVzIn1dfQ==','2014-10-30 12:31:31'),('acshiani5ll8b1tnl9anyo1hn4x2wgcs','MzAxM2I1ZjcyN2QwMjczMTU2MGQxOGQ5NTZmNjgyOGY0ZWZjYmRiODp7ImNpdGllcyI6W3siaWQiOjEsIm5hbWUiOiJPbGluZGEifSx7ImlkIjoyLCJuYW1lIjoiUmVjaWZlIn0seyJpZCI6MywibmFtZSI6IkNhbWFyYWdpYmUifSx7ImlkIjo0LCJuYW1lIjoiSmFib2F0XHUwMGUzbyBkb3MgR3VhcmFyYXBlcyJ9XX0=','2014-10-23 20:59:01'),('aed5jiurzgkni40njg03o7cy4l3x5g8f','MzAxM2I1ZjcyN2QwMjczMTU2MGQxOGQ5NTZmNjgyOGY0ZWZjYmRiODp7ImNpdGllcyI6W3siaWQiOjEsIm5hbWUiOiJPbGluZGEifSx7ImlkIjoyLCJuYW1lIjoiUmVjaWZlIn0seyJpZCI6MywibmFtZSI6IkNhbWFyYWdpYmUifSx7ImlkIjo0LCJuYW1lIjoiSmFib2F0XHUwMGUzbyBkb3MgR3VhcmFyYXBlcyJ9XX0=','2014-10-27 17:03:14'),('aezybrmufv2f1qco0bueyqd35xy8zzyj','MzAxM2I1ZjcyN2QwMjczMTU2MGQxOGQ5NTZmNjgyOGY0ZWZjYmRiODp7ImNpdGllcyI6W3siaWQiOjEsIm5hbWUiOiJPbGluZGEifSx7ImlkIjoyLCJuYW1lIjoiUmVjaWZlIn0seyJpZCI6MywibmFtZSI6IkNhbWFyYWdpYmUifSx7ImlkIjo0LCJuYW1lIjoiSmFib2F0XHUwMGUzbyBkb3MgR3VhcmFyYXBlcyJ9XX0=','2014-10-27 20:39:09'),('af9mlttwj4tjwvncdn2als1j2qz1io25','YTY4YzBiMWJkNGJhNGZkNjQ1YTY2ZjE0YTQxMTExNjVhYjkyZDExNjp7ImNpdHkiOjIsImNpdGllcyI6W3siaWQiOjEsIm5hbWUiOiJPbGluZGEifSx7ImlkIjoyLCJuYW1lIjoiUmVjaWZlIn0seyJpZCI6MywibmFtZSI6IkNhbWFyYWdpYmUifSx7ImlkIjo0LCJuYW1lIjoiSmFib2F0XHUwMGUzbyBkb3MgR3VhcmFyYXBlcyJ9XSwidHlwZW9mZmVyIjoxfQ==','2014-10-28 16:24:16'),('ag9w66p2d9o2vm0oqj4vghpky0dpq8dm','YTY4YzBiMWJkNGJhNGZkNjQ1YTY2ZjE0YTQxMTExNjVhYjkyZDExNjp7ImNpdHkiOjIsImNpdGllcyI6W3siaWQiOjEsIm5hbWUiOiJPbGluZGEifSx7ImlkIjoyLCJuYW1lIjoiUmVjaWZlIn0seyJpZCI6MywibmFtZSI6IkNhbWFyYWdpYmUifSx7ImlkIjo0LCJuYW1lIjoiSmFib2F0XHUwMGUzbyBkb3MgR3VhcmFyYXBlcyJ9XSwidHlwZW9mZmVyIjoxfQ==','2014-10-29 11:30:03'),('aglt7pfwl70pxvtrnneu398ve2amgz6u','MzAxM2I1ZjcyN2QwMjczMTU2MGQxOGQ5NTZmNjgyOGY0ZWZjYmRiODp7ImNpdGllcyI6W3siaWQiOjEsIm5hbWUiOiJPbGluZGEifSx7ImlkIjoyLCJuYW1lIjoiUmVjaWZlIn0seyJpZCI6MywibmFtZSI6IkNhbWFyYWdpYmUifSx7ImlkIjo0LCJuYW1lIjoiSmFib2F0XHUwMGUzbyBkb3MgR3VhcmFyYXBlcyJ9XX0=','2014-10-23 18:08:22'),('ago8qo2vtgtcz8kphw4ko4oewuwerixo','MzAxM2I1ZjcyN2QwMjczMTU2MGQxOGQ5NTZmNjgyOGY0ZWZjYmRiODp7ImNpdGllcyI6W3siaWQiOjEsIm5hbWUiOiJPbGluZGEifSx7ImlkIjoyLCJuYW1lIjoiUmVjaWZlIn0seyJpZCI6MywibmFtZSI6IkNhbWFyYWdpYmUifSx7ImlkIjo0LCJuYW1lIjoiSmFib2F0XHUwMGUzbyBkb3MgR3VhcmFyYXBlcyJ9XX0=','2014-10-23 21:32:43'),('ahfpq4fx4srsst5sn2z8j90b8oqbtnx1','MzAxM2I1ZjcyN2QwMjczMTU2MGQxOGQ5NTZmNjgyOGY0ZWZjYmRiODp7ImNpdGllcyI6W3siaWQiOjEsIm5hbWUiOiJPbGluZGEifSx7ImlkIjoyLCJuYW1lIjoiUmVjaWZlIn0seyJpZCI6MywibmFtZSI6IkNhbWFyYWdpYmUifSx7ImlkIjo0LCJuYW1lIjoiSmFib2F0XHUwMGUzbyBkb3MgR3VhcmFyYXBlcyJ9XX0=','2014-10-23 20:31:12'),('ak2ql8c3ybz7icn1mp7nfx9hfcwa63zs','MzAxM2I1ZjcyN2QwMjczMTU2MGQxOGQ5NTZmNjgyOGY0ZWZjYmRiODp7ImNpdGllcyI6W3siaWQiOjEsIm5hbWUiOiJPbGluZGEifSx7ImlkIjoyLCJuYW1lIjoiUmVjaWZlIn0seyJpZCI6MywibmFtZSI6IkNhbWFyYWdpYmUifSx7ImlkIjo0LCJuYW1lIjoiSmFib2F0XHUwMGUzbyBkb3MgR3VhcmFyYXBlcyJ9XX0=','2014-10-23 18:20:16'),('am3mgf4wxmc2b9u6d5yc2ribqxvqonus','MzAxM2I1ZjcyN2QwMjczMTU2MGQxOGQ5NTZmNjgyOGY0ZWZjYmRiODp7ImNpdGllcyI6W3siaWQiOjEsIm5hbWUiOiJPbGluZGEifSx7ImlkIjoyLCJuYW1lIjoiUmVjaWZlIn0seyJpZCI6MywibmFtZSI6IkNhbWFyYWdpYmUifSx7ImlkIjo0LCJuYW1lIjoiSmFib2F0XHUwMGUzbyBkb3MgR3VhcmFyYXBlcyJ9XX0=','2014-10-27 20:37:38'),('an1031fp8937usw1r22j7v26syfgc0ol','MzAxM2I1ZjcyN2QwMjczMTU2MGQxOGQ5NTZmNjgyOGY0ZWZjYmRiODp7ImNpdGllcyI6W3siaWQiOjEsIm5hbWUiOiJPbGluZGEifSx7ImlkIjoyLCJuYW1lIjoiUmVjaWZlIn0seyJpZCI6MywibmFtZSI6IkNhbWFyYWdpYmUifSx7ImlkIjo0LCJuYW1lIjoiSmFib2F0XHUwMGUzbyBkb3MgR3VhcmFyYXBlcyJ9XX0=','2014-10-27 20:53:24'),('ao9lif0imjeonkjhizjryryh0nggxlzg','MzAxM2I1ZjcyN2QwMjczMTU2MGQxOGQ5NTZmNjgyOGY0ZWZjYmRiODp7ImNpdGllcyI6W3siaWQiOjEsIm5hbWUiOiJPbGluZGEifSx7ImlkIjoyLCJuYW1lIjoiUmVjaWZlIn0seyJpZCI6MywibmFtZSI6IkNhbWFyYWdpYmUifSx7ImlkIjo0LCJuYW1lIjoiSmFib2F0XHUwMGUzbyBkb3MgR3VhcmFyYXBlcyJ9XX0=','2014-10-23 21:11:23'),('ape9cmh0968mt0sbyy5qa3s7hzrmcmpx','MzAxM2I1ZjcyN2QwMjczMTU2MGQxOGQ5NTZmNjgyOGY0ZWZjYmRiODp7ImNpdGllcyI6W3siaWQiOjEsIm5hbWUiOiJPbGluZGEifSx7ImlkIjoyLCJuYW1lIjoiUmVjaWZlIn0seyJpZCI6MywibmFtZSI6IkNhbWFyYWdpYmUifSx7ImlkIjo0LCJuYW1lIjoiSmFib2F0XHUwMGUzbyBkb3MgR3VhcmFyYXBlcyJ9XX0=','2014-10-24 20:15:09'),('ar15f2odsznr52cpen2y9kffr83oqe2o','YTY4YzBiMWJkNGJhNGZkNjQ1YTY2ZjE0YTQxMTExNjVhYjkyZDExNjp7ImNpdHkiOjIsImNpdGllcyI6W3siaWQiOjEsIm5hbWUiOiJPbGluZGEifSx7ImlkIjoyLCJuYW1lIjoiUmVjaWZlIn0seyJpZCI6MywibmFtZSI6IkNhbWFyYWdpYmUifSx7ImlkIjo0LCJuYW1lIjoiSmFib2F0XHUwMGUzbyBkb3MgR3VhcmFyYXBlcyJ9XSwidHlwZW9mZmVyIjoxfQ==','2014-10-28 16:24:30'),('arsk6c5cyxo611ysl892ha1ur4n4vcvi','MzAxM2I1ZjcyN2QwMjczMTU2MGQxOGQ5NTZmNjgyOGY0ZWZjYmRiODp7ImNpdGllcyI6W3siaWQiOjEsIm5hbWUiOiJPbGluZGEifSx7ImlkIjoyLCJuYW1lIjoiUmVjaWZlIn0seyJpZCI6MywibmFtZSI6IkNhbWFyYWdpYmUifSx7ImlkIjo0LCJuYW1lIjoiSmFib2F0XHUwMGUzbyBkb3MgR3VhcmFyYXBlcyJ9XX0=','2014-10-23 18:14:22'),('aso94qopr3gd7hq17b4f4snf1bolgvux','MzAxM2I1ZjcyN2QwMjczMTU2MGQxOGQ5NTZmNjgyOGY0ZWZjYmRiODp7ImNpdGllcyI6W3siaWQiOjEsIm5hbWUiOiJPbGluZGEifSx7ImlkIjoyLCJuYW1lIjoiUmVjaWZlIn0seyJpZCI6MywibmFtZSI6IkNhbWFyYWdpYmUifSx7ImlkIjo0LCJuYW1lIjoiSmFib2F0XHUwMGUzbyBkb3MgR3VhcmFyYXBlcyJ9XX0=','2014-10-22 18:01:57'),('avn1ipeagk8t36gif4nf2meq64t06k95','MzAxM2I1ZjcyN2QwMjczMTU2MGQxOGQ5NTZmNjgyOGY0ZWZjYmRiODp7ImNpdGllcyI6W3siaWQiOjEsIm5hbWUiOiJPbGluZGEifSx7ImlkIjoyLCJuYW1lIjoiUmVjaWZlIn0seyJpZCI6MywibmFtZSI6IkNhbWFyYWdpYmUifSx7ImlkIjo0LCJuYW1lIjoiSmFib2F0XHUwMGUzbyBkb3MgR3VhcmFyYXBlcyJ9XX0=','2014-10-27 20:43:48'),('azebm1xnvvxabvps49icc3uzi88pdgwy','YTY4YzBiMWJkNGJhNGZkNjQ1YTY2ZjE0YTQxMTExNjVhYjkyZDExNjp7ImNpdHkiOjIsImNpdGllcyI6W3siaWQiOjEsIm5hbWUiOiJPbGluZGEifSx7ImlkIjoyLCJuYW1lIjoiUmVjaWZlIn0seyJpZCI6MywibmFtZSI6IkNhbWFyYWdpYmUifSx7ImlkIjo0LCJuYW1lIjoiSmFib2F0XHUwMGUzbyBkb3MgR3VhcmFyYXBlcyJ9XSwidHlwZW9mZmVyIjoxfQ==','2014-11-06 17:53:24'),('b27j6g3zi8tjlswa3s33ng4zc37x39hh','YTY4YzBiMWJkNGJhNGZkNjQ1YTY2ZjE0YTQxMTExNjVhYjkyZDExNjp7ImNpdHkiOjIsImNpdGllcyI6W3siaWQiOjEsIm5hbWUiOiJPbGluZGEifSx7ImlkIjoyLCJuYW1lIjoiUmVjaWZlIn0seyJpZCI6MywibmFtZSI6IkNhbWFyYWdpYmUifSx7ImlkIjo0LCJuYW1lIjoiSmFib2F0XHUwMGUzbyBkb3MgR3VhcmFyYXBlcyJ9XSwidHlwZW9mZmVyIjoxfQ==','2014-10-29 14:24:52'),('b4xncgcmr0xob0vlam11kxp5fcinfxk3','MzAxM2I1ZjcyN2QwMjczMTU2MGQxOGQ5NTZmNjgyOGY0ZWZjYmRiODp7ImNpdGllcyI6W3siaWQiOjEsIm5hbWUiOiJPbGluZGEifSx7ImlkIjoyLCJuYW1lIjoiUmVjaWZlIn0seyJpZCI6MywibmFtZSI6IkNhbWFyYWdpYmUifSx7ImlkIjo0LCJuYW1lIjoiSmFib2F0XHUwMGUzbyBkb3MgR3VhcmFyYXBlcyJ9XX0=','2014-10-22 15:34:02'),('b9tdrjrya4rt37oxgzavl6oj75dtz52w','MzAxM2I1ZjcyN2QwMjczMTU2MGQxOGQ5NTZmNjgyOGY0ZWZjYmRiODp7ImNpdGllcyI6W3siaWQiOjEsIm5hbWUiOiJPbGluZGEifSx7ImlkIjoyLCJuYW1lIjoiUmVjaWZlIn0seyJpZCI6MywibmFtZSI6IkNhbWFyYWdpYmUifSx7ImlkIjo0LCJuYW1lIjoiSmFib2F0XHUwMGUzbyBkb3MgR3VhcmFyYXBlcyJ9XX0=','2014-10-22 18:01:41'),('bbamb60h14lav87qqaapzjn4p5ltrqqe','MzAxM2I1ZjcyN2QwMjczMTU2MGQxOGQ5NTZmNjgyOGY0ZWZjYmRiODp7ImNpdGllcyI6W3siaWQiOjEsIm5hbWUiOiJPbGluZGEifSx7ImlkIjoyLCJuYW1lIjoiUmVjaWZlIn0seyJpZCI6MywibmFtZSI6IkNhbWFyYWdpYmUifSx7ImlkIjo0LCJuYW1lIjoiSmFib2F0XHUwMGUzbyBkb3MgR3VhcmFyYXBlcyJ9XX0=','2014-10-28 16:21:03'),('bchkjojziy0mwgup057d6rxbg51wp415','MzAxM2I1ZjcyN2QwMjczMTU2MGQxOGQ5NTZmNjgyOGY0ZWZjYmRiODp7ImNpdGllcyI6W3siaWQiOjEsIm5hbWUiOiJPbGluZGEifSx7ImlkIjoyLCJuYW1lIjoiUmVjaWZlIn0seyJpZCI6MywibmFtZSI6IkNhbWFyYWdpYmUifSx7ImlkIjo0LCJuYW1lIjoiSmFib2F0XHUwMGUzbyBkb3MgR3VhcmFyYXBlcyJ9XX0=','2014-10-23 20:31:11'),('be4xky526q69qve6ypaaupii9zpld42u','MzAxM2I1ZjcyN2QwMjczMTU2MGQxOGQ5NTZmNjgyOGY0ZWZjYmRiODp7ImNpdGllcyI6W3siaWQiOjEsIm5hbWUiOiJPbGluZGEifSx7ImlkIjoyLCJuYW1lIjoiUmVjaWZlIn0seyJpZCI6MywibmFtZSI6IkNhbWFyYWdpYmUifSx7ImlkIjo0LCJuYW1lIjoiSmFib2F0XHUwMGUzbyBkb3MgR3VhcmFyYXBlcyJ9XX0=','2014-10-22 18:22:20'),('beou8vfms4t25s3csu60lzths9jzc681','YmJjYmZjYThlMDc3MDYwOTY4NDkwNDdkYmM2OTg0ZjkwNDA1N2M5Njp7Il9zZXNzaW9uX2V4cGlyeSI6MCwiX2F1dGhfdXNlcl9oYXNoIjoiMDA0YjMyYzMwZGRiZmQ4YzgzMTI3MDBmZTc4NDUxMTE1YzcyZTM4NSIsIl9hdXRoX3VzZXJfYmFja2VuZCI6ImFjY291bnQuYmFja2VuZHMuRW1haWxCYWNrZW5kLkVtYWlsQmFja2VuZCIsIl9hdXRoX3VzZXJfaWQiOjV9','2014-10-14 20:47:02'),('bff5yf4q397jx7a6nv8czank4eccbrzx','MzAxM2I1ZjcyN2QwMjczMTU2MGQxOGQ5NTZmNjgyOGY0ZWZjYmRiODp7ImNpdGllcyI6W3siaWQiOjEsIm5hbWUiOiJPbGluZGEifSx7ImlkIjoyLCJuYW1lIjoiUmVjaWZlIn0seyJpZCI6MywibmFtZSI6IkNhbWFyYWdpYmUifSx7ImlkIjo0LCJuYW1lIjoiSmFib2F0XHUwMGUzbyBkb3MgR3VhcmFyYXBlcyJ9XX0=','2014-10-23 21:31:42'),('bfhzq0c0c9if2sbj1igtqirlja8ygvs6','MzAxM2I1ZjcyN2QwMjczMTU2MGQxOGQ5NTZmNjgyOGY0ZWZjYmRiODp7ImNpdGllcyI6W3siaWQiOjEsIm5hbWUiOiJPbGluZGEifSx7ImlkIjoyLCJuYW1lIjoiUmVjaWZlIn0seyJpZCI6MywibmFtZSI6IkNhbWFyYWdpYmUifSx7ImlkIjo0LCJuYW1lIjoiSmFib2F0XHUwMGUzbyBkb3MgR3VhcmFyYXBlcyJ9XX0=','2014-10-24 20:24:03'),('bjz0v5inja15en3smru6efk9hye6vm7w','MzAxM2I1ZjcyN2QwMjczMTU2MGQxOGQ5NTZmNjgyOGY0ZWZjYmRiODp7ImNpdGllcyI6W3siaWQiOjEsIm5hbWUiOiJPbGluZGEifSx7ImlkIjoyLCJuYW1lIjoiUmVjaWZlIn0seyJpZCI6MywibmFtZSI6IkNhbWFyYWdpYmUifSx7ImlkIjo0LCJuYW1lIjoiSmFib2F0XHUwMGUzbyBkb3MgR3VhcmFyYXBlcyJ9XX0=','2014-10-23 21:01:26'),('bkqcz78fqs95kxela1igw44t829ssbzo','MzAxM2I1ZjcyN2QwMjczMTU2MGQxOGQ5NTZmNjgyOGY0ZWZjYmRiODp7ImNpdGllcyI6W3siaWQiOjEsIm5hbWUiOiJPbGluZGEifSx7ImlkIjoyLCJuYW1lIjoiUmVjaWZlIn0seyJpZCI6MywibmFtZSI6IkNhbWFyYWdpYmUifSx7ImlkIjo0LCJuYW1lIjoiSmFib2F0XHUwMGUzbyBkb3MgR3VhcmFyYXBlcyJ9XX0=','2014-10-24 20:14:39'),('bkto1otl3afo55wz12q3zrxd3933ss6y','MzAxM2I1ZjcyN2QwMjczMTU2MGQxOGQ5NTZmNjgyOGY0ZWZjYmRiODp7ImNpdGllcyI6W3siaWQiOjEsIm5hbWUiOiJPbGluZGEifSx7ImlkIjoyLCJuYW1lIjoiUmVjaWZlIn0seyJpZCI6MywibmFtZSI6IkNhbWFyYWdpYmUifSx7ImlkIjo0LCJuYW1lIjoiSmFib2F0XHUwMGUzbyBkb3MgR3VhcmFyYXBlcyJ9XX0=','2014-10-22 18:44:35'),('blf7d2d3omogxp0ykyc7h9rwk6nh8oj9','MzAxM2I1ZjcyN2QwMjczMTU2MGQxOGQ5NTZmNjgyOGY0ZWZjYmRiODp7ImNpdGllcyI6W3siaWQiOjEsIm5hbWUiOiJPbGluZGEifSx7ImlkIjoyLCJuYW1lIjoiUmVjaWZlIn0seyJpZCI6MywibmFtZSI6IkNhbWFyYWdpYmUifSx7ImlkIjo0LCJuYW1lIjoiSmFib2F0XHUwMGUzbyBkb3MgR3VhcmFyYXBlcyJ9XX0=','2014-10-24 20:23:22'),('bmt8tgeszh2ws1kwu6p0zgf683hxqevz','MzAxM2I1ZjcyN2QwMjczMTU2MGQxOGQ5NTZmNjgyOGY0ZWZjYmRiODp7ImNpdGllcyI6W3siaWQiOjEsIm5hbWUiOiJPbGluZGEifSx7ImlkIjoyLCJuYW1lIjoiUmVjaWZlIn0seyJpZCI6MywibmFtZSI6IkNhbWFyYWdpYmUifSx7ImlkIjo0LCJuYW1lIjoiSmFib2F0XHUwMGUzbyBkb3MgR3VhcmFyYXBlcyJ9XX0=','2014-10-24 19:44:24'),('bn73u9mhrapcrluk9lmsedksxthnm70c','MzAxM2I1ZjcyN2QwMjczMTU2MGQxOGQ5NTZmNjgyOGY0ZWZjYmRiODp7ImNpdGllcyI6W3siaWQiOjEsIm5hbWUiOiJPbGluZGEifSx7ImlkIjoyLCJuYW1lIjoiUmVjaWZlIn0seyJpZCI6MywibmFtZSI6IkNhbWFyYWdpYmUifSx7ImlkIjo0LCJuYW1lIjoiSmFib2F0XHUwMGUzbyBkb3MgR3VhcmFyYXBlcyJ9XX0=','2014-10-22 15:41:22'),('bo4zaylxa3xx0bu7yt1jrdw61bsovo2x','MzAxM2I1ZjcyN2QwMjczMTU2MGQxOGQ5NTZmNjgyOGY0ZWZjYmRiODp7ImNpdGllcyI6W3siaWQiOjEsIm5hbWUiOiJPbGluZGEifSx7ImlkIjoyLCJuYW1lIjoiUmVjaWZlIn0seyJpZCI6MywibmFtZSI6IkNhbWFyYWdpYmUifSx7ImlkIjo0LCJuYW1lIjoiSmFib2F0XHUwMGUzbyBkb3MgR3VhcmFyYXBlcyJ9XX0=','2014-10-24 20:24:08'),('bocqhe82y4zj7vj2jhzm60fe5txor4wx','MzAxM2I1ZjcyN2QwMjczMTU2MGQxOGQ5NTZmNjgyOGY0ZWZjYmRiODp7ImNpdGllcyI6W3siaWQiOjEsIm5hbWUiOiJPbGluZGEifSx7ImlkIjoyLCJuYW1lIjoiUmVjaWZlIn0seyJpZCI6MywibmFtZSI6IkNhbWFyYWdpYmUifSx7ImlkIjo0LCJuYW1lIjoiSmFib2F0XHUwMGUzbyBkb3MgR3VhcmFyYXBlcyJ9XX0=','2014-10-24 20:18:58'),('boeonxlx1tj0mxyfqn5yc4b9mwbwkv29','YTY4YzBiMWJkNGJhNGZkNjQ1YTY2ZjE0YTQxMTExNjVhYjkyZDExNjp7ImNpdHkiOjIsImNpdGllcyI6W3siaWQiOjEsIm5hbWUiOiJPbGluZGEifSx7ImlkIjoyLCJuYW1lIjoiUmVjaWZlIn0seyJpZCI6MywibmFtZSI6IkNhbWFyYWdpYmUifSx7ImlkIjo0LCJuYW1lIjoiSmFib2F0XHUwMGUzbyBkb3MgR3VhcmFyYXBlcyJ9XSwidHlwZW9mZmVyIjoxfQ==','2014-10-29 11:18:40'),('br35v2s4wm7o99myr0d711f06x8hj449','MzAxM2I1ZjcyN2QwMjczMTU2MGQxOGQ5NTZmNjgyOGY0ZWZjYmRiODp7ImNpdGllcyI6W3siaWQiOjEsIm5hbWUiOiJPbGluZGEifSx7ImlkIjoyLCJuYW1lIjoiUmVjaWZlIn0seyJpZCI6MywibmFtZSI6IkNhbWFyYWdpYmUifSx7ImlkIjo0LCJuYW1lIjoiSmFib2F0XHUwMGUzbyBkb3MgR3VhcmFyYXBlcyJ9XX0=','2014-10-27 17:03:13'),('bsynky8z6xdw25urscrj0edk1uzz80li','MzAxM2I1ZjcyN2QwMjczMTU2MGQxOGQ5NTZmNjgyOGY0ZWZjYmRiODp7ImNpdGllcyI6W3siaWQiOjEsIm5hbWUiOiJPbGluZGEifSx7ImlkIjoyLCJuYW1lIjoiUmVjaWZlIn0seyJpZCI6MywibmFtZSI6IkNhbWFyYWdpYmUifSx7ImlkIjo0LCJuYW1lIjoiSmFib2F0XHUwMGUzbyBkb3MgR3VhcmFyYXBlcyJ9XX0=','2014-10-24 20:35:59'),('bt63gzzjco758q1r6ketvk3h5uebft1r','MzAxM2I1ZjcyN2QwMjczMTU2MGQxOGQ5NTZmNjgyOGY0ZWZjYmRiODp7ImNpdGllcyI6W3siaWQiOjEsIm5hbWUiOiJPbGluZGEifSx7ImlkIjoyLCJuYW1lIjoiUmVjaWZlIn0seyJpZCI6MywibmFtZSI6IkNhbWFyYWdpYmUifSx7ImlkIjo0LCJuYW1lIjoiSmFib2F0XHUwMGUzbyBkb3MgR3VhcmFyYXBlcyJ9XX0=','2014-10-24 20:18:59'),('bv3eofnhyv1pja5vgucchk40v0cc9ruc','YTY4YzBiMWJkNGJhNGZkNjQ1YTY2ZjE0YTQxMTExNjVhYjkyZDExNjp7ImNpdHkiOjIsImNpdGllcyI6W3siaWQiOjEsIm5hbWUiOiJPbGluZGEifSx7ImlkIjoyLCJuYW1lIjoiUmVjaWZlIn0seyJpZCI6MywibmFtZSI6IkNhbWFyYWdpYmUifSx7ImlkIjo0LCJuYW1lIjoiSmFib2F0XHUwMGUzbyBkb3MgR3VhcmFyYXBlcyJ9XSwidHlwZW9mZmVyIjoxfQ==','2014-10-29 11:18:40'),('bwargt16x2zofdbzds9wjez7sy48j4m3','ZDViOGU0MjA5NGVmZjZmZWZiYzc3NTUzODRhMWJkODFmYjg5NTRlNDp7ImNpdHkiOjIsIl9hdXRoX3VzZXJfaGFzaCI6ImI5NzZhMDYxNWFlODAwMDAzNDAwNDRlMmI5Yzc4NDYyYTE0ZTA0NDMiLCJfYXV0aF91c2VyX2lkIjoyLCJfYXV0aF91c2VyX2JhY2tlbmQiOiJhY2NvdW50LmJhY2tlbmRzLkFjY291bnRzQmFja2VuZC5BY2NvdW50c0JhY2tlbmQiLCJ0eXBlb2ZmZXIiOjEsIl9zZXNzaW9uX2V4cGlyeSI6MCwiY2l0aWVzIjpbeyJpZCI6MSwibmFtZSI6Ik9saW5kYSJ9LHsiaWQiOjIsIm5hbWUiOiJSZWNpZmUifSx7ImlkIjozLCJuYW1lIjoiQ2FtYXJhZ2liZSJ9LHsiaWQiOjQsIm5hbWUiOiJKYWJvYXRcdTAwZTNvIGRvcyBHdWFyYXJhcGVzIn1dfQ==','2014-10-30 18:07:03'),('bwkfyrruql9sglv8i87vi60ucshylybe','MzAxM2I1ZjcyN2QwMjczMTU2MGQxOGQ5NTZmNjgyOGY0ZWZjYmRiODp7ImNpdGllcyI6W3siaWQiOjEsIm5hbWUiOiJPbGluZGEifSx7ImlkIjoyLCJuYW1lIjoiUmVjaWZlIn0seyJpZCI6MywibmFtZSI6IkNhbWFyYWdpYmUifSx7ImlkIjo0LCJuYW1lIjoiSmFib2F0XHUwMGUzbyBkb3MgR3VhcmFyYXBlcyJ9XX0=','2014-10-23 21:56:45'),('bxvpyz3jw868tfq073a0akqgvokfk5qx','MzAxM2I1ZjcyN2QwMjczMTU2MGQxOGQ5NTZmNjgyOGY0ZWZjYmRiODp7ImNpdGllcyI6W3siaWQiOjEsIm5hbWUiOiJPbGluZGEifSx7ImlkIjoyLCJuYW1lIjoiUmVjaWZlIn0seyJpZCI6MywibmFtZSI6IkNhbWFyYWdpYmUifSx7ImlkIjo0LCJuYW1lIjoiSmFib2F0XHUwMGUzbyBkb3MgR3VhcmFyYXBlcyJ9XX0=','2014-10-22 17:49:01'),('c0utw7nj37c4llif8flod3h2fwjy1shi','MzAxM2I1ZjcyN2QwMjczMTU2MGQxOGQ5NTZmNjgyOGY0ZWZjYmRiODp7ImNpdGllcyI6W3siaWQiOjEsIm5hbWUiOiJPbGluZGEifSx7ImlkIjoyLCJuYW1lIjoiUmVjaWZlIn0seyJpZCI6MywibmFtZSI6IkNhbWFyYWdpYmUifSx7ImlkIjo0LCJuYW1lIjoiSmFib2F0XHUwMGUzbyBkb3MgR3VhcmFyYXBlcyJ9XX0=','2014-10-27 20:32:33'),('c1rhtozzu7u8i8zn3ub8tv4p8g6dkp83','MzAxM2I1ZjcyN2QwMjczMTU2MGQxOGQ5NTZmNjgyOGY0ZWZjYmRiODp7ImNpdGllcyI6W3siaWQiOjEsIm5hbWUiOiJPbGluZGEifSx7ImlkIjoyLCJuYW1lIjoiUmVjaWZlIn0seyJpZCI6MywibmFtZSI6IkNhbWFyYWdpYmUifSx7ImlkIjo0LCJuYW1lIjoiSmFib2F0XHUwMGUzbyBkb3MgR3VhcmFyYXBlcyJ9XX0=','2014-10-24 19:33:55'),('c1u1sc2tf9bb4o4iq93ccz6v7avodagv','YTY4YzBiMWJkNGJhNGZkNjQ1YTY2ZjE0YTQxMTExNjVhYjkyZDExNjp7ImNpdHkiOjIsImNpdGllcyI6W3siaWQiOjEsIm5hbWUiOiJPbGluZGEifSx7ImlkIjoyLCJuYW1lIjoiUmVjaWZlIn0seyJpZCI6MywibmFtZSI6IkNhbWFyYWdpYmUifSx7ImlkIjo0LCJuYW1lIjoiSmFib2F0XHUwMGUzbyBkb3MgR3VhcmFyYXBlcyJ9XSwidHlwZW9mZmVyIjoxfQ==','2014-10-29 11:19:34'),('c4x334v2mtq46ni8qdekhyd156uqz1fo','MzAxM2I1ZjcyN2QwMjczMTU2MGQxOGQ5NTZmNjgyOGY0ZWZjYmRiODp7ImNpdGllcyI6W3siaWQiOjEsIm5hbWUiOiJPbGluZGEifSx7ImlkIjoyLCJuYW1lIjoiUmVjaWZlIn0seyJpZCI6MywibmFtZSI6IkNhbWFyYWdpYmUifSx7ImlkIjo0LCJuYW1lIjoiSmFib2F0XHUwMGUzbyBkb3MgR3VhcmFyYXBlcyJ9XX0=','2014-10-23 21:53:01'),('c5vfpyptl4knautilvmar2hj7fcuy8kv','MzAxM2I1ZjcyN2QwMjczMTU2MGQxOGQ5NTZmNjgyOGY0ZWZjYmRiODp7ImNpdGllcyI6W3siaWQiOjEsIm5hbWUiOiJPbGluZGEifSx7ImlkIjoyLCJuYW1lIjoiUmVjaWZlIn0seyJpZCI6MywibmFtZSI6IkNhbWFyYWdpYmUifSx7ImlkIjo0LCJuYW1lIjoiSmFib2F0XHUwMGUzbyBkb3MgR3VhcmFyYXBlcyJ9XX0=','2014-10-23 20:47:59'),('c8fmt8mt9vgpe215jrho8odk7usvcxzr','MzAxM2I1ZjcyN2QwMjczMTU2MGQxOGQ5NTZmNjgyOGY0ZWZjYmRiODp7ImNpdGllcyI6W3siaWQiOjEsIm5hbWUiOiJPbGluZGEifSx7ImlkIjoyLCJuYW1lIjoiUmVjaWZlIn0seyJpZCI6MywibmFtZSI6IkNhbWFyYWdpYmUifSx7ImlkIjo0LCJuYW1lIjoiSmFib2F0XHUwMGUzbyBkb3MgR3VhcmFyYXBlcyJ9XX0=','2014-10-24 20:14:46'),('c8rgtnnpqoyis0k6mt9wdktiqnli0cca','MzAxM2I1ZjcyN2QwMjczMTU2MGQxOGQ5NTZmNjgyOGY0ZWZjYmRiODp7ImNpdGllcyI6W3siaWQiOjEsIm5hbWUiOiJPbGluZGEifSx7ImlkIjoyLCJuYW1lIjoiUmVjaWZlIn0seyJpZCI6MywibmFtZSI6IkNhbWFyYWdpYmUifSx7ImlkIjo0LCJuYW1lIjoiSmFib2F0XHUwMGUzbyBkb3MgR3VhcmFyYXBlcyJ9XX0=','2014-10-23 20:49:19'),('c8tivtwuqw8wjthfgslsswmcn58rilgo','MzAxM2I1ZjcyN2QwMjczMTU2MGQxOGQ5NTZmNjgyOGY0ZWZjYmRiODp7ImNpdGllcyI6W3siaWQiOjEsIm5hbWUiOiJPbGluZGEifSx7ImlkIjoyLCJuYW1lIjoiUmVjaWZlIn0seyJpZCI6MywibmFtZSI6IkNhbWFyYWdpYmUifSx7ImlkIjo0LCJuYW1lIjoiSmFib2F0XHUwMGUzbyBkb3MgR3VhcmFyYXBlcyJ9XX0=','2014-10-23 21:10:33'),('cal70j8zctujtmug153bi3aptt6a04ag','MzAxM2I1ZjcyN2QwMjczMTU2MGQxOGQ5NTZmNjgyOGY0ZWZjYmRiODp7ImNpdGllcyI6W3siaWQiOjEsIm5hbWUiOiJPbGluZGEifSx7ImlkIjoyLCJuYW1lIjoiUmVjaWZlIn0seyJpZCI6MywibmFtZSI6IkNhbWFyYWdpYmUifSx7ImlkIjo0LCJuYW1lIjoiSmFib2F0XHUwMGUzbyBkb3MgR3VhcmFyYXBlcyJ9XX0=','2014-10-27 20:53:25'),('cd11rchsghtro02dhtdkr36nulc96cuk','MzAxM2I1ZjcyN2QwMjczMTU2MGQxOGQ5NTZmNjgyOGY0ZWZjYmRiODp7ImNpdGllcyI6W3siaWQiOjEsIm5hbWUiOiJPbGluZGEifSx7ImlkIjoyLCJuYW1lIjoiUmVjaWZlIn0seyJpZCI6MywibmFtZSI6IkNhbWFyYWdpYmUifSx7ImlkIjo0LCJuYW1lIjoiSmFib2F0XHUwMGUzbyBkb3MgR3VhcmFyYXBlcyJ9XX0=','2014-10-24 20:35:54'),('cd722iby0rrdykezvmxc9yhk04bpwet9','YTY4YzBiMWJkNGJhNGZkNjQ1YTY2ZjE0YTQxMTExNjVhYjkyZDExNjp7ImNpdHkiOjIsImNpdGllcyI6W3siaWQiOjEsIm5hbWUiOiJPbGluZGEifSx7ImlkIjoyLCJuYW1lIjoiUmVjaWZlIn0seyJpZCI6MywibmFtZSI6IkNhbWFyYWdpYmUifSx7ImlkIjo0LCJuYW1lIjoiSmFib2F0XHUwMGUzbyBkb3MgR3VhcmFyYXBlcyJ9XSwidHlwZW9mZmVyIjoxfQ==','2014-10-29 11:16:41'),('cdf6i8r0bybucpjbqouehpqfkyvouju3','MzAxM2I1ZjcyN2QwMjczMTU2MGQxOGQ5NTZmNjgyOGY0ZWZjYmRiODp7ImNpdGllcyI6W3siaWQiOjEsIm5hbWUiOiJPbGluZGEifSx7ImlkIjoyLCJuYW1lIjoiUmVjaWZlIn0seyJpZCI6MywibmFtZSI6IkNhbWFyYWdpYmUifSx7ImlkIjo0LCJuYW1lIjoiSmFib2F0XHUwMGUzbyBkb3MgR3VhcmFyYXBlcyJ9XX0=','2014-10-27 20:38:05'),('cff37uym9st317v9s8sjlorqt8a9tz2s','MzAxM2I1ZjcyN2QwMjczMTU2MGQxOGQ5NTZmNjgyOGY0ZWZjYmRiODp7ImNpdGllcyI6W3siaWQiOjEsIm5hbWUiOiJPbGluZGEifSx7ImlkIjoyLCJuYW1lIjoiUmVjaWZlIn0seyJpZCI6MywibmFtZSI6IkNhbWFyYWdpYmUifSx7ImlkIjo0LCJuYW1lIjoiSmFib2F0XHUwMGUzbyBkb3MgR3VhcmFyYXBlcyJ9XX0=','2014-10-24 20:29:13'),('cfhk0beei25i48364occswl6k3xyxxe8','MzAxM2I1ZjcyN2QwMjczMTU2MGQxOGQ5NTZmNjgyOGY0ZWZjYmRiODp7ImNpdGllcyI6W3siaWQiOjEsIm5hbWUiOiJPbGluZGEifSx7ImlkIjoyLCJuYW1lIjoiUmVjaWZlIn0seyJpZCI6MywibmFtZSI6IkNhbWFyYWdpYmUifSx7ImlkIjo0LCJuYW1lIjoiSmFib2F0XHUwMGUzbyBkb3MgR3VhcmFyYXBlcyJ9XX0=','2014-10-24 20:14:34'),('cfkel1gt9v2k4rij6245u0r6gn7h4pra','MzAxM2I1ZjcyN2QwMjczMTU2MGQxOGQ5NTZmNjgyOGY0ZWZjYmRiODp7ImNpdGllcyI6W3siaWQiOjEsIm5hbWUiOiJPbGluZGEifSx7ImlkIjoyLCJuYW1lIjoiUmVjaWZlIn0seyJpZCI6MywibmFtZSI6IkNhbWFyYWdpYmUifSx7ImlkIjo0LCJuYW1lIjoiSmFib2F0XHUwMGUzbyBkb3MgR3VhcmFyYXBlcyJ9XX0=','2014-10-24 20:23:57'),('cgpld7fwxk77s5sl3o48kwd5tud2xlja','YTY4YzBiMWJkNGJhNGZkNjQ1YTY2ZjE0YTQxMTExNjVhYjkyZDExNjp7ImNpdHkiOjIsImNpdGllcyI6W3siaWQiOjEsIm5hbWUiOiJPbGluZGEifSx7ImlkIjoyLCJuYW1lIjoiUmVjaWZlIn0seyJpZCI6MywibmFtZSI6IkNhbWFyYWdpYmUifSx7ImlkIjo0LCJuYW1lIjoiSmFib2F0XHUwMGUzbyBkb3MgR3VhcmFyYXBlcyJ9XSwidHlwZW9mZmVyIjoxfQ==','2014-10-29 11:30:56'),('chtx4m1c731zcjjkhgj7mogbhl3ya4p2','MzAxM2I1ZjcyN2QwMjczMTU2MGQxOGQ5NTZmNjgyOGY0ZWZjYmRiODp7ImNpdGllcyI6W3siaWQiOjEsIm5hbWUiOiJPbGluZGEifSx7ImlkIjoyLCJuYW1lIjoiUmVjaWZlIn0seyJpZCI6MywibmFtZSI6IkNhbWFyYWdpYmUifSx7ImlkIjo0LCJuYW1lIjoiSmFib2F0XHUwMGUzbyBkb3MgR3VhcmFyYXBlcyJ9XX0=','2014-10-28 16:17:14'),('cjpq88lq5icvbt1m4wpxcvkswi6aprzw','MzAxM2I1ZjcyN2QwMjczMTU2MGQxOGQ5NTZmNjgyOGY0ZWZjYmRiODp7ImNpdGllcyI6W3siaWQiOjEsIm5hbWUiOiJPbGluZGEifSx7ImlkIjoyLCJuYW1lIjoiUmVjaWZlIn0seyJpZCI6MywibmFtZSI6IkNhbWFyYWdpYmUifSx7ImlkIjo0LCJuYW1lIjoiSmFib2F0XHUwMGUzbyBkb3MgR3VhcmFyYXBlcyJ9XX0=','2014-10-22 18:34:32'),('cmtyfdz1gm0lsm5numcpsch8t8r3dsjq','MzAxM2I1ZjcyN2QwMjczMTU2MGQxOGQ5NTZmNjgyOGY0ZWZjYmRiODp7ImNpdGllcyI6W3siaWQiOjEsIm5hbWUiOiJPbGluZGEifSx7ImlkIjoyLCJuYW1lIjoiUmVjaWZlIn0seyJpZCI6MywibmFtZSI6IkNhbWFyYWdpYmUifSx7ImlkIjo0LCJuYW1lIjoiSmFib2F0XHUwMGUzbyBkb3MgR3VhcmFyYXBlcyJ9XX0=','2014-10-23 18:16:08'),('covv26l76opbpgckbs67q8es7cib1c48','YTY4YzBiMWJkNGJhNGZkNjQ1YTY2ZjE0YTQxMTExNjVhYjkyZDExNjp7ImNpdHkiOjIsImNpdGllcyI6W3siaWQiOjEsIm5hbWUiOiJPbGluZGEifSx7ImlkIjoyLCJuYW1lIjoiUmVjaWZlIn0seyJpZCI6MywibmFtZSI6IkNhbWFyYWdpYmUifSx7ImlkIjo0LCJuYW1lIjoiSmFib2F0XHUwMGUzbyBkb3MgR3VhcmFyYXBlcyJ9XSwidHlwZW9mZmVyIjoxfQ==','2014-10-28 16:24:29'),('cp63ckt5d3ap16taqrq3ez8nde5ewre6','MzAxM2I1ZjcyN2QwMjczMTU2MGQxOGQ5NTZmNjgyOGY0ZWZjYmRiODp7ImNpdGllcyI6W3siaWQiOjEsIm5hbWUiOiJPbGluZGEifSx7ImlkIjoyLCJuYW1lIjoiUmVjaWZlIn0seyJpZCI6MywibmFtZSI6IkNhbWFyYWdpYmUifSx7ImlkIjo0LCJuYW1lIjoiSmFib2F0XHUwMGUzbyBkb3MgR3VhcmFyYXBlcyJ9XX0=','2014-10-27 20:53:25'),('cq2i7foyoprt7kuh6jsrjfkbnm9m65iu','MzAxM2I1ZjcyN2QwMjczMTU2MGQxOGQ5NTZmNjgyOGY0ZWZjYmRiODp7ImNpdGllcyI6W3siaWQiOjEsIm5hbWUiOiJPbGluZGEifSx7ImlkIjoyLCJuYW1lIjoiUmVjaWZlIn0seyJpZCI6MywibmFtZSI6IkNhbWFyYWdpYmUifSx7ImlkIjo0LCJuYW1lIjoiSmFib2F0XHUwMGUzbyBkb3MgR3VhcmFyYXBlcyJ9XX0=','2014-10-24 20:29:05'),('cr828c86y6zrs33rkggkb8l7fpso6hgx','YTY4YzBiMWJkNGJhNGZkNjQ1YTY2ZjE0YTQxMTExNjVhYjkyZDExNjp7ImNpdHkiOjIsImNpdGllcyI6W3siaWQiOjEsIm5hbWUiOiJPbGluZGEifSx7ImlkIjoyLCJuYW1lIjoiUmVjaWZlIn0seyJpZCI6MywibmFtZSI6IkNhbWFyYWdpYmUifSx7ImlkIjo0LCJuYW1lIjoiSmFib2F0XHUwMGUzbyBkb3MgR3VhcmFyYXBlcyJ9XSwidHlwZW9mZmVyIjoxfQ==','2014-10-29 11:30:52'),('crm2aadlghlem7t9p9fn1n4ym9a23lay','YTY4YzBiMWJkNGJhNGZkNjQ1YTY2ZjE0YTQxMTExNjVhYjkyZDExNjp7ImNpdHkiOjIsImNpdGllcyI6W3siaWQiOjEsIm5hbWUiOiJPbGluZGEifSx7ImlkIjoyLCJuYW1lIjoiUmVjaWZlIn0seyJpZCI6MywibmFtZSI6IkNhbWFyYWdpYmUifSx7ImlkIjo0LCJuYW1lIjoiSmFib2F0XHUwMGUzbyBkb3MgR3VhcmFyYXBlcyJ9XSwidHlwZW9mZmVyIjoxfQ==','2014-10-29 11:16:52'),('csm651f1lu17twwqbkndzujqbfhlem4o','OTlkMjVkZTcxMTJhZGVmMWU4YjgyNDk5ZjUxYzg2NDdhZDlkY2I4Mjp7Il9zZXNzaW9uX2V4cGlyeSI6MCwiX2F1dGhfdXNlcl9oYXNoIjoiYjk3NmEwNjE1YWU4MDAwMDM0MDA0NGUyYjljNzg0NjJhMTRlMDQ0MyIsIl9hdXRoX3VzZXJfYmFja2VuZCI6ImFjY291bnQuYmFja2VuZHMuQWNjb3VudHNCYWNrZW5kLkFjY291bnRzQmFja2VuZCIsIl9hdXRoX3VzZXJfaWQiOjJ9','2014-10-08 18:46:33'),('curw7x30y0nwtp1qdyavyfsf5b7enan7','MzAxM2I1ZjcyN2QwMjczMTU2MGQxOGQ5NTZmNjgyOGY0ZWZjYmRiODp7ImNpdGllcyI6W3siaWQiOjEsIm5hbWUiOiJPbGluZGEifSx7ImlkIjoyLCJuYW1lIjoiUmVjaWZlIn0seyJpZCI6MywibmFtZSI6IkNhbWFyYWdpYmUifSx7ImlkIjo0LCJuYW1lIjoiSmFib2F0XHUwMGUzbyBkb3MgR3VhcmFyYXBlcyJ9XX0=','2014-10-27 20:51:50'),('cve6whq67skmxxaf02b25wn578zxijzy','MzAxM2I1ZjcyN2QwMjczMTU2MGQxOGQ5NTZmNjgyOGY0ZWZjYmRiODp7ImNpdGllcyI6W3siaWQiOjEsIm5hbWUiOiJPbGluZGEifSx7ImlkIjoyLCJuYW1lIjoiUmVjaWZlIn0seyJpZCI6MywibmFtZSI6IkNhbWFyYWdpYmUifSx7ImlkIjo0LCJuYW1lIjoiSmFib2F0XHUwMGUzbyBkb3MgR3VhcmFyYXBlcyJ9XX0=','2014-10-23 21:08:56'),('cxdahb4ghxqjpyco76u8el5top56s49c','MzAxM2I1ZjcyN2QwMjczMTU2MGQxOGQ5NTZmNjgyOGY0ZWZjYmRiODp7ImNpdGllcyI6W3siaWQiOjEsIm5hbWUiOiJPbGluZGEifSx7ImlkIjoyLCJuYW1lIjoiUmVjaWZlIn0seyJpZCI6MywibmFtZSI6IkNhbWFyYWdpYmUifSx7ImlkIjo0LCJuYW1lIjoiSmFib2F0XHUwMGUzbyBkb3MgR3VhcmFyYXBlcyJ9XX0=','2014-10-22 18:44:36'),('cybwzxi9hmjsahlfpebonz5nqsnwmj7c','NWVmODRiM2M5MGY2ZDBiN2Y0N2I3OTNiYTZiYjI2NzIwMzBlMjkwODp7fQ==','2014-10-29 15:31:24'),('d13xgk3e5bjwg9jtauabzbwphgzllnhl','MzAxM2I1ZjcyN2QwMjczMTU2MGQxOGQ5NTZmNjgyOGY0ZWZjYmRiODp7ImNpdGllcyI6W3siaWQiOjEsIm5hbWUiOiJPbGluZGEifSx7ImlkIjoyLCJuYW1lIjoiUmVjaWZlIn0seyJpZCI6MywibmFtZSI6IkNhbWFyYWdpYmUifSx7ImlkIjo0LCJuYW1lIjoiSmFib2F0XHUwMGUzbyBkb3MgR3VhcmFyYXBlcyJ9XX0=','2014-10-22 15:43:05'),('d3df7ia9uohi0ukabmr91e1ljvpz842u','MzAxM2I1ZjcyN2QwMjczMTU2MGQxOGQ5NTZmNjgyOGY0ZWZjYmRiODp7ImNpdGllcyI6W3siaWQiOjEsIm5hbWUiOiJPbGluZGEifSx7ImlkIjoyLCJuYW1lIjoiUmVjaWZlIn0seyJpZCI6MywibmFtZSI6IkNhbWFyYWdpYmUifSx7ImlkIjo0LCJuYW1lIjoiSmFib2F0XHUwMGUzbyBkb3MgR3VhcmFyYXBlcyJ9XX0=','2014-10-23 19:34:02'),('d4ncm5sxpn89oqsc5j2qjxrawtla5083','MzAxM2I1ZjcyN2QwMjczMTU2MGQxOGQ5NTZmNjgyOGY0ZWZjYmRiODp7ImNpdGllcyI6W3siaWQiOjEsIm5hbWUiOiJPbGluZGEifSx7ImlkIjoyLCJuYW1lIjoiUmVjaWZlIn0seyJpZCI6MywibmFtZSI6IkNhbWFyYWdpYmUifSx7ImlkIjo0LCJuYW1lIjoiSmFib2F0XHUwMGUzbyBkb3MgR3VhcmFyYXBlcyJ9XX0=','2014-10-24 20:19:59'),('d53yeatug826j2bbpsb6xxf5j42z0rs6','MzAxM2I1ZjcyN2QwMjczMTU2MGQxOGQ5NTZmNjgyOGY0ZWZjYmRiODp7ImNpdGllcyI6W3siaWQiOjEsIm5hbWUiOiJPbGluZGEifSx7ImlkIjoyLCJuYW1lIjoiUmVjaWZlIn0seyJpZCI6MywibmFtZSI6IkNhbWFyYWdpYmUifSx7ImlkIjo0LCJuYW1lIjoiSmFib2F0XHUwMGUzbyBkb3MgR3VhcmFyYXBlcyJ9XX0=','2014-10-24 20:15:22'),('d6jjtu96y93bxxwzamput0d2y05ruz5y','MzAxM2I1ZjcyN2QwMjczMTU2MGQxOGQ5NTZmNjgyOGY0ZWZjYmRiODp7ImNpdGllcyI6W3siaWQiOjEsIm5hbWUiOiJPbGluZGEifSx7ImlkIjoyLCJuYW1lIjoiUmVjaWZlIn0seyJpZCI6MywibmFtZSI6IkNhbWFyYWdpYmUifSx7ImlkIjo0LCJuYW1lIjoiSmFib2F0XHUwMGUzbyBkb3MgR3VhcmFyYXBlcyJ9XX0=','2014-10-27 20:38:40'),('d7ogxneepk37y290o6ykn85p2bp07mw9','MzAxM2I1ZjcyN2QwMjczMTU2MGQxOGQ5NTZmNjgyOGY0ZWZjYmRiODp7ImNpdGllcyI6W3siaWQiOjEsIm5hbWUiOiJPbGluZGEifSx7ImlkIjoyLCJuYW1lIjoiUmVjaWZlIn0seyJpZCI6MywibmFtZSI6IkNhbWFyYWdpYmUifSx7ImlkIjo0LCJuYW1lIjoiSmFib2F0XHUwMGUzbyBkb3MgR3VhcmFyYXBlcyJ9XX0=','2014-10-24 19:29:03'),('d7r6rxvrg1gerj6i53r2d6j56ruu1kki','MzAxM2I1ZjcyN2QwMjczMTU2MGQxOGQ5NTZmNjgyOGY0ZWZjYmRiODp7ImNpdGllcyI6W3siaWQiOjEsIm5hbWUiOiJPbGluZGEifSx7ImlkIjoyLCJuYW1lIjoiUmVjaWZlIn0seyJpZCI6MywibmFtZSI6IkNhbWFyYWdpYmUifSx7ImlkIjo0LCJuYW1lIjoiSmFib2F0XHUwMGUzbyBkb3MgR3VhcmFyYXBlcyJ9XX0=','2014-10-23 21:33:43'),('d8u8ele4onpthpqhf8dfuitx24qw6l3v','MzAxM2I1ZjcyN2QwMjczMTU2MGQxOGQ5NTZmNjgyOGY0ZWZjYmRiODp7ImNpdGllcyI6W3siaWQiOjEsIm5hbWUiOiJPbGluZGEifSx7ImlkIjoyLCJuYW1lIjoiUmVjaWZlIn0seyJpZCI6MywibmFtZSI6IkNhbWFyYWdpYmUifSx7ImlkIjo0LCJuYW1lIjoiSmFib2F0XHUwMGUzbyBkb3MgR3VhcmFyYXBlcyJ9XX0=','2014-10-22 18:47:42'),('dadurmj8m154xg1bc1y4lmfe66bwyuy3','YTY4YzBiMWJkNGJhNGZkNjQ1YTY2ZjE0YTQxMTExNjVhYjkyZDExNjp7ImNpdHkiOjIsImNpdGllcyI6W3siaWQiOjEsIm5hbWUiOiJPbGluZGEifSx7ImlkIjoyLCJuYW1lIjoiUmVjaWZlIn0seyJpZCI6MywibmFtZSI6IkNhbWFyYWdpYmUifSx7ImlkIjo0LCJuYW1lIjoiSmFib2F0XHUwMGUzbyBkb3MgR3VhcmFyYXBlcyJ9XSwidHlwZW9mZmVyIjoxfQ==','2014-10-29 11:30:16'),('dblqi3rrgj4jtvtpwyh7v37m3rrteqwi','MzAxM2I1ZjcyN2QwMjczMTU2MGQxOGQ5NTZmNjgyOGY0ZWZjYmRiODp7ImNpdGllcyI6W3siaWQiOjEsIm5hbWUiOiJPbGluZGEifSx7ImlkIjoyLCJuYW1lIjoiUmVjaWZlIn0seyJpZCI6MywibmFtZSI6IkNhbWFyYWdpYmUifSx7ImlkIjo0LCJuYW1lIjoiSmFib2F0XHUwMGUzbyBkb3MgR3VhcmFyYXBlcyJ9XX0=','2014-10-24 19:27:47'),('de2xzh18hcgqbfwvr48lrb6r85g1euht','MzAxM2I1ZjcyN2QwMjczMTU2MGQxOGQ5NTZmNjgyOGY0ZWZjYmRiODp7ImNpdGllcyI6W3siaWQiOjEsIm5hbWUiOiJPbGluZGEifSx7ImlkIjoyLCJuYW1lIjoiUmVjaWZlIn0seyJpZCI6MywibmFtZSI6IkNhbWFyYWdpYmUifSx7ImlkIjo0LCJuYW1lIjoiSmFib2F0XHUwMGUzbyBkb3MgR3VhcmFyYXBlcyJ9XX0=','2014-10-22 20:56:59'),('degsi41iwfzdlb6j251qgkqz35589p80','MzAxM2I1ZjcyN2QwMjczMTU2MGQxOGQ5NTZmNjgyOGY0ZWZjYmRiODp7ImNpdGllcyI6W3siaWQiOjEsIm5hbWUiOiJPbGluZGEifSx7ImlkIjoyLCJuYW1lIjoiUmVjaWZlIn0seyJpZCI6MywibmFtZSI6IkNhbWFyYWdpYmUifSx7ImlkIjo0LCJuYW1lIjoiSmFib2F0XHUwMGUzbyBkb3MgR3VhcmFyYXBlcyJ9XX0=','2014-10-24 20:14:39'),('dex1c1du4z2me6wckulm25a420x3dw3n','MzAxM2I1ZjcyN2QwMjczMTU2MGQxOGQ5NTZmNjgyOGY0ZWZjYmRiODp7ImNpdGllcyI6W3siaWQiOjEsIm5hbWUiOiJPbGluZGEifSx7ImlkIjoyLCJuYW1lIjoiUmVjaWZlIn0seyJpZCI6MywibmFtZSI6IkNhbWFyYWdpYmUifSx7ImlkIjo0LCJuYW1lIjoiSmFib2F0XHUwMGUzbyBkb3MgR3VhcmFyYXBlcyJ9XX0=','2014-10-22 18:22:21'),('di0rbv8yizr62bitq90x8vyzkc33wkpc','MzAxM2I1ZjcyN2QwMjczMTU2MGQxOGQ5NTZmNjgyOGY0ZWZjYmRiODp7ImNpdGllcyI6W3siaWQiOjEsIm5hbWUiOiJPbGluZGEifSx7ImlkIjoyLCJuYW1lIjoiUmVjaWZlIn0seyJpZCI6MywibmFtZSI6IkNhbWFyYWdpYmUifSx7ImlkIjo0LCJuYW1lIjoiSmFib2F0XHUwMGUzbyBkb3MgR3VhcmFyYXBlcyJ9XX0=','2014-10-28 16:16:59'),('dicors1xyv80nko71tl7cfhxl5ksrrce','MzAxM2I1ZjcyN2QwMjczMTU2MGQxOGQ5NTZmNjgyOGY0ZWZjYmRiODp7ImNpdGllcyI6W3siaWQiOjEsIm5hbWUiOiJPbGluZGEifSx7ImlkIjoyLCJuYW1lIjoiUmVjaWZlIn0seyJpZCI6MywibmFtZSI6IkNhbWFyYWdpYmUifSx7ImlkIjo0LCJuYW1lIjoiSmFib2F0XHUwMGUzbyBkb3MgR3VhcmFyYXBlcyJ9XX0=','2014-10-23 20:35:13'),('dj22ak1w67ii8aj3n7zyez3ydj4tbugs','YTY4YzBiMWJkNGJhNGZkNjQ1YTY2ZjE0YTQxMTExNjVhYjkyZDExNjp7ImNpdHkiOjIsImNpdGllcyI6W3siaWQiOjEsIm5hbWUiOiJPbGluZGEifSx7ImlkIjoyLCJuYW1lIjoiUmVjaWZlIn0seyJpZCI6MywibmFtZSI6IkNhbWFyYWdpYmUifSx7ImlkIjo0LCJuYW1lIjoiSmFib2F0XHUwMGUzbyBkb3MgR3VhcmFyYXBlcyJ9XSwidHlwZW9mZmVyIjoxfQ==','2014-10-29 11:38:58'),('djjoz5dx4i6f21ar5s248027albkwrtb','MzAxM2I1ZjcyN2QwMjczMTU2MGQxOGQ5NTZmNjgyOGY0ZWZjYmRiODp7ImNpdGllcyI6W3siaWQiOjEsIm5hbWUiOiJPbGluZGEifSx7ImlkIjoyLCJuYW1lIjoiUmVjaWZlIn0seyJpZCI6MywibmFtZSI6IkNhbWFyYWdpYmUifSx7ImlkIjo0LCJuYW1lIjoiSmFib2F0XHUwMGUzbyBkb3MgR3VhcmFyYXBlcyJ9XX0=','2014-10-22 20:57:10'),('djt8v3lhuuzgswre0qs7l84shrq96yef','MzAxM2I1ZjcyN2QwMjczMTU2MGQxOGQ5NTZmNjgyOGY0ZWZjYmRiODp7ImNpdGllcyI6W3siaWQiOjEsIm5hbWUiOiJPbGluZGEifSx7ImlkIjoyLCJuYW1lIjoiUmVjaWZlIn0seyJpZCI6MywibmFtZSI6IkNhbWFyYWdpYmUifSx7ImlkIjo0LCJuYW1lIjoiSmFib2F0XHUwMGUzbyBkb3MgR3VhcmFyYXBlcyJ9XX0=','2014-10-22 15:27:56'),('dk8mn2jqvyj550x1rx925o3f87rrycld','MzAxM2I1ZjcyN2QwMjczMTU2MGQxOGQ5NTZmNjgyOGY0ZWZjYmRiODp7ImNpdGllcyI6W3siaWQiOjEsIm5hbWUiOiJPbGluZGEifSx7ImlkIjoyLCJuYW1lIjoiUmVjaWZlIn0seyJpZCI6MywibmFtZSI6IkNhbWFyYWdpYmUifSx7ImlkIjo0LCJuYW1lIjoiSmFib2F0XHUwMGUzbyBkb3MgR3VhcmFyYXBlcyJ9XX0=','2014-10-23 18:16:05'),('dkewowj647rtexiwq4h6qvht3xq7jlgr','MzAxM2I1ZjcyN2QwMjczMTU2MGQxOGQ5NTZmNjgyOGY0ZWZjYmRiODp7ImNpdGllcyI6W3siaWQiOjEsIm5hbWUiOiJPbGluZGEifSx7ImlkIjoyLCJuYW1lIjoiUmVjaWZlIn0seyJpZCI6MywibmFtZSI6IkNhbWFyYWdpYmUifSx7ImlkIjo0LCJuYW1lIjoiSmFib2F0XHUwMGUzbyBkb3MgR3VhcmFyYXBlcyJ9XX0=','2014-10-27 20:38:40'),('dpsaz4viaualal91lebvfpxcj5hyds16','MzAxM2I1ZjcyN2QwMjczMTU2MGQxOGQ5NTZmNjgyOGY0ZWZjYmRiODp7ImNpdGllcyI6W3siaWQiOjEsIm5hbWUiOiJPbGluZGEifSx7ImlkIjoyLCJuYW1lIjoiUmVjaWZlIn0seyJpZCI6MywibmFtZSI6IkNhbWFyYWdpYmUifSx7ImlkIjo0LCJuYW1lIjoiSmFib2F0XHUwMGUzbyBkb3MgR3VhcmFyYXBlcyJ9XX0=','2014-10-22 18:48:53'),('dqm5gx3nnw4gcige0qoe71bto1hb04cx','MzAxM2I1ZjcyN2QwMjczMTU2MGQxOGQ5NTZmNjgyOGY0ZWZjYmRiODp7ImNpdGllcyI6W3siaWQiOjEsIm5hbWUiOiJPbGluZGEifSx7ImlkIjoyLCJuYW1lIjoiUmVjaWZlIn0seyJpZCI6MywibmFtZSI6IkNhbWFyYWdpYmUifSx7ImlkIjo0LCJuYW1lIjoiSmFib2F0XHUwMGUzbyBkb3MgR3VhcmFyYXBlcyJ9XX0=','2014-10-23 21:12:37'),('dqw2n4ky3b4xlmey079kz76ojghyqw5x','YTY4YzBiMWJkNGJhNGZkNjQ1YTY2ZjE0YTQxMTExNjVhYjkyZDExNjp7ImNpdHkiOjIsImNpdGllcyI6W3siaWQiOjEsIm5hbWUiOiJPbGluZGEifSx7ImlkIjoyLCJuYW1lIjoiUmVjaWZlIn0seyJpZCI6MywibmFtZSI6IkNhbWFyYWdpYmUifSx7ImlkIjo0LCJuYW1lIjoiSmFib2F0XHUwMGUzbyBkb3MgR3VhcmFyYXBlcyJ9XSwidHlwZW9mZmVyIjoxfQ==','2014-10-29 11:40:40'),('dvbzgfj62o92vjbtnnv7jqogyt6jn5k4','YTY4YzBiMWJkNGJhNGZkNjQ1YTY2ZjE0YTQxMTExNjVhYjkyZDExNjp7ImNpdHkiOjIsImNpdGllcyI6W3siaWQiOjEsIm5hbWUiOiJPbGluZGEifSx7ImlkIjoyLCJuYW1lIjoiUmVjaWZlIn0seyJpZCI6MywibmFtZSI6IkNhbWFyYWdpYmUifSx7ImlkIjo0LCJuYW1lIjoiSmFib2F0XHUwMGUzbyBkb3MgR3VhcmFyYXBlcyJ9XSwidHlwZW9mZmVyIjoxfQ==','2014-10-29 11:30:16'),('dw0eheq7m92rn4pcx79lzo9vm9o6lkz5','MzAxM2I1ZjcyN2QwMjczMTU2MGQxOGQ5NTZmNjgyOGY0ZWZjYmRiODp7ImNpdGllcyI6W3siaWQiOjEsIm5hbWUiOiJPbGluZGEifSx7ImlkIjoyLCJuYW1lIjoiUmVjaWZlIn0seyJpZCI6MywibmFtZSI6IkNhbWFyYWdpYmUifSx7ImlkIjo0LCJuYW1lIjoiSmFib2F0XHUwMGUzbyBkb3MgR3VhcmFyYXBlcyJ9XX0=','2014-10-28 16:19:49'),('dxgzlo1pmnpayw0ihg96kcb2g3aasem0','YTY4YzBiMWJkNGJhNGZkNjQ1YTY2ZjE0YTQxMTExNjVhYjkyZDExNjp7ImNpdHkiOjIsImNpdGllcyI6W3siaWQiOjEsIm5hbWUiOiJPbGluZGEifSx7ImlkIjoyLCJuYW1lIjoiUmVjaWZlIn0seyJpZCI6MywibmFtZSI6IkNhbWFyYWdpYmUifSx7ImlkIjo0LCJuYW1lIjoiSmFib2F0XHUwMGUzbyBkb3MgR3VhcmFyYXBlcyJ9XSwidHlwZW9mZmVyIjoxfQ==','2014-10-29 11:28:25'),('dyeu1oho3vmwu22vc6zhih3arx5g6o0p','MzAxM2I1ZjcyN2QwMjczMTU2MGQxOGQ5NTZmNjgyOGY0ZWZjYmRiODp7ImNpdGllcyI6W3siaWQiOjEsIm5hbWUiOiJPbGluZGEifSx7ImlkIjoyLCJuYW1lIjoiUmVjaWZlIn0seyJpZCI6MywibmFtZSI6IkNhbWFyYWdpYmUifSx7ImlkIjo0LCJuYW1lIjoiSmFib2F0XHUwMGUzbyBkb3MgR3VhcmFyYXBlcyJ9XX0=','2014-10-23 20:48:00'),('dzqc2j5x5lx4zok6j7wupcdu0cfn71sl','MzAxM2I1ZjcyN2QwMjczMTU2MGQxOGQ5NTZmNjgyOGY0ZWZjYmRiODp7ImNpdGllcyI6W3siaWQiOjEsIm5hbWUiOiJPbGluZGEifSx7ImlkIjoyLCJuYW1lIjoiUmVjaWZlIn0seyJpZCI6MywibmFtZSI6IkNhbWFyYWdpYmUifSx7ImlkIjo0LCJuYW1lIjoiSmFib2F0XHUwMGUzbyBkb3MgR3VhcmFyYXBlcyJ9XX0=','2014-10-23 18:27:20'),('e01bycyceunj5ceqeas4na8cpu22uaht','MzAxM2I1ZjcyN2QwMjczMTU2MGQxOGQ5NTZmNjgyOGY0ZWZjYmRiODp7ImNpdGllcyI6W3siaWQiOjEsIm5hbWUiOiJPbGluZGEifSx7ImlkIjoyLCJuYW1lIjoiUmVjaWZlIn0seyJpZCI6MywibmFtZSI6IkNhbWFyYWdpYmUifSx7ImlkIjo0LCJuYW1lIjoiSmFib2F0XHUwMGUzbyBkb3MgR3VhcmFyYXBlcyJ9XX0=','2014-10-23 21:53:42'),('e0rcwsytm3fc046u95gn9fj4xlhaoo07','YTY4YzBiMWJkNGJhNGZkNjQ1YTY2ZjE0YTQxMTExNjVhYjkyZDExNjp7ImNpdHkiOjIsImNpdGllcyI6W3siaWQiOjEsIm5hbWUiOiJPbGluZGEifSx7ImlkIjoyLCJuYW1lIjoiUmVjaWZlIn0seyJpZCI6MywibmFtZSI6IkNhbWFyYWdpYmUifSx7ImlkIjo0LCJuYW1lIjoiSmFib2F0XHUwMGUzbyBkb3MgR3VhcmFyYXBlcyJ9XSwidHlwZW9mZmVyIjoxfQ==','2014-10-29 11:19:20'),('e14gj7hjm3m89xnqt8aqftxvcl1sh8qs','MzAxM2I1ZjcyN2QwMjczMTU2MGQxOGQ5NTZmNjgyOGY0ZWZjYmRiODp7ImNpdGllcyI6W3siaWQiOjEsIm5hbWUiOiJPbGluZGEifSx7ImlkIjoyLCJuYW1lIjoiUmVjaWZlIn0seyJpZCI6MywibmFtZSI6IkNhbWFyYWdpYmUifSx7ImlkIjo0LCJuYW1lIjoiSmFib2F0XHUwMGUzbyBkb3MgR3VhcmFyYXBlcyJ9XX0=','2014-10-24 19:45:18'),('e62mce5b6a8c7a5vcnx50th94fa8ul8t','MzAxM2I1ZjcyN2QwMjczMTU2MGQxOGQ5NTZmNjgyOGY0ZWZjYmRiODp7ImNpdGllcyI6W3siaWQiOjEsIm5hbWUiOiJPbGluZGEifSx7ImlkIjoyLCJuYW1lIjoiUmVjaWZlIn0seyJpZCI6MywibmFtZSI6IkNhbWFyYWdpYmUifSx7ImlkIjo0LCJuYW1lIjoiSmFib2F0XHUwMGUzbyBkb3MgR3VhcmFyYXBlcyJ9XX0=','2014-10-23 18:14:15'),('e6i7hhaidt9eq07jetvy93hddzncgm75','MzAxM2I1ZjcyN2QwMjczMTU2MGQxOGQ5NTZmNjgyOGY0ZWZjYmRiODp7ImNpdGllcyI6W3siaWQiOjEsIm5hbWUiOiJPbGluZGEifSx7ImlkIjoyLCJuYW1lIjoiUmVjaWZlIn0seyJpZCI6MywibmFtZSI6IkNhbWFyYWdpYmUifSx7ImlkIjo0LCJuYW1lIjoiSmFib2F0XHUwMGUzbyBkb3MgR3VhcmFyYXBlcyJ9XX0=','2014-10-23 21:53:20'),('e710xhbnz4tztyife69zv31exoigap20','YTY4YzBiMWJkNGJhNGZkNjQ1YTY2ZjE0YTQxMTExNjVhYjkyZDExNjp7ImNpdHkiOjIsImNpdGllcyI6W3siaWQiOjEsIm5hbWUiOiJPbGluZGEifSx7ImlkIjoyLCJuYW1lIjoiUmVjaWZlIn0seyJpZCI6MywibmFtZSI6IkNhbWFyYWdpYmUifSx7ImlkIjo0LCJuYW1lIjoiSmFib2F0XHUwMGUzbyBkb3MgR3VhcmFyYXBlcyJ9XSwidHlwZW9mZmVyIjoxfQ==','2014-10-28 16:24:15'),('e9fd9xsblgd5a4j2d5tqp1m1tmbwq71c','MzAxM2I1ZjcyN2QwMjczMTU2MGQxOGQ5NTZmNjgyOGY0ZWZjYmRiODp7ImNpdGllcyI6W3siaWQiOjEsIm5hbWUiOiJPbGluZGEifSx7ImlkIjoyLCJuYW1lIjoiUmVjaWZlIn0seyJpZCI6MywibmFtZSI6IkNhbWFyYWdpYmUifSx7ImlkIjo0LCJuYW1lIjoiSmFib2F0XHUwMGUzbyBkb3MgR3VhcmFyYXBlcyJ9XX0=','2014-10-23 21:08:56'),('ecab2ys4clcpinb5r35q8xlwloa540ir','MzAxM2I1ZjcyN2QwMjczMTU2MGQxOGQ5NTZmNjgyOGY0ZWZjYmRiODp7ImNpdGllcyI6W3siaWQiOjEsIm5hbWUiOiJPbGluZGEifSx7ImlkIjoyLCJuYW1lIjoiUmVjaWZlIn0seyJpZCI6MywibmFtZSI6IkNhbWFyYWdpYmUifSx7ImlkIjo0LCJuYW1lIjoiSmFib2F0XHUwMGUzbyBkb3MgR3VhcmFyYXBlcyJ9XX0=','2014-10-22 18:34:13'),('ecfn1axkbp06xc5dciatjs7ne7su6llj','MzAxM2I1ZjcyN2QwMjczMTU2MGQxOGQ5NTZmNjgyOGY0ZWZjYmRiODp7ImNpdGllcyI6W3siaWQiOjEsIm5hbWUiOiJPbGluZGEifSx7ImlkIjoyLCJuYW1lIjoiUmVjaWZlIn0seyJpZCI6MywibmFtZSI6IkNhbWFyYWdpYmUifSx7ImlkIjo0LCJuYW1lIjoiSmFib2F0XHUwMGUzbyBkb3MgR3VhcmFyYXBlcyJ9XX0=','2014-10-24 19:38:43'),('eckpv8ixik0omlu7szybthk9zwy6nnul','MzAxM2I1ZjcyN2QwMjczMTU2MGQxOGQ5NTZmNjgyOGY0ZWZjYmRiODp7ImNpdGllcyI6W3siaWQiOjEsIm5hbWUiOiJPbGluZGEifSx7ImlkIjoyLCJuYW1lIjoiUmVjaWZlIn0seyJpZCI6MywibmFtZSI6IkNhbWFyYWdpYmUifSx7ImlkIjo0LCJuYW1lIjoiSmFib2F0XHUwMGUzbyBkb3MgR3VhcmFyYXBlcyJ9XX0=','2014-10-27 21:03:18'),('edhfarruzpbz4jjhojuz9k909r86z2mt','MzAxM2I1ZjcyN2QwMjczMTU2MGQxOGQ5NTZmNjgyOGY0ZWZjYmRiODp7ImNpdGllcyI6W3siaWQiOjEsIm5hbWUiOiJPbGluZGEifSx7ImlkIjoyLCJuYW1lIjoiUmVjaWZlIn0seyJpZCI6MywibmFtZSI6IkNhbWFyYWdpYmUifSx7ImlkIjo0LCJuYW1lIjoiSmFib2F0XHUwMGUzbyBkb3MgR3VhcmFyYXBlcyJ9XX0=','2014-10-23 20:15:18'),('ehgehm5hjdssbq9xbs6x1o58f2b0lc10','MzAxM2I1ZjcyN2QwMjczMTU2MGQxOGQ5NTZmNjgyOGY0ZWZjYmRiODp7ImNpdGllcyI6W3siaWQiOjEsIm5hbWUiOiJPbGluZGEifSx7ImlkIjoyLCJuYW1lIjoiUmVjaWZlIn0seyJpZCI6MywibmFtZSI6IkNhbWFyYWdpYmUifSx7ImlkIjo0LCJuYW1lIjoiSmFib2F0XHUwMGUzbyBkb3MgR3VhcmFyYXBlcyJ9XX0=','2014-10-24 19:31:13'),('ejvw28p9ofop7hhrghsn3bffddtlt95b','MzAxM2I1ZjcyN2QwMjczMTU2MGQxOGQ5NTZmNjgyOGY0ZWZjYmRiODp7ImNpdGllcyI6W3siaWQiOjEsIm5hbWUiOiJPbGluZGEifSx7ImlkIjoyLCJuYW1lIjoiUmVjaWZlIn0seyJpZCI6MywibmFtZSI6IkNhbWFyYWdpYmUifSx7ImlkIjo0LCJuYW1lIjoiSmFib2F0XHUwMGUzbyBkb3MgR3VhcmFyYXBlcyJ9XX0=','2014-10-22 21:12:42'),('elac4td5aycyg4qzemsmu715xrw3ucf3','MzAxM2I1ZjcyN2QwMjczMTU2MGQxOGQ5NTZmNjgyOGY0ZWZjYmRiODp7ImNpdGllcyI6W3siaWQiOjEsIm5hbWUiOiJPbGluZGEifSx7ImlkIjoyLCJuYW1lIjoiUmVjaWZlIn0seyJpZCI6MywibmFtZSI6IkNhbWFyYWdpYmUifSx7ImlkIjo0LCJuYW1lIjoiSmFib2F0XHUwMGUzbyBkb3MgR3VhcmFyYXBlcyJ9XX0=','2014-10-22 18:48:54'),('elxzm3r97hhfx3fw3ebdtwd6nwukbp92','MzAxM2I1ZjcyN2QwMjczMTU2MGQxOGQ5NTZmNjgyOGY0ZWZjYmRiODp7ImNpdGllcyI6W3siaWQiOjEsIm5hbWUiOiJPbGluZGEifSx7ImlkIjoyLCJuYW1lIjoiUmVjaWZlIn0seyJpZCI6MywibmFtZSI6IkNhbWFyYWdpYmUifSx7ImlkIjo0LCJuYW1lIjoiSmFib2F0XHUwMGUzbyBkb3MgR3VhcmFyYXBlcyJ9XX0=','2014-10-23 18:08:10'),('enegfkzxtzhughrzhbl7cim76evmoorh','MzAxM2I1ZjcyN2QwMjczMTU2MGQxOGQ5NTZmNjgyOGY0ZWZjYmRiODp7ImNpdGllcyI6W3siaWQiOjEsIm5hbWUiOiJPbGluZGEifSx7ImlkIjoyLCJuYW1lIjoiUmVjaWZlIn0seyJpZCI6MywibmFtZSI6IkNhbWFyYWdpYmUifSx7ImlkIjo0LCJuYW1lIjoiSmFib2F0XHUwMGUzbyBkb3MgR3VhcmFyYXBlcyJ9XX0=','2014-10-24 20:19:17'),('enlq8l5nsni412ztca2sqqje2aqc8hf9','MzAxM2I1ZjcyN2QwMjczMTU2MGQxOGQ5NTZmNjgyOGY0ZWZjYmRiODp7ImNpdGllcyI6W3siaWQiOjEsIm5hbWUiOiJPbGluZGEifSx7ImlkIjoyLCJuYW1lIjoiUmVjaWZlIn0seyJpZCI6MywibmFtZSI6IkNhbWFyYWdpYmUifSx7ImlkIjo0LCJuYW1lIjoiSmFib2F0XHUwMGUzbyBkb3MgR3VhcmFyYXBlcyJ9XX0=','2014-10-24 20:35:53'),('ensuhkhtdoyn7n8bsoqdw5jpezeyg1pn','MDBjYTNjYTljNzc4NjUwMTdhNzIwMTM3ZjQ4MDM5YzE5ZDgwZTk3Njp7Il9hdXRoX3VzZXJfaGFzaCI6ImMxYTg1OTFmMTFlYzc0NjJkZTFhNDBmMzc2NjA3NTY4ODIyOGE0ZmMiLCJfYXV0aF91c2VyX2JhY2tlbmQiOiJkamFuZ28uY29udHJpYi5hdXRoLmJhY2tlbmRzLk1vZGVsQmFja2VuZCIsIl9hdXRoX3VzZXJfaWQiOjF9','2014-10-02 01:24:51'),('eonfufgy6rqlhhs9fmqvwy6sjn0scpsg','MzAxM2I1ZjcyN2QwMjczMTU2MGQxOGQ5NTZmNjgyOGY0ZWZjYmRiODp7ImNpdGllcyI6W3siaWQiOjEsIm5hbWUiOiJPbGluZGEifSx7ImlkIjoyLCJuYW1lIjoiUmVjaWZlIn0seyJpZCI6MywibmFtZSI6IkNhbWFyYWdpYmUifSx7ImlkIjo0LCJuYW1lIjoiSmFib2F0XHUwMGUzbyBkb3MgR3VhcmFyYXBlcyJ9XX0=','2014-10-23 20:33:01'),('er91mzwku9m5dd2c143iqfdbgffkc2ev','MzAxM2I1ZjcyN2QwMjczMTU2MGQxOGQ5NTZmNjgyOGY0ZWZjYmRiODp7ImNpdGllcyI6W3siaWQiOjEsIm5hbWUiOiJPbGluZGEifSx7ImlkIjoyLCJuYW1lIjoiUmVjaWZlIn0seyJpZCI6MywibmFtZSI6IkNhbWFyYWdpYmUifSx7ImlkIjo0LCJuYW1lIjoiSmFib2F0XHUwMGUzbyBkb3MgR3VhcmFyYXBlcyJ9XX0=','2014-10-24 19:43:30'),('evilfvgaa7zm6p6yuv5cbtlli045dckb','OWMwNGI3Y2NlN2ExNjVjZGY1ZjkwNDE1ZDUxN2EwODY1ZTVkNTI0Mzp7ImNpdHkiOjIsIl9hdXRoX3VzZXJfaGFzaCI6IjUxYjY5ZGVhOTA3NmQ5MjIxNDMyOWZjNjc4ZmRjYjkzZTU0MDVjY2QiLCJfYXV0aF91c2VyX2lkIjoyLCJfYXV0aF91c2VyX2JhY2tlbmQiOiJhY2NvdW50LmJhY2tlbmRzLkFjY291bnRzQmFja2VuZC5BY2NvdW50c0JhY2tlbmQiLCJ0eXBlb2ZmZXIiOjEsIl9zZXNzaW9uX2V4cGlyeSI6MCwiY2l0aWVzIjpbeyJpZCI6MSwibmFtZSI6Ik9saW5kYSJ9LHsiaWQiOjIsIm5hbWUiOiJSZWNpZmUifSx7ImlkIjozLCJuYW1lIjoiQ2FtYXJhZ2liZSJ9LHsiaWQiOjQsIm5hbWUiOiJKYWJvYXRcdTAwZTNvIGRvcyBHdWFyYXJhcGVzIn1dfQ==','2014-11-12 10:17:43'),('evnmzbnc5r517yddgo8652sxsuxy0jtz','NWVmODRiM2M5MGY2ZDBiN2Y0N2I3OTNiYTZiYjI2NzIwMzBlMjkwODp7fQ==','2014-10-29 11:24:41'),('evzt6yk0qhbm55euckuoheqosc3wxey5','MzAxM2I1ZjcyN2QwMjczMTU2MGQxOGQ5NTZmNjgyOGY0ZWZjYmRiODp7ImNpdGllcyI6W3siaWQiOjEsIm5hbWUiOiJPbGluZGEifSx7ImlkIjoyLCJuYW1lIjoiUmVjaWZlIn0seyJpZCI6MywibmFtZSI6IkNhbWFyYWdpYmUifSx7ImlkIjo0LCJuYW1lIjoiSmFib2F0XHUwMGUzbyBkb3MgR3VhcmFyYXBlcyJ9XX0=','2014-10-22 15:36:03'),('exg1nstupe49nrrbpq8ic61e6nce641b','MzAxM2I1ZjcyN2QwMjczMTU2MGQxOGQ5NTZmNjgyOGY0ZWZjYmRiODp7ImNpdGllcyI6W3siaWQiOjEsIm5hbWUiOiJPbGluZGEifSx7ImlkIjoyLCJuYW1lIjoiUmVjaWZlIn0seyJpZCI6MywibmFtZSI6IkNhbWFyYWdpYmUifSx7ImlkIjo0LCJuYW1lIjoiSmFib2F0XHUwMGUzbyBkb3MgR3VhcmFyYXBlcyJ9XX0=','2014-10-23 18:14:22'),('eymtp3zeyddm6h40vn1bsht1qd4krfsn','YTY4YzBiMWJkNGJhNGZkNjQ1YTY2ZjE0YTQxMTExNjVhYjkyZDExNjp7ImNpdHkiOjIsImNpdGllcyI6W3siaWQiOjEsIm5hbWUiOiJPbGluZGEifSx7ImlkIjoyLCJuYW1lIjoiUmVjaWZlIn0seyJpZCI6MywibmFtZSI6IkNhbWFyYWdpYmUifSx7ImlkIjo0LCJuYW1lIjoiSmFib2F0XHUwMGUzbyBkb3MgR3VhcmFyYXBlcyJ9XSwidHlwZW9mZmVyIjoxfQ==','2014-10-29 11:30:54'),('f0q0iudvutg3y113zuige56nhx6a4ijx','MzAxM2I1ZjcyN2QwMjczMTU2MGQxOGQ5NTZmNjgyOGY0ZWZjYmRiODp7ImNpdGllcyI6W3siaWQiOjEsIm5hbWUiOiJPbGluZGEifSx7ImlkIjoyLCJuYW1lIjoiUmVjaWZlIn0seyJpZCI6MywibmFtZSI6IkNhbWFyYWdpYmUifSx7ImlkIjo0LCJuYW1lIjoiSmFib2F0XHUwMGUzbyBkb3MgR3VhcmFyYXBlcyJ9XX0=','2014-10-24 20:21:08'),('f0r0t1lss7pl3o1gkny9b0i9zvmq0f42','MzAxM2I1ZjcyN2QwMjczMTU2MGQxOGQ5NTZmNjgyOGY0ZWZjYmRiODp7ImNpdGllcyI6W3siaWQiOjEsIm5hbWUiOiJPbGluZGEifSx7ImlkIjoyLCJuYW1lIjoiUmVjaWZlIn0seyJpZCI6MywibmFtZSI6IkNhbWFyYWdpYmUifSx7ImlkIjo0LCJuYW1lIjoiSmFib2F0XHUwMGUzbyBkb3MgR3VhcmFyYXBlcyJ9XX0=','2014-10-24 20:29:42'),('f157qm0rc0adi9vvbdsu3jsd3519yjt2','MzAxM2I1ZjcyN2QwMjczMTU2MGQxOGQ5NTZmNjgyOGY0ZWZjYmRiODp7ImNpdGllcyI6W3siaWQiOjEsIm5hbWUiOiJPbGluZGEifSx7ImlkIjoyLCJuYW1lIjoiUmVjaWZlIn0seyJpZCI6MywibmFtZSI6IkNhbWFyYWdpYmUifSx7ImlkIjo0LCJuYW1lIjoiSmFib2F0XHUwMGUzbyBkb3MgR3VhcmFyYXBlcyJ9XX0=','2014-10-23 18:09:52'),('f1aiy536u8w9rxuki1u3uuegdgtroas3','MzAxM2I1ZjcyN2QwMjczMTU2MGQxOGQ5NTZmNjgyOGY0ZWZjYmRiODp7ImNpdGllcyI6W3siaWQiOjEsIm5hbWUiOiJPbGluZGEifSx7ImlkIjoyLCJuYW1lIjoiUmVjaWZlIn0seyJpZCI6MywibmFtZSI6IkNhbWFyYWdpYmUifSx7ImlkIjo0LCJuYW1lIjoiSmFib2F0XHUwMGUzbyBkb3MgR3VhcmFyYXBlcyJ9XX0=','2014-10-24 19:39:46'),('f3vu3zxd0druyt2kg9dbjad8q0br9v5m','MzAxM2I1ZjcyN2QwMjczMTU2MGQxOGQ5NTZmNjgyOGY0ZWZjYmRiODp7ImNpdGllcyI6W3siaWQiOjEsIm5hbWUiOiJPbGluZGEifSx7ImlkIjoyLCJuYW1lIjoiUmVjaWZlIn0seyJpZCI6MywibmFtZSI6IkNhbWFyYWdpYmUifSx7ImlkIjo0LCJuYW1lIjoiSmFib2F0XHUwMGUzbyBkb3MgR3VhcmFyYXBlcyJ9XX0=','2014-10-23 19:34:02'),('f454aeingddxx0coxs3ouasqfyj9j7uj','YTY4YzBiMWJkNGJhNGZkNjQ1YTY2ZjE0YTQxMTExNjVhYjkyZDExNjp7ImNpdHkiOjIsImNpdGllcyI6W3siaWQiOjEsIm5hbWUiOiJPbGluZGEifSx7ImlkIjoyLCJuYW1lIjoiUmVjaWZlIn0seyJpZCI6MywibmFtZSI6IkNhbWFyYWdpYmUifSx7ImlkIjo0LCJuYW1lIjoiSmFib2F0XHUwMGUzbyBkb3MgR3VhcmFyYXBlcyJ9XSwidHlwZW9mZmVyIjoxfQ==','2014-10-29 11:40:19'),('f4zr5168r7wnn4nk5lgcqbfw57wac71f','MzAxM2I1ZjcyN2QwMjczMTU2MGQxOGQ5NTZmNjgyOGY0ZWZjYmRiODp7ImNpdGllcyI6W3siaWQiOjEsIm5hbWUiOiJPbGluZGEifSx7ImlkIjoyLCJuYW1lIjoiUmVjaWZlIn0seyJpZCI6MywibmFtZSI6IkNhbWFyYWdpYmUifSx7ImlkIjo0LCJuYW1lIjoiSmFib2F0XHUwMGUzbyBkb3MgR3VhcmFyYXBlcyJ9XX0=','2014-10-23 21:32:43'),('f5143udut5i118oocopn5jmvqntmktjc','YTY4YzBiMWJkNGJhNGZkNjQ1YTY2ZjE0YTQxMTExNjVhYjkyZDExNjp7ImNpdHkiOjIsImNpdGllcyI6W3siaWQiOjEsIm5hbWUiOiJPbGluZGEifSx7ImlkIjoyLCJuYW1lIjoiUmVjaWZlIn0seyJpZCI6MywibmFtZSI6IkNhbWFyYWdpYmUifSx7ImlkIjo0LCJuYW1lIjoiSmFib2F0XHUwMGUzbyBkb3MgR3VhcmFyYXBlcyJ9XSwidHlwZW9mZmVyIjoxfQ==','2014-10-29 11:30:15'),('f5six1k9ur6z6nifspv3kag8q0o9494z','YTY4YzBiMWJkNGJhNGZkNjQ1YTY2ZjE0YTQxMTExNjVhYjkyZDExNjp7ImNpdHkiOjIsImNpdGllcyI6W3siaWQiOjEsIm5hbWUiOiJPbGluZGEifSx7ImlkIjoyLCJuYW1lIjoiUmVjaWZlIn0seyJpZCI6MywibmFtZSI6IkNhbWFyYWdpYmUifSx7ImlkIjo0LCJuYW1lIjoiSmFib2F0XHUwMGUzbyBkb3MgR3VhcmFyYXBlcyJ9XSwidHlwZW9mZmVyIjoxfQ==','2014-10-29 11:16:44'),('f8n3wilwzc1873r0hl9cahtkj0153vtj','MzAxM2I1ZjcyN2QwMjczMTU2MGQxOGQ5NTZmNjgyOGY0ZWZjYmRiODp7ImNpdGllcyI6W3siaWQiOjEsIm5hbWUiOiJPbGluZGEifSx7ImlkIjoyLCJuYW1lIjoiUmVjaWZlIn0seyJpZCI6MywibmFtZSI6IkNhbWFyYWdpYmUifSx7ImlkIjo0LCJuYW1lIjoiSmFib2F0XHUwMGUzbyBkb3MgR3VhcmFyYXBlcyJ9XX0=','2014-10-23 21:53:53'),('f9qyoaflb470scuw8yc3uasg40dw0skz','MzAxM2I1ZjcyN2QwMjczMTU2MGQxOGQ5NTZmNjgyOGY0ZWZjYmRiODp7ImNpdGllcyI6W3siaWQiOjEsIm5hbWUiOiJPbGluZGEifSx7ImlkIjoyLCJuYW1lIjoiUmVjaWZlIn0seyJpZCI6MywibmFtZSI6IkNhbWFyYWdpYmUifSx7ImlkIjo0LCJuYW1lIjoiSmFib2F0XHUwMGUzbyBkb3MgR3VhcmFyYXBlcyJ9XX0=','2014-10-22 17:52:29'),('farjkt7ioy1k58gq0qgkdi088ibwr78r','MzAxM2I1ZjcyN2QwMjczMTU2MGQxOGQ5NTZmNjgyOGY0ZWZjYmRiODp7ImNpdGllcyI6W3siaWQiOjEsIm5hbWUiOiJPbGluZGEifSx7ImlkIjoyLCJuYW1lIjoiUmVjaWZlIn0seyJpZCI6MywibmFtZSI6IkNhbWFyYWdpYmUifSx7ImlkIjo0LCJuYW1lIjoiSmFib2F0XHUwMGUzbyBkb3MgR3VhcmFyYXBlcyJ9XX0=','2014-10-22 20:38:30'),('fbkwvl4wvrdk9i0yxs13rg21k5x4l8v6','MzAxM2I1ZjcyN2QwMjczMTU2MGQxOGQ5NTZmNjgyOGY0ZWZjYmRiODp7ImNpdGllcyI6W3siaWQiOjEsIm5hbWUiOiJPbGluZGEifSx7ImlkIjoyLCJuYW1lIjoiUmVjaWZlIn0seyJpZCI6MywibmFtZSI6IkNhbWFyYWdpYmUifSx7ImlkIjo0LCJuYW1lIjoiSmFib2F0XHUwMGUzbyBkb3MgR3VhcmFyYXBlcyJ9XX0=','2014-10-22 16:40:00'),('fc4j938nvbs4tme0if88mh78b3qgkcrd','MzAxM2I1ZjcyN2QwMjczMTU2MGQxOGQ5NTZmNjgyOGY0ZWZjYmRiODp7ImNpdGllcyI6W3siaWQiOjEsIm5hbWUiOiJPbGluZGEifSx7ImlkIjoyLCJuYW1lIjoiUmVjaWZlIn0seyJpZCI6MywibmFtZSI6IkNhbWFyYWdpYmUifSx7ImlkIjo0LCJuYW1lIjoiSmFib2F0XHUwMGUzbyBkb3MgR3VhcmFyYXBlcyJ9XX0=','2014-10-23 21:53:19'),('fcdik9vwnhq4jr2tprcqxepbe6me15an','MzAxM2I1ZjcyN2QwMjczMTU2MGQxOGQ5NTZmNjgyOGY0ZWZjYmRiODp7ImNpdGllcyI6W3siaWQiOjEsIm5hbWUiOiJPbGluZGEifSx7ImlkIjoyLCJuYW1lIjoiUmVjaWZlIn0seyJpZCI6MywibmFtZSI6IkNhbWFyYWdpYmUifSx7ImlkIjo0LCJuYW1lIjoiSmFib2F0XHUwMGUzbyBkb3MgR3VhcmFyYXBlcyJ9XX0=','2014-10-23 21:02:37'),('fgbmxmf69os59b3j454v2mupcvdo2r94','MzAxM2I1ZjcyN2QwMjczMTU2MGQxOGQ5NTZmNjgyOGY0ZWZjYmRiODp7ImNpdGllcyI6W3siaWQiOjEsIm5hbWUiOiJPbGluZGEifSx7ImlkIjoyLCJuYW1lIjoiUmVjaWZlIn0seyJpZCI6MywibmFtZSI6IkNhbWFyYWdpYmUifSx7ImlkIjo0LCJuYW1lIjoiSmFib2F0XHUwMGUzbyBkb3MgR3VhcmFyYXBlcyJ9XX0=','2014-10-23 21:17:38'),('fhgvxzwn2c0645570ayvli09g8xjudwo','MzAxM2I1ZjcyN2QwMjczMTU2MGQxOGQ5NTZmNjgyOGY0ZWZjYmRiODp7ImNpdGllcyI6W3siaWQiOjEsIm5hbWUiOiJPbGluZGEifSx7ImlkIjoyLCJuYW1lIjoiUmVjaWZlIn0seyJpZCI6MywibmFtZSI6IkNhbWFyYWdpYmUifSx7ImlkIjo0LCJuYW1lIjoiSmFib2F0XHUwMGUzbyBkb3MgR3VhcmFyYXBlcyJ9XX0=','2014-10-22 15:35:54'),('fhiet4qqqithkmeu64j4gings2dlwk03','YTY4YzBiMWJkNGJhNGZkNjQ1YTY2ZjE0YTQxMTExNjVhYjkyZDExNjp7ImNpdHkiOjIsImNpdGllcyI6W3siaWQiOjEsIm5hbWUiOiJPbGluZGEifSx7ImlkIjoyLCJuYW1lIjoiUmVjaWZlIn0seyJpZCI6MywibmFtZSI6IkNhbWFyYWdpYmUifSx7ImlkIjo0LCJuYW1lIjoiSmFib2F0XHUwMGUzbyBkb3MgR3VhcmFyYXBlcyJ9XSwidHlwZW9mZmVyIjoxfQ==','2014-10-29 10:48:50'),('fhknio9hng2hko9fc1a48axm9tf80fhc','MzAxM2I1ZjcyN2QwMjczMTU2MGQxOGQ5NTZmNjgyOGY0ZWZjYmRiODp7ImNpdGllcyI6W3siaWQiOjEsIm5hbWUiOiJPbGluZGEifSx7ImlkIjoyLCJuYW1lIjoiUmVjaWZlIn0seyJpZCI6MywibmFtZSI6IkNhbWFyYWdpYmUifSx7ImlkIjo0LCJuYW1lIjoiSmFib2F0XHUwMGUzbyBkb3MgR3VhcmFyYXBlcyJ9XX0=','2014-10-22 15:41:23'),('fk17hbzdjqy5qorthreru1071wwpiafo','MzAxM2I1ZjcyN2QwMjczMTU2MGQxOGQ5NTZmNjgyOGY0ZWZjYmRiODp7ImNpdGllcyI6W3siaWQiOjEsIm5hbWUiOiJPbGluZGEifSx7ImlkIjoyLCJuYW1lIjoiUmVjaWZlIn0seyJpZCI6MywibmFtZSI6IkNhbWFyYWdpYmUifSx7ImlkIjo0LCJuYW1lIjoiSmFib2F0XHUwMGUzbyBkb3MgR3VhcmFyYXBlcyJ9XX0=','2014-10-23 21:02:45'),('fkkpe9egvpmxlpw4j1zz2mvgdmeftyid','MzAxM2I1ZjcyN2QwMjczMTU2MGQxOGQ5NTZmNjgyOGY0ZWZjYmRiODp7ImNpdGllcyI6W3siaWQiOjEsIm5hbWUiOiJPbGluZGEifSx7ImlkIjoyLCJuYW1lIjoiUmVjaWZlIn0seyJpZCI6MywibmFtZSI6IkNhbWFyYWdpYmUifSx7ImlkIjo0LCJuYW1lIjoiSmFib2F0XHUwMGUzbyBkb3MgR3VhcmFyYXBlcyJ9XX0=','2014-10-28 16:17:14'),('fmwy81s0zd1bzj2x6vsjvvwawrw6quth','MzAxM2I1ZjcyN2QwMjczMTU2MGQxOGQ5NTZmNjgyOGY0ZWZjYmRiODp7ImNpdGllcyI6W3siaWQiOjEsIm5hbWUiOiJPbGluZGEifSx7ImlkIjoyLCJuYW1lIjoiUmVjaWZlIn0seyJpZCI6MywibmFtZSI6IkNhbWFyYWdpYmUifSx7ImlkIjo0LCJuYW1lIjoiSmFib2F0XHUwMGUzbyBkb3MgR3VhcmFyYXBlcyJ9XX0=','2014-10-23 21:32:42'),('fnt1qjqjynutk92z8kib1fzibxire65i','MzAxM2I1ZjcyN2QwMjczMTU2MGQxOGQ5NTZmNjgyOGY0ZWZjYmRiODp7ImNpdGllcyI6W3siaWQiOjEsIm5hbWUiOiJPbGluZGEifSx7ImlkIjoyLCJuYW1lIjoiUmVjaWZlIn0seyJpZCI6MywibmFtZSI6IkNhbWFyYWdpYmUifSx7ImlkIjo0LCJuYW1lIjoiSmFib2F0XHUwMGUzbyBkb3MgR3VhcmFyYXBlcyJ9XX0=','2014-10-22 21:11:23'),('fqefla6btl5d8vu77syc8gqzprvguizi','YTY4YzBiMWJkNGJhNGZkNjQ1YTY2ZjE0YTQxMTExNjVhYjkyZDExNjp7ImNpdHkiOjIsImNpdGllcyI6W3siaWQiOjEsIm5hbWUiOiJPbGluZGEifSx7ImlkIjoyLCJuYW1lIjoiUmVjaWZlIn0seyJpZCI6MywibmFtZSI6IkNhbWFyYWdpYmUifSx7ImlkIjo0LCJuYW1lIjoiSmFib2F0XHUwMGUzbyBkb3MgR3VhcmFyYXBlcyJ9XSwidHlwZW9mZmVyIjoxfQ==','2014-10-15 11:55:37'),('fqlnik2e2izft184x6itamwngpbgourw','MzAxM2I1ZjcyN2QwMjczMTU2MGQxOGQ5NTZmNjgyOGY0ZWZjYmRiODp7ImNpdGllcyI6W3siaWQiOjEsIm5hbWUiOiJPbGluZGEifSx7ImlkIjoyLCJuYW1lIjoiUmVjaWZlIn0seyJpZCI6MywibmFtZSI6IkNhbWFyYWdpYmUifSx7ImlkIjo0LCJuYW1lIjoiSmFib2F0XHUwMGUzbyBkb3MgR3VhcmFyYXBlcyJ9XX0=','2014-10-27 20:27:29'),('ftfyt9vl70ibh369w27jufegvnwtpg8z','MzAxM2I1ZjcyN2QwMjczMTU2MGQxOGQ5NTZmNjgyOGY0ZWZjYmRiODp7ImNpdGllcyI6W3siaWQiOjEsIm5hbWUiOiJPbGluZGEifSx7ImlkIjoyLCJuYW1lIjoiUmVjaWZlIn0seyJpZCI6MywibmFtZSI6IkNhbWFyYWdpYmUifSx7ImlkIjo0LCJuYW1lIjoiSmFib2F0XHUwMGUzbyBkb3MgR3VhcmFyYXBlcyJ9XX0=','2014-10-24 19:42:48'),('fuyg2hqnumeh3926x5nzrv2vtplhf3lm','MzAxM2I1ZjcyN2QwMjczMTU2MGQxOGQ5NTZmNjgyOGY0ZWZjYmRiODp7ImNpdGllcyI6W3siaWQiOjEsIm5hbWUiOiJPbGluZGEifSx7ImlkIjoyLCJuYW1lIjoiUmVjaWZlIn0seyJpZCI6MywibmFtZSI6IkNhbWFyYWdpYmUifSx7ImlkIjo0LCJuYW1lIjoiSmFib2F0XHUwMGUzbyBkb3MgR3VhcmFyYXBlcyJ9XX0=','2014-10-23 21:02:51'),('fvjq81ij4i1ffcrejiaguxoak07hn506','MzAxM2I1ZjcyN2QwMjczMTU2MGQxOGQ5NTZmNjgyOGY0ZWZjYmRiODp7ImNpdGllcyI6W3siaWQiOjEsIm5hbWUiOiJPbGluZGEifSx7ImlkIjoyLCJuYW1lIjoiUmVjaWZlIn0seyJpZCI6MywibmFtZSI6IkNhbWFyYWdpYmUifSx7ImlkIjo0LCJuYW1lIjoiSmFib2F0XHUwMGUzbyBkb3MgR3VhcmFyYXBlcyJ9XX0=','2014-10-22 18:40:52'),('fx4hau10317q5psip3klwq1yk179lp2w','MzAxM2I1ZjcyN2QwMjczMTU2MGQxOGQ5NTZmNjgyOGY0ZWZjYmRiODp7ImNpdGllcyI6W3siaWQiOjEsIm5hbWUiOiJPbGluZGEifSx7ImlkIjoyLCJuYW1lIjoiUmVjaWZlIn0seyJpZCI6MywibmFtZSI6IkNhbWFyYWdpYmUifSx7ImlkIjo0LCJuYW1lIjoiSmFib2F0XHUwMGUzbyBkb3MgR3VhcmFyYXBlcyJ9XX0=','2014-10-22 18:07:49'),('fxmr6ifde418inwuanihb25645gqbts6','MzAxM2I1ZjcyN2QwMjczMTU2MGQxOGQ5NTZmNjgyOGY0ZWZjYmRiODp7ImNpdGllcyI6W3siaWQiOjEsIm5hbWUiOiJPbGluZGEifSx7ImlkIjoyLCJuYW1lIjoiUmVjaWZlIn0seyJpZCI6MywibmFtZSI6IkNhbWFyYWdpYmUifSx7ImlkIjo0LCJuYW1lIjoiSmFib2F0XHUwMGUzbyBkb3MgR3VhcmFyYXBlcyJ9XX0=','2014-10-24 20:21:09'),('fz7z8mg4h7keltmdbf56vfdwn53c0u7h','MzAxM2I1ZjcyN2QwMjczMTU2MGQxOGQ5NTZmNjgyOGY0ZWZjYmRiODp7ImNpdGllcyI6W3siaWQiOjEsIm5hbWUiOiJPbGluZGEifSx7ImlkIjoyLCJuYW1lIjoiUmVjaWZlIn0seyJpZCI6MywibmFtZSI6IkNhbWFyYWdpYmUifSx7ImlkIjo0LCJuYW1lIjoiSmFib2F0XHUwMGUzbyBkb3MgR3VhcmFyYXBlcyJ9XX0=','2014-10-24 19:27:48'),('fzb1vuc30bilhttzlg7t29g0krslzgl6','MzAxM2I1ZjcyN2QwMjczMTU2MGQxOGQ5NTZmNjgyOGY0ZWZjYmRiODp7ImNpdGllcyI6W3siaWQiOjEsIm5hbWUiOiJPbGluZGEifSx7ImlkIjoyLCJuYW1lIjoiUmVjaWZlIn0seyJpZCI6MywibmFtZSI6IkNhbWFyYWdpYmUifSx7ImlkIjo0LCJuYW1lIjoiSmFib2F0XHUwMGUzbyBkb3MgR3VhcmFyYXBlcyJ9XX0=','2014-10-23 21:08:55'),('fzh3zxdp1o9zl95824ewatsdou58cal5','MzAxM2I1ZjcyN2QwMjczMTU2MGQxOGQ5NTZmNjgyOGY0ZWZjYmRiODp7ImNpdGllcyI6W3siaWQiOjEsIm5hbWUiOiJPbGluZGEifSx7ImlkIjoyLCJuYW1lIjoiUmVjaWZlIn0seyJpZCI6MywibmFtZSI6IkNhbWFyYWdpYmUifSx7ImlkIjo0LCJuYW1lIjoiSmFib2F0XHUwMGUzbyBkb3MgR3VhcmFyYXBlcyJ9XX0=','2014-10-22 17:57:45'),('fzzq5i458udtvgdf64kl9zp0wmh2ja4a','MzAxM2I1ZjcyN2QwMjczMTU2MGQxOGQ5NTZmNjgyOGY0ZWZjYmRiODp7ImNpdGllcyI6W3siaWQiOjEsIm5hbWUiOiJPbGluZGEifSx7ImlkIjoyLCJuYW1lIjoiUmVjaWZlIn0seyJpZCI6MywibmFtZSI6IkNhbWFyYWdpYmUifSx7ImlkIjo0LCJuYW1lIjoiSmFib2F0XHUwMGUzbyBkb3MgR3VhcmFyYXBlcyJ9XX0=','2014-10-27 20:37:38'),('g1x0zpxyo93e6wav2cmenhl44blrkwac','MzAxM2I1ZjcyN2QwMjczMTU2MGQxOGQ5NTZmNjgyOGY0ZWZjYmRiODp7ImNpdGllcyI6W3siaWQiOjEsIm5hbWUiOiJPbGluZGEifSx7ImlkIjoyLCJuYW1lIjoiUmVjaWZlIn0seyJpZCI6MywibmFtZSI6IkNhbWFyYWdpYmUifSx7ImlkIjo0LCJuYW1lIjoiSmFib2F0XHUwMGUzbyBkb3MgR3VhcmFyYXBlcyJ9XX0=','2014-10-23 18:01:10'),('g1xhpch93x06yj5nsix0ofowa27m02md','MzAxM2I1ZjcyN2QwMjczMTU2MGQxOGQ5NTZmNjgyOGY0ZWZjYmRiODp7ImNpdGllcyI6W3siaWQiOjEsIm5hbWUiOiJPbGluZGEifSx7ImlkIjoyLCJuYW1lIjoiUmVjaWZlIn0seyJpZCI6MywibmFtZSI6IkNhbWFyYWdpYmUifSx7ImlkIjo0LCJuYW1lIjoiSmFib2F0XHUwMGUzbyBkb3MgR3VhcmFyYXBlcyJ9XX0=','2014-10-23 18:17:44'),('g2cxzb9r6ymodg18z3mqe7tmivb9o6ug','ZTc1MTk4ODk2YzBjYTY2YjZkMDNhOGI0YTA3ODA4ZGNlODQzNmRkZDp7ImNpdHkiOjIsImNpdGllcyI6W3siaWQiOjEsIm5hbWUiOiJPbGluZGEifSx7ImlkIjoyLCJuYW1lIjoiUmVjaWZlIn0seyJpZCI6MywibmFtZSI6IkNhbWFyYWdpYmUifSx7ImlkIjo0LCJuYW1lIjoiSmFib2F0XHUwMGUzbyBkb3MgR3VhcmFyYXBlcyJ9XX0=','2014-10-29 14:25:14'),('g4fhwfi3o3ankvyd5xwa2cavmbhw0nep','YTY4YzBiMWJkNGJhNGZkNjQ1YTY2ZjE0YTQxMTExNjVhYjkyZDExNjp7ImNpdHkiOjIsImNpdGllcyI6W3siaWQiOjEsIm5hbWUiOiJPbGluZGEifSx7ImlkIjoyLCJuYW1lIjoiUmVjaWZlIn0seyJpZCI6MywibmFtZSI6IkNhbWFyYWdpYmUifSx7ImlkIjo0LCJuYW1lIjoiSmFib2F0XHUwMGUzbyBkb3MgR3VhcmFyYXBlcyJ9XSwidHlwZW9mZmVyIjoxfQ==','2014-10-29 11:15:48'),('g4ft6va8nyub7ofja7ofepehcear59eb','MzAxM2I1ZjcyN2QwMjczMTU2MGQxOGQ5NTZmNjgyOGY0ZWZjYmRiODp7ImNpdGllcyI6W3siaWQiOjEsIm5hbWUiOiJPbGluZGEifSx7ImlkIjoyLCJuYW1lIjoiUmVjaWZlIn0seyJpZCI6MywibmFtZSI6IkNhbWFyYWdpYmUifSx7ImlkIjo0LCJuYW1lIjoiSmFib2F0XHUwMGUzbyBkb3MgR3VhcmFyYXBlcyJ9XX0=','2014-10-23 21:10:34'),('g6n2xt1bbszeyc9db4409hfwyoa2i092','Yzc4OWNjYWM5ODgwNjcwMzUyNTczYmNkODVjNDdmMjIyNWJlODkxODp7ImNpdHkiOjIsIl9hdXRoX3VzZXJfaGFzaCI6IjlhYmI3NmUyZGQzNmM3MzhlM2Q4OGE0MGQ3ODFmYmUzOTUyMWQ1OTYiLCJfYXV0aF91c2VyX2lkIjoyLCJfYXV0aF91c2VyX2JhY2tlbmQiOiJhY2NvdW50LmJhY2tlbmRzLkVtYWlsQmFja2VuZC5FbWFpbEJhY2tlbmQiLCJ0eXBlb2ZmZXIiOjEsIl9zZXNzaW9uX2V4cGlyeSI6MCwiY2l0aWVzIjpbeyJpZCI6MSwibmFtZSI6Ik9saW5kYSJ9LHsiaWQiOjIsIm5hbWUiOiJSZWNpZmUifSx7ImlkIjozLCJuYW1lIjoiQ2FtYXJhZ2liZSJ9LHsiaWQiOjQsIm5hbWUiOiJKYWJvYXRcdTAwZTNvIGRvcyBHdWFyYXJhcGVzIn1dfQ==','2014-11-13 17:38:40'),('g78qo7hxit9wjkn0kspxmp8a48xf3mxm','MzAxM2I1ZjcyN2QwMjczMTU2MGQxOGQ5NTZmNjgyOGY0ZWZjYmRiODp7ImNpdGllcyI6W3siaWQiOjEsIm5hbWUiOiJPbGluZGEifSx7ImlkIjoyLCJuYW1lIjoiUmVjaWZlIn0seyJpZCI6MywibmFtZSI6IkNhbWFyYWdpYmUifSx7ImlkIjo0LCJuYW1lIjoiSmFib2F0XHUwMGUzbyBkb3MgR3VhcmFyYXBlcyJ9XX0=','2014-10-23 18:22:11'),('g7y0vhb4kt4lx4mise1qeplrhu9cq2nq','YTY4YzBiMWJkNGJhNGZkNjQ1YTY2ZjE0YTQxMTExNjVhYjkyZDExNjp7ImNpdHkiOjIsImNpdGllcyI6W3siaWQiOjEsIm5hbWUiOiJPbGluZGEifSx7ImlkIjoyLCJuYW1lIjoiUmVjaWZlIn0seyJpZCI6MywibmFtZSI6IkNhbWFyYWdpYmUifSx7ImlkIjo0LCJuYW1lIjoiSmFib2F0XHUwMGUzbyBkb3MgR3VhcmFyYXBlcyJ9XSwidHlwZW9mZmVyIjoxfQ==','2014-10-29 10:48:54'),('g82haje0vajy4b0xjtktgqfo4s8v8oon','MzAxM2I1ZjcyN2QwMjczMTU2MGQxOGQ5NTZmNjgyOGY0ZWZjYmRiODp7ImNpdGllcyI6W3siaWQiOjEsIm5hbWUiOiJPbGluZGEifSx7ImlkIjoyLCJuYW1lIjoiUmVjaWZlIn0seyJpZCI6MywibmFtZSI6IkNhbWFyYWdpYmUifSx7ImlkIjo0LCJuYW1lIjoiSmFib2F0XHUwMGUzbyBkb3MgR3VhcmFyYXBlcyJ9XX0=','2014-10-23 21:10:34'),('g8olw2dgitzsfukfxixqu7jg418z4khz','YzAzMzhmMzcxMTk5ZDlhYmNiMDQ0MmJlMWY3NjdmMzliZDhhY2Y0MTp7ImNpdHkiOjIsIl9hdXRoX3VzZXJfaGFzaCI6ImMxYTg1OTFmMTFlYzc0NjJkZTFhNDBmMzc2NjA3NTY4ODIyOGE0ZmMiLCJfYXV0aF91c2VyX2lkIjoxLCJfYXV0aF91c2VyX2JhY2tlbmQiOiJkamFuZ28uY29udHJpYi5hdXRoLmJhY2tlbmRzLk1vZGVsQmFja2VuZCIsInR5cGVvZmZlciI6MSwiY2l0aWVzIjpbeyJpZCI6MSwibmFtZSI6Ik9saW5kYSJ9LHsiaWQiOjIsIm5hbWUiOiJSZWNpZmUifSx7ImlkIjozLCJuYW1lIjoiQ2FtYXJhZ2liZSJ9LHsiaWQiOjQsIm5hbWUiOiJKYWJvYXRcdTAwZTNvIGRvcyBHdWFyYXJhcGVzIn1dfQ==','2014-11-10 18:34:34'),('g8ttaamn2uwafsqar9kbmizt3a87ruc0','MzAxM2I1ZjcyN2QwMjczMTU2MGQxOGQ5NTZmNjgyOGY0ZWZjYmRiODp7ImNpdGllcyI6W3siaWQiOjEsIm5hbWUiOiJPbGluZGEifSx7ImlkIjoyLCJuYW1lIjoiUmVjaWZlIn0seyJpZCI6MywibmFtZSI6IkNhbWFyYWdpYmUifSx7ImlkIjo0LCJuYW1lIjoiSmFib2F0XHUwMGUzbyBkb3MgR3VhcmFyYXBlcyJ9XX0=','2014-10-24 19:31:13'),('g8x7r0t6aa5a5dp39ltmfil5c0m7wan7','MDBjYTNjYTljNzc4NjUwMTdhNzIwMTM3ZjQ4MDM5YzE5ZDgwZTk3Njp7Il9hdXRoX3VzZXJfaGFzaCI6ImMxYTg1OTFmMTFlYzc0NjJkZTFhNDBmMzc2NjA3NTY4ODIyOGE0ZmMiLCJfYXV0aF91c2VyX2JhY2tlbmQiOiJkamFuZ28uY29udHJpYi5hdXRoLmJhY2tlbmRzLk1vZGVsQmFja2VuZCIsIl9hdXRoX3VzZXJfaWQiOjF9','2014-10-14 13:57:06'),('g907sq3ohilhf1q7vnazzjyrshrf2vrj','MzAxM2I1ZjcyN2QwMjczMTU2MGQxOGQ5NTZmNjgyOGY0ZWZjYmRiODp7ImNpdGllcyI6W3siaWQiOjEsIm5hbWUiOiJPbGluZGEifSx7ImlkIjoyLCJuYW1lIjoiUmVjaWZlIn0seyJpZCI6MywibmFtZSI6IkNhbWFyYWdpYmUifSx7ImlkIjo0LCJuYW1lIjoiSmFib2F0XHUwMGUzbyBkb3MgR3VhcmFyYXBlcyJ9XX0=','2014-10-22 20:38:31'),('gc3igpjuiqbbb1vut8oppxpvmpc6mlla','MzAxM2I1ZjcyN2QwMjczMTU2MGQxOGQ5NTZmNjgyOGY0ZWZjYmRiODp7ImNpdGllcyI6W3siaWQiOjEsIm5hbWUiOiJPbGluZGEifSx7ImlkIjoyLCJuYW1lIjoiUmVjaWZlIn0seyJpZCI6MywibmFtZSI6IkNhbWFyYWdpYmUifSx7ImlkIjo0LCJuYW1lIjoiSmFib2F0XHUwMGUzbyBkb3MgR3VhcmFyYXBlcyJ9XX0=','2014-10-23 21:32:43'),('gf3nx61u5tlul2xjr9wnl5lfmxuw2r6b','MzAxM2I1ZjcyN2QwMjczMTU2MGQxOGQ5NTZmNjgyOGY0ZWZjYmRiODp7ImNpdGllcyI6W3siaWQiOjEsIm5hbWUiOiJPbGluZGEifSx7ImlkIjoyLCJuYW1lIjoiUmVjaWZlIn0seyJpZCI6MywibmFtZSI6IkNhbWFyYWdpYmUifSx7ImlkIjo0LCJuYW1lIjoiSmFib2F0XHUwMGUzbyBkb3MgR3VhcmFyYXBlcyJ9XX0=','2014-10-23 21:56:46'),('gfbxb80a7ljer7pbydqyvlbktouunvnz','MzAxM2I1ZjcyN2QwMjczMTU2MGQxOGQ5NTZmNjgyOGY0ZWZjYmRiODp7ImNpdGllcyI6W3siaWQiOjEsIm5hbWUiOiJPbGluZGEifSx7ImlkIjoyLCJuYW1lIjoiUmVjaWZlIn0seyJpZCI6MywibmFtZSI6IkNhbWFyYWdpYmUifSx7ImlkIjo0LCJuYW1lIjoiSmFib2F0XHUwMGUzbyBkb3MgR3VhcmFyYXBlcyJ9XX0=','2014-10-24 20:11:58'),('ghgh6ad26vgtp1iwyvuuycd821cbbx6d','NWVmODRiM2M5MGY2ZDBiN2Y0N2I3OTNiYTZiYjI2NzIwMzBlMjkwODp7fQ==','2014-10-29 15:32:25'),('gjjss1z0kal0ly1nfd91gxo477j47ao6','YTY4YzBiMWJkNGJhNGZkNjQ1YTY2ZjE0YTQxMTExNjVhYjkyZDExNjp7ImNpdHkiOjIsImNpdGllcyI6W3siaWQiOjEsIm5hbWUiOiJPbGluZGEifSx7ImlkIjoyLCJuYW1lIjoiUmVjaWZlIn0seyJpZCI6MywibmFtZSI6IkNhbWFyYWdpYmUifSx7ImlkIjo0LCJuYW1lIjoiSmFib2F0XHUwMGUzbyBkb3MgR3VhcmFyYXBlcyJ9XSwidHlwZW9mZmVyIjoxfQ==','2014-10-29 11:30:34'),('gprgsxyn6hvfxzzycg3xj1dq0f30kizh','MzAxM2I1ZjcyN2QwMjczMTU2MGQxOGQ5NTZmNjgyOGY0ZWZjYmRiODp7ImNpdGllcyI6W3siaWQiOjEsIm5hbWUiOiJPbGluZGEifSx7ImlkIjoyLCJuYW1lIjoiUmVjaWZlIn0seyJpZCI6MywibmFtZSI6IkNhbWFyYWdpYmUifSx7ImlkIjo0LCJuYW1lIjoiSmFib2F0XHUwMGUzbyBkb3MgR3VhcmFyYXBlcyJ9XX0=','2014-10-27 22:45:38'),('gso1mgdt3qck1hwiakvkg2lgecl1r14z','YTY4YzBiMWJkNGJhNGZkNjQ1YTY2ZjE0YTQxMTExNjVhYjkyZDExNjp7ImNpdHkiOjIsImNpdGllcyI6W3siaWQiOjEsIm5hbWUiOiJPbGluZGEifSx7ImlkIjoyLCJuYW1lIjoiUmVjaWZlIn0seyJpZCI6MywibmFtZSI6IkNhbWFyYWdpYmUifSx7ImlkIjo0LCJuYW1lIjoiSmFib2F0XHUwMGUzbyBkb3MgR3VhcmFyYXBlcyJ9XSwidHlwZW9mZmVyIjoxfQ==','2014-10-15 11:55:49'),('gtaszoj9u1oiaq2ylm91wg8yev67tdyu','MzAxM2I1ZjcyN2QwMjczMTU2MGQxOGQ5NTZmNjgyOGY0ZWZjYmRiODp7ImNpdGllcyI6W3siaWQiOjEsIm5hbWUiOiJPbGluZGEifSx7ImlkIjoyLCJuYW1lIjoiUmVjaWZlIn0seyJpZCI6MywibmFtZSI6IkNhbWFyYWdpYmUifSx7ImlkIjo0LCJuYW1lIjoiSmFib2F0XHUwMGUzbyBkb3MgR3VhcmFyYXBlcyJ9XX0=','2014-10-23 21:31:43'),('gzedj2bw0wpigquiq68lm6j09pgmxt7x','MzAxM2I1ZjcyN2QwMjczMTU2MGQxOGQ5NTZmNjgyOGY0ZWZjYmRiODp7ImNpdGllcyI6W3siaWQiOjEsIm5hbWUiOiJPbGluZGEifSx7ImlkIjoyLCJuYW1lIjoiUmVjaWZlIn0seyJpZCI6MywibmFtZSI6IkNhbWFyYWdpYmUifSx7ImlkIjo0LCJuYW1lIjoiSmFib2F0XHUwMGUzbyBkb3MgR3VhcmFyYXBlcyJ9XX0=','2014-10-23 21:53:20'),('h02p2qil6lxu2mkczit5krctrw587pu5','NWVmODRiM2M5MGY2ZDBiN2Y0N2I3OTNiYTZiYjI2NzIwMzBlMjkwODp7fQ==','2014-11-04 09:57:58'),('h1ml6gsh8s43ykhzxdvkoougmddfe022','MzAxM2I1ZjcyN2QwMjczMTU2MGQxOGQ5NTZmNjgyOGY0ZWZjYmRiODp7ImNpdGllcyI6W3siaWQiOjEsIm5hbWUiOiJPbGluZGEifSx7ImlkIjoyLCJuYW1lIjoiUmVjaWZlIn0seyJpZCI6MywibmFtZSI6IkNhbWFyYWdpYmUifSx7ImlkIjo0LCJuYW1lIjoiSmFib2F0XHUwMGUzbyBkb3MgR3VhcmFyYXBlcyJ9XX0=','2014-10-23 18:08:11'),('h1onzz3aw15epyxkrf9cmljsbr6c04r6','MzAxM2I1ZjcyN2QwMjczMTU2MGQxOGQ5NTZmNjgyOGY0ZWZjYmRiODp7ImNpdGllcyI6W3siaWQiOjEsIm5hbWUiOiJPbGluZGEifSx7ImlkIjoyLCJuYW1lIjoiUmVjaWZlIn0seyJpZCI6MywibmFtZSI6IkNhbWFyYWdpYmUifSx7ImlkIjo0LCJuYW1lIjoiSmFib2F0XHUwMGUzbyBkb3MgR3VhcmFyYXBlcyJ9XX0=','2014-10-23 18:12:19'),('h319yn8a0wa2at9owq2k5ate82yjrckf','MzAxM2I1ZjcyN2QwMjczMTU2MGQxOGQ5NTZmNjgyOGY0ZWZjYmRiODp7ImNpdGllcyI6W3siaWQiOjEsIm5hbWUiOiJPbGluZGEifSx7ImlkIjoyLCJuYW1lIjoiUmVjaWZlIn0seyJpZCI6MywibmFtZSI6IkNhbWFyYWdpYmUifSx7ImlkIjo0LCJuYW1lIjoiSmFib2F0XHUwMGUzbyBkb3MgR3VhcmFyYXBlcyJ9XX0=','2014-10-27 20:51:50'),('h3jw3q3iuw86zky1ap93bfs3x2jggury','MzAxM2I1ZjcyN2QwMjczMTU2MGQxOGQ5NTZmNjgyOGY0ZWZjYmRiODp7ImNpdGllcyI6W3siaWQiOjEsIm5hbWUiOiJPbGluZGEifSx7ImlkIjoyLCJuYW1lIjoiUmVjaWZlIn0seyJpZCI6MywibmFtZSI6IkNhbWFyYWdpYmUifSx7ImlkIjo0LCJuYW1lIjoiSmFib2F0XHUwMGUzbyBkb3MgR3VhcmFyYXBlcyJ9XX0=','2014-10-23 20:31:47'),('h4r4p9m37fi8wi636sgtwu1mxwl9rll7','MzAxM2I1ZjcyN2QwMjczMTU2MGQxOGQ5NTZmNjgyOGY0ZWZjYmRiODp7ImNpdGllcyI6W3siaWQiOjEsIm5hbWUiOiJPbGluZGEifSx7ImlkIjoyLCJuYW1lIjoiUmVjaWZlIn0seyJpZCI6MywibmFtZSI6IkNhbWFyYWdpYmUifSx7ImlkIjo0LCJuYW1lIjoiSmFib2F0XHUwMGUzbyBkb3MgR3VhcmFyYXBlcyJ9XX0=','2014-10-28 16:17:14'),('h4wh90czdzn2hyld0zxqvq1e06br4nz9','MzAxM2I1ZjcyN2QwMjczMTU2MGQxOGQ5NTZmNjgyOGY0ZWZjYmRiODp7ImNpdGllcyI6W3siaWQiOjEsIm5hbWUiOiJPbGluZGEifSx7ImlkIjoyLCJuYW1lIjoiUmVjaWZlIn0seyJpZCI6MywibmFtZSI6IkNhbWFyYWdpYmUifSx7ImlkIjo0LCJuYW1lIjoiSmFib2F0XHUwMGUzbyBkb3MgR3VhcmFyYXBlcyJ9XX0=','2014-10-24 19:42:47'),('h66r7e5h3m1elu2wdgkrz2qfhq5d8hiv','MzAxM2I1ZjcyN2QwMjczMTU2MGQxOGQ5NTZmNjgyOGY0ZWZjYmRiODp7ImNpdGllcyI6W3siaWQiOjEsIm5hbWUiOiJPbGluZGEifSx7ImlkIjoyLCJuYW1lIjoiUmVjaWZlIn0seyJpZCI6MywibmFtZSI6IkNhbWFyYWdpYmUifSx7ImlkIjo0LCJuYW1lIjoiSmFib2F0XHUwMGUzbyBkb3MgR3VhcmFyYXBlcyJ9XX0=','2014-10-24 20:24:07'),('h77gminsiroljld73wvg5fjyzgf0uwgm','NWVmODRiM2M5MGY2ZDBiN2Y0N2I3OTNiYTZiYjI2NzIwMzBlMjkwODp7fQ==','2014-10-29 14:23:43'),('h7wp1j90wikstinl2kx0duypxo7jieov','MzAxM2I1ZjcyN2QwMjczMTU2MGQxOGQ5NTZmNjgyOGY0ZWZjYmRiODp7ImNpdGllcyI6W3siaWQiOjEsIm5hbWUiOiJPbGluZGEifSx7ImlkIjoyLCJuYW1lIjoiUmVjaWZlIn0seyJpZCI6MywibmFtZSI6IkNhbWFyYWdpYmUifSx7ImlkIjo0LCJuYW1lIjoiSmFib2F0XHUwMGUzbyBkb3MgR3VhcmFyYXBlcyJ9XX0=','2014-10-23 18:27:19'),('h8gmqvdka9eo23yq1ypqdsrzbd9fpufk','MzAxM2I1ZjcyN2QwMjczMTU2MGQxOGQ5NTZmNjgyOGY0ZWZjYmRiODp7ImNpdGllcyI6W3siaWQiOjEsIm5hbWUiOiJPbGluZGEifSx7ImlkIjoyLCJuYW1lIjoiUmVjaWZlIn0seyJpZCI6MywibmFtZSI6IkNhbWFyYWdpYmUifSx7ImlkIjo0LCJuYW1lIjoiSmFib2F0XHUwMGUzbyBkb3MgR3VhcmFyYXBlcyJ9XX0=','2014-10-24 19:41:17'),('h9i4wmo6qvmam8brtfwl8tv92glhrkpl','MzAxM2I1ZjcyN2QwMjczMTU2MGQxOGQ5NTZmNjgyOGY0ZWZjYmRiODp7ImNpdGllcyI6W3siaWQiOjEsIm5hbWUiOiJPbGluZGEifSx7ImlkIjoyLCJuYW1lIjoiUmVjaWZlIn0seyJpZCI6MywibmFtZSI6IkNhbWFyYWdpYmUifSx7ImlkIjo0LCJuYW1lIjoiSmFib2F0XHUwMGUzbyBkb3MgR3VhcmFyYXBlcyJ9XX0=','2014-10-23 21:33:26'),('hdnmem3p1aki1z57ygbldawel3pd1x9n','MzAxM2I1ZjcyN2QwMjczMTU2MGQxOGQ5NTZmNjgyOGY0ZWZjYmRiODp7ImNpdGllcyI6W3siaWQiOjEsIm5hbWUiOiJPbGluZGEifSx7ImlkIjoyLCJuYW1lIjoiUmVjaWZlIn0seyJpZCI6MywibmFtZSI6IkNhbWFyYWdpYmUifSx7ImlkIjo0LCJuYW1lIjoiSmFib2F0XHUwMGUzbyBkb3MgR3VhcmFyYXBlcyJ9XX0=','2014-10-24 19:40:51'),('hebp9a11mj4gdll531ot39zyuhdj4hlj','MzAxM2I1ZjcyN2QwMjczMTU2MGQxOGQ5NTZmNjgyOGY0ZWZjYmRiODp7ImNpdGllcyI6W3siaWQiOjEsIm5hbWUiOiJPbGluZGEifSx7ImlkIjoyLCJuYW1lIjoiUmVjaWZlIn0seyJpZCI6MywibmFtZSI6IkNhbWFyYWdpYmUifSx7ImlkIjo0LCJuYW1lIjoiSmFib2F0XHUwMGUzbyBkb3MgR3VhcmFyYXBlcyJ9XX0=','2014-10-24 19:38:50'),('hfd01h6qmolpmtung2fuv54udyvz3cet','MzAxM2I1ZjcyN2QwMjczMTU2MGQxOGQ5NTZmNjgyOGY0ZWZjYmRiODp7ImNpdGllcyI6W3siaWQiOjEsIm5hbWUiOiJPbGluZGEifSx7ImlkIjoyLCJuYW1lIjoiUmVjaWZlIn0seyJpZCI6MywibmFtZSI6IkNhbWFyYWdpYmUifSx7ImlkIjo0LCJuYW1lIjoiSmFib2F0XHUwMGUzbyBkb3MgR3VhcmFyYXBlcyJ9XX0=','2014-10-23 21:17:38'),('hhu7mxwuoer371f396fnc2f27igdrwlo','MzAxM2I1ZjcyN2QwMjczMTU2MGQxOGQ5NTZmNjgyOGY0ZWZjYmRiODp7ImNpdGllcyI6W3siaWQiOjEsIm5hbWUiOiJPbGluZGEifSx7ImlkIjoyLCJuYW1lIjoiUmVjaWZlIn0seyJpZCI6MywibmFtZSI6IkNhbWFyYWdpYmUifSx7ImlkIjo0LCJuYW1lIjoiSmFib2F0XHUwMGUzbyBkb3MgR3VhcmFyYXBlcyJ9XX0=','2014-10-24 19:40:44'),('hhzdd4mxr6y6xbehz2ma7ma0yxu2mdmz','MzAxM2I1ZjcyN2QwMjczMTU2MGQxOGQ5NTZmNjgyOGY0ZWZjYmRiODp7ImNpdGllcyI6W3siaWQiOjEsIm5hbWUiOiJPbGluZGEifSx7ImlkIjoyLCJuYW1lIjoiUmVjaWZlIn0seyJpZCI6MywibmFtZSI6IkNhbWFyYWdpYmUifSx7ImlkIjo0LCJuYW1lIjoiSmFib2F0XHUwMGUzbyBkb3MgR3VhcmFyYXBlcyJ9XX0=','2014-10-27 20:32:33'),('hk3kfekvgqaf5gq8km77zlumlhzopent','MzAxM2I1ZjcyN2QwMjczMTU2MGQxOGQ5NTZmNjgyOGY0ZWZjYmRiODp7ImNpdGllcyI6W3siaWQiOjEsIm5hbWUiOiJPbGluZGEifSx7ImlkIjoyLCJuYW1lIjoiUmVjaWZlIn0seyJpZCI6MywibmFtZSI6IkNhbWFyYWdpYmUifSx7ImlkIjo0LCJuYW1lIjoiSmFib2F0XHUwMGUzbyBkb3MgR3VhcmFyYXBlcyJ9XX0=','2014-10-23 18:22:12'),('hph2ydl5dd1qq5am8qcze81jqvm4yesc','MzAxM2I1ZjcyN2QwMjczMTU2MGQxOGQ5NTZmNjgyOGY0ZWZjYmRiODp7ImNpdGllcyI6W3siaWQiOjEsIm5hbWUiOiJPbGluZGEifSx7ImlkIjoyLCJuYW1lIjoiUmVjaWZlIn0seyJpZCI6MywibmFtZSI6IkNhbWFyYWdpYmUifSx7ImlkIjo0LCJuYW1lIjoiSmFib2F0XHUwMGUzbyBkb3MgR3VhcmFyYXBlcyJ9XX0=','2014-10-23 21:12:36'),('hpz65oewyxrigdebdiyvti5oq4c8ugoh','MzAxM2I1ZjcyN2QwMjczMTU2MGQxOGQ5NTZmNjgyOGY0ZWZjYmRiODp7ImNpdGllcyI6W3siaWQiOjEsIm5hbWUiOiJPbGluZGEifSx7ImlkIjoyLCJuYW1lIjoiUmVjaWZlIn0seyJpZCI6MywibmFtZSI6IkNhbWFyYWdpYmUifSx7ImlkIjo0LCJuYW1lIjoiSmFib2F0XHUwMGUzbyBkb3MgR3VhcmFyYXBlcyJ9XX0=','2014-10-27 20:37:38'),('hqi8bvspl1pgch6cekyjmxhvsj7imq2a','MzAxM2I1ZjcyN2QwMjczMTU2MGQxOGQ5NTZmNjgyOGY0ZWZjYmRiODp7ImNpdGllcyI6W3siaWQiOjEsIm5hbWUiOiJPbGluZGEifSx7ImlkIjoyLCJuYW1lIjoiUmVjaWZlIn0seyJpZCI6MywibmFtZSI6IkNhbWFyYWdpYmUifSx7ImlkIjo0LCJuYW1lIjoiSmFib2F0XHUwMGUzbyBkb3MgR3VhcmFyYXBlcyJ9XX0=','2014-10-23 20:35:14'),('hrignm7zx93zxpwogcyc4r8cp2gt6ejc','YTY4YzBiMWJkNGJhNGZkNjQ1YTY2ZjE0YTQxMTExNjVhYjkyZDExNjp7ImNpdHkiOjIsImNpdGllcyI6W3siaWQiOjEsIm5hbWUiOiJPbGluZGEifSx7ImlkIjoyLCJuYW1lIjoiUmVjaWZlIn0seyJpZCI6MywibmFtZSI6IkNhbWFyYWdpYmUifSx7ImlkIjo0LCJuYW1lIjoiSmFib2F0XHUwMGUzbyBkb3MgR3VhcmFyYXBlcyJ9XSwidHlwZW9mZmVyIjoxfQ==','2014-10-29 11:42:00'),('htdybzo65niwl6os4b30xrwkq36jl43e','NWVmODRiM2M5MGY2ZDBiN2Y0N2I3OTNiYTZiYjI2NzIwMzBlMjkwODp7fQ==','2014-10-29 15:32:21'),('hubflklsd0cmu1svecwk2ujvd5obza1x','MzAxM2I1ZjcyN2QwMjczMTU2MGQxOGQ5NTZmNjgyOGY0ZWZjYmRiODp7ImNpdGllcyI6W3siaWQiOjEsIm5hbWUiOiJPbGluZGEifSx7ImlkIjoyLCJuYW1lIjoiUmVjaWZlIn0seyJpZCI6MywibmFtZSI6IkNhbWFyYWdpYmUifSx7ImlkIjo0LCJuYW1lIjoiSmFib2F0XHUwMGUzbyBkb3MgR3VhcmFyYXBlcyJ9XX0=','2014-10-22 18:41:19'),('hvls3n71bncca8oypf9buvntzykw0r0c','YTY4YzBiMWJkNGJhNGZkNjQ1YTY2ZjE0YTQxMTExNjVhYjkyZDExNjp7ImNpdHkiOjIsImNpdGllcyI6W3siaWQiOjEsIm5hbWUiOiJPbGluZGEifSx7ImlkIjoyLCJuYW1lIjoiUmVjaWZlIn0seyJpZCI6MywibmFtZSI6IkNhbWFyYWdpYmUifSx7ImlkIjo0LCJuYW1lIjoiSmFib2F0XHUwMGUzbyBkb3MgR3VhcmFyYXBlcyJ9XSwidHlwZW9mZmVyIjoxfQ==','2014-10-29 11:30:04'),('hvyqoiihvac9wghxkergx4j18qqagslb','MzAxM2I1ZjcyN2QwMjczMTU2MGQxOGQ5NTZmNjgyOGY0ZWZjYmRiODp7ImNpdGllcyI6W3siaWQiOjEsIm5hbWUiOiJPbGluZGEifSx7ImlkIjoyLCJuYW1lIjoiUmVjaWZlIn0seyJpZCI6MywibmFtZSI6IkNhbWFyYWdpYmUifSx7ImlkIjo0LCJuYW1lIjoiSmFib2F0XHUwMGUzbyBkb3MgR3VhcmFyYXBlcyJ9XX0=','2014-10-24 19:43:35'),('hx32pb4ftioj43zll7r5kt0r2hdelmh0','NjMxZDQ2MmJkYWRlNDgwMmZmNWRmYTAyMWE5MDYzMzUxMDdhYjUzNzp7InR5cGVvZmZlciI6Mn0=','2014-10-29 15:31:58'),('hx5t4bd4klvnu9dujxtqf9bzt6hu01nv','MzAxM2I1ZjcyN2QwMjczMTU2MGQxOGQ5NTZmNjgyOGY0ZWZjYmRiODp7ImNpdGllcyI6W3siaWQiOjEsIm5hbWUiOiJPbGluZGEifSx7ImlkIjoyLCJuYW1lIjoiUmVjaWZlIn0seyJpZCI6MywibmFtZSI6IkNhbWFyYWdpYmUifSx7ImlkIjo0LCJuYW1lIjoiSmFib2F0XHUwMGUzbyBkb3MgR3VhcmFyYXBlcyJ9XX0=','2014-10-24 20:24:08'),('i1odad1730p8sanuquum9z4twhmzz4wy','MzAxM2I1ZjcyN2QwMjczMTU2MGQxOGQ5NTZmNjgyOGY0ZWZjYmRiODp7ImNpdGllcyI6W3siaWQiOjEsIm5hbWUiOiJPbGluZGEifSx7ImlkIjoyLCJuYW1lIjoiUmVjaWZlIn0seyJpZCI6MywibmFtZSI6IkNhbWFyYWdpYmUifSx7ImlkIjo0LCJuYW1lIjoiSmFib2F0XHUwMGUzbyBkb3MgR3VhcmFyYXBlcyJ9XX0=','2014-10-27 20:28:48'),('i3amcefxkhdt523s8wbldeukwdd0rplh','YTY4YzBiMWJkNGJhNGZkNjQ1YTY2ZjE0YTQxMTExNjVhYjkyZDExNjp7ImNpdHkiOjIsImNpdGllcyI6W3siaWQiOjEsIm5hbWUiOiJPbGluZGEifSx7ImlkIjoyLCJuYW1lIjoiUmVjaWZlIn0seyJpZCI6MywibmFtZSI6IkNhbWFyYWdpYmUifSx7ImlkIjo0LCJuYW1lIjoiSmFib2F0XHUwMGUzbyBkb3MgR3VhcmFyYXBlcyJ9XSwidHlwZW9mZmVyIjoxfQ==','2014-10-29 11:30:33'),('i4082wruufitp5b8xkrc7nj76bgnam9g','MzAxM2I1ZjcyN2QwMjczMTU2MGQxOGQ5NTZmNjgyOGY0ZWZjYmRiODp7ImNpdGllcyI6W3siaWQiOjEsIm5hbWUiOiJPbGluZGEifSx7ImlkIjoyLCJuYW1lIjoiUmVjaWZlIn0seyJpZCI6MywibmFtZSI6IkNhbWFyYWdpYmUifSx7ImlkIjo0LCJuYW1lIjoiSmFib2F0XHUwMGUzbyBkb3MgR3VhcmFyYXBlcyJ9XX0=','2014-10-24 19:43:19'),('i4lfn1wmi9ge2e6wcndx0x2lh62gaeup','MzAxM2I1ZjcyN2QwMjczMTU2MGQxOGQ5NTZmNjgyOGY0ZWZjYmRiODp7ImNpdGllcyI6W3siaWQiOjEsIm5hbWUiOiJPbGluZGEifSx7ImlkIjoyLCJuYW1lIjoiUmVjaWZlIn0seyJpZCI6MywibmFtZSI6IkNhbWFyYWdpYmUifSx7ImlkIjo0LCJuYW1lIjoiSmFib2F0XHUwMGUzbyBkb3MgR3VhcmFyYXBlcyJ9XX0=','2014-10-24 19:33:54'),('i6p3z516q78ybyzholjlrpcpgz0es0hr','MzAxM2I1ZjcyN2QwMjczMTU2MGQxOGQ5NTZmNjgyOGY0ZWZjYmRiODp7ImNpdGllcyI6W3siaWQiOjEsIm5hbWUiOiJPbGluZGEifSx7ImlkIjoyLCJuYW1lIjoiUmVjaWZlIn0seyJpZCI6MywibmFtZSI6IkNhbWFyYWdpYmUifSx7ImlkIjo0LCJuYW1lIjoiSmFib2F0XHUwMGUzbyBkb3MgR3VhcmFyYXBlcyJ9XX0=','2014-10-22 18:28:56'),('i723ppbtndqdogv9mcyqruudomtn7g23','MzAxM2I1ZjcyN2QwMjczMTU2MGQxOGQ5NTZmNjgyOGY0ZWZjYmRiODp7ImNpdGllcyI6W3siaWQiOjEsIm5hbWUiOiJPbGluZGEifSx7ImlkIjoyLCJuYW1lIjoiUmVjaWZlIn0seyJpZCI6MywibmFtZSI6IkNhbWFyYWdpYmUifSx7ImlkIjo0LCJuYW1lIjoiSmFib2F0XHUwMGUzbyBkb3MgR3VhcmFyYXBlcyJ9XX0=','2014-10-23 20:33:56'),('i7z2iiqm3rmrbslv5i4me01wzl4imvm3','MzAxM2I1ZjcyN2QwMjczMTU2MGQxOGQ5NTZmNjgyOGY0ZWZjYmRiODp7ImNpdGllcyI6W3siaWQiOjEsIm5hbWUiOiJPbGluZGEifSx7ImlkIjoyLCJuYW1lIjoiUmVjaWZlIn0seyJpZCI6MywibmFtZSI6IkNhbWFyYWdpYmUifSx7ImlkIjo0LCJuYW1lIjoiSmFib2F0XHUwMGUzbyBkb3MgR3VhcmFyYXBlcyJ9XX0=','2014-10-22 15:35:47'),('i86o1g1iehruz055bmxrwoj51vy4zu13','MzAxM2I1ZjcyN2QwMjczMTU2MGQxOGQ5NTZmNjgyOGY0ZWZjYmRiODp7ImNpdGllcyI6W3siaWQiOjEsIm5hbWUiOiJPbGluZGEifSx7ImlkIjoyLCJuYW1lIjoiUmVjaWZlIn0seyJpZCI6MywibmFtZSI6IkNhbWFyYWdpYmUifSx7ImlkIjo0LCJuYW1lIjoiSmFib2F0XHUwMGUzbyBkb3MgR3VhcmFyYXBlcyJ9XX0=','2014-10-24 19:31:13'),('i86ux5jewosm8cs4ffv2nsk5jdpwas83','MzAxM2I1ZjcyN2QwMjczMTU2MGQxOGQ5NTZmNjgyOGY0ZWZjYmRiODp7ImNpdGllcyI6W3siaWQiOjEsIm5hbWUiOiJPbGluZGEifSx7ImlkIjoyLCJuYW1lIjoiUmVjaWZlIn0seyJpZCI6MywibmFtZSI6IkNhbWFyYWdpYmUifSx7ImlkIjo0LCJuYW1lIjoiSmFib2F0XHUwMGUzbyBkb3MgR3VhcmFyYXBlcyJ9XX0=','2014-10-27 21:05:28'),('i8e45i0kmps1uwdlvjnn7qffosl0p6b7','MzAxM2I1ZjcyN2QwMjczMTU2MGQxOGQ5NTZmNjgyOGY0ZWZjYmRiODp7ImNpdGllcyI6W3siaWQiOjEsIm5hbWUiOiJPbGluZGEifSx7ImlkIjoyLCJuYW1lIjoiUmVjaWZlIn0seyJpZCI6MywibmFtZSI6IkNhbWFyYWdpYmUifSx7ImlkIjo0LCJuYW1lIjoiSmFib2F0XHUwMGUzbyBkb3MgR3VhcmFyYXBlcyJ9XX0=','2014-10-23 18:23:07'),('i9lf75zm4tvbndkafil67rbd61w8awhl','MzAxM2I1ZjcyN2QwMjczMTU2MGQxOGQ5NTZmNjgyOGY0ZWZjYmRiODp7ImNpdGllcyI6W3siaWQiOjEsIm5hbWUiOiJPbGluZGEifSx7ImlkIjoyLCJuYW1lIjoiUmVjaWZlIn0seyJpZCI6MywibmFtZSI6IkNhbWFyYWdpYmUifSx7ImlkIjo0LCJuYW1lIjoiSmFib2F0XHUwMGUzbyBkb3MgR3VhcmFyYXBlcyJ9XX0=','2014-10-24 19:18:31'),('icqmifx6667p075l2kn1fx385o71vb5z','MzAxM2I1ZjcyN2QwMjczMTU2MGQxOGQ5NTZmNjgyOGY0ZWZjYmRiODp7ImNpdGllcyI6W3siaWQiOjEsIm5hbWUiOiJPbGluZGEifSx7ImlkIjoyLCJuYW1lIjoiUmVjaWZlIn0seyJpZCI6MywibmFtZSI6IkNhbWFyYWdpYmUifSx7ImlkIjo0LCJuYW1lIjoiSmFib2F0XHUwMGUzbyBkb3MgR3VhcmFyYXBlcyJ9XX0=','2014-10-22 20:55:35'),('ieo5v2gsk2x4lo9dzfjtqturb1xnwywt','MzAxM2I1ZjcyN2QwMjczMTU2MGQxOGQ5NTZmNjgyOGY0ZWZjYmRiODp7ImNpdGllcyI6W3siaWQiOjEsIm5hbWUiOiJPbGluZGEifSx7ImlkIjoyLCJuYW1lIjoiUmVjaWZlIn0seyJpZCI6MywibmFtZSI6IkNhbWFyYWdpYmUifSx7ImlkIjo0LCJuYW1lIjoiSmFib2F0XHUwMGUzbyBkb3MgR3VhcmFyYXBlcyJ9XX0=','2014-10-23 20:43:31'),('iht60mr2fftxoxob8ucvualiaqrzuvy8','MzAxM2I1ZjcyN2QwMjczMTU2MGQxOGQ5NTZmNjgyOGY0ZWZjYmRiODp7ImNpdGllcyI6W3siaWQiOjEsIm5hbWUiOiJPbGluZGEifSx7ImlkIjoyLCJuYW1lIjoiUmVjaWZlIn0seyJpZCI6MywibmFtZSI6IkNhbWFyYWdpYmUifSx7ImlkIjo0LCJuYW1lIjoiSmFib2F0XHUwMGUzbyBkb3MgR3VhcmFyYXBlcyJ9XX0=','2014-10-24 19:18:31'),('in1das1szrvst4zdr7mbn90s09vyybnk','MzAxM2I1ZjcyN2QwMjczMTU2MGQxOGQ5NTZmNjgyOGY0ZWZjYmRiODp7ImNpdGllcyI6W3siaWQiOjEsIm5hbWUiOiJPbGluZGEifSx7ImlkIjoyLCJuYW1lIjoiUmVjaWZlIn0seyJpZCI6MywibmFtZSI6IkNhbWFyYWdpYmUifSx7ImlkIjo0LCJuYW1lIjoiSmFib2F0XHUwMGUzbyBkb3MgR3VhcmFyYXBlcyJ9XX0=','2014-10-24 20:19:58'),('ipcyfav7ni624v0siosjafxawcz6f6kn','MzAxM2I1ZjcyN2QwMjczMTU2MGQxOGQ5NTZmNjgyOGY0ZWZjYmRiODp7ImNpdGllcyI6W3siaWQiOjEsIm5hbWUiOiJPbGluZGEifSx7ImlkIjoyLCJuYW1lIjoiUmVjaWZlIn0seyJpZCI6MywibmFtZSI6IkNhbWFyYWdpYmUifSx7ImlkIjo0LCJuYW1lIjoiSmFib2F0XHUwMGUzbyBkb3MgR3VhcmFyYXBlcyJ9XX0=','2014-10-24 19:39:09'),('isy8rwly12arlt8ekhili1hwvc3mcnf1','YTY4YzBiMWJkNGJhNGZkNjQ1YTY2ZjE0YTQxMTExNjVhYjkyZDExNjp7ImNpdHkiOjIsImNpdGllcyI6W3siaWQiOjEsIm5hbWUiOiJPbGluZGEifSx7ImlkIjoyLCJuYW1lIjoiUmVjaWZlIn0seyJpZCI6MywibmFtZSI6IkNhbWFyYWdpYmUifSx7ImlkIjo0LCJuYW1lIjoiSmFib2F0XHUwMGUzbyBkb3MgR3VhcmFyYXBlcyJ9XSwidHlwZW9mZmVyIjoxfQ==','2014-10-29 11:41:47'),('itjbjwqkd8bpe1q4p2xj9efk6f6gsgkn','YTY4YzBiMWJkNGJhNGZkNjQ1YTY2ZjE0YTQxMTExNjVhYjkyZDExNjp7ImNpdHkiOjIsImNpdGllcyI6W3siaWQiOjEsIm5hbWUiOiJPbGluZGEifSx7ImlkIjoyLCJuYW1lIjoiUmVjaWZlIn0seyJpZCI6MywibmFtZSI6IkNhbWFyYWdpYmUifSx7ImlkIjo0LCJuYW1lIjoiSmFib2F0XHUwMGUzbyBkb3MgR3VhcmFyYXBlcyJ9XSwidHlwZW9mZmVyIjoxfQ==','2014-10-29 11:31:07'),('itrqb07awk6wybswyep8qm7giqvmdoap','ZTc1MTk4ODk2YzBjYTY2YjZkMDNhOGI0YTA3ODA4ZGNlODQzNmRkZDp7ImNpdHkiOjIsImNpdGllcyI6W3siaWQiOjEsIm5hbWUiOiJPbGluZGEifSx7ImlkIjoyLCJuYW1lIjoiUmVjaWZlIn0seyJpZCI6MywibmFtZSI6IkNhbWFyYWdpYmUifSx7ImlkIjo0LCJuYW1lIjoiSmFib2F0XHUwMGUzbyBkb3MgR3VhcmFyYXBlcyJ9XX0=','2014-10-29 11:41:15'),('iufnv5zu6oj5qinfp6tjc75bgpd2pdax','MzAxM2I1ZjcyN2QwMjczMTU2MGQxOGQ5NTZmNjgyOGY0ZWZjYmRiODp7ImNpdGllcyI6W3siaWQiOjEsIm5hbWUiOiJPbGluZGEifSx7ImlkIjoyLCJuYW1lIjoiUmVjaWZlIn0seyJpZCI6MywibmFtZSI6IkNhbWFyYWdpYmUifSx7ImlkIjo0LCJuYW1lIjoiSmFib2F0XHUwMGUzbyBkb3MgR3VhcmFyYXBlcyJ9XX0=','2014-10-23 21:34:07'),('iwwgj4gbjxbw0sr0ugxb0p16h83eodgr','YTY4YzBiMWJkNGJhNGZkNjQ1YTY2ZjE0YTQxMTExNjVhYjkyZDExNjp7ImNpdHkiOjIsImNpdGllcyI6W3siaWQiOjEsIm5hbWUiOiJPbGluZGEifSx7ImlkIjoyLCJuYW1lIjoiUmVjaWZlIn0seyJpZCI6MywibmFtZSI6IkNhbWFyYWdpYmUifSx7ImlkIjo0LCJuYW1lIjoiSmFib2F0XHUwMGUzbyBkb3MgR3VhcmFyYXBlcyJ9XSwidHlwZW9mZmVyIjoxfQ==','2014-10-30 11:38:24'),('iwxfgbd28147gfse1a406biv1pp3phrn','YTY4YzBiMWJkNGJhNGZkNjQ1YTY2ZjE0YTQxMTExNjVhYjkyZDExNjp7ImNpdHkiOjIsImNpdGllcyI6W3siaWQiOjEsIm5hbWUiOiJPbGluZGEifSx7ImlkIjoyLCJuYW1lIjoiUmVjaWZlIn0seyJpZCI6MywibmFtZSI6IkNhbWFyYWdpYmUifSx7ImlkIjo0LCJuYW1lIjoiSmFib2F0XHUwMGUzbyBkb3MgR3VhcmFyYXBlcyJ9XSwidHlwZW9mZmVyIjoxfQ==','2014-10-29 11:41:46'),('iyfjj25w455xpbhapu0i5jgkob6gbaxt','MzAxM2I1ZjcyN2QwMjczMTU2MGQxOGQ5NTZmNjgyOGY0ZWZjYmRiODp7ImNpdGllcyI6W3siaWQiOjEsIm5hbWUiOiJPbGluZGEifSx7ImlkIjoyLCJuYW1lIjoiUmVjaWZlIn0seyJpZCI6MywibmFtZSI6IkNhbWFyYWdpYmUifSx7ImlkIjo0LCJuYW1lIjoiSmFib2F0XHUwMGUzbyBkb3MgR3VhcmFyYXBlcyJ9XX0=','2014-10-24 20:29:17'),('izad4yn5bnr8ve2lvfp3s4clgoz4g4j3','YTY4YzBiMWJkNGJhNGZkNjQ1YTY2ZjE0YTQxMTExNjVhYjkyZDExNjp7ImNpdHkiOjIsImNpdGllcyI6W3siaWQiOjEsIm5hbWUiOiJPbGluZGEifSx7ImlkIjoyLCJuYW1lIjoiUmVjaWZlIn0seyJpZCI6MywibmFtZSI6IkNhbWFyYWdpYmUifSx7ImlkIjo0LCJuYW1lIjoiSmFib2F0XHUwMGUzbyBkb3MgR3VhcmFyYXBlcyJ9XSwidHlwZW9mZmVyIjoxfQ==','2014-10-29 11:17:19'),('izmhork6e52g7vb0mw1mmalq7k5c1sdm','MzAxM2I1ZjcyN2QwMjczMTU2MGQxOGQ5NTZmNjgyOGY0ZWZjYmRiODp7ImNpdGllcyI6W3siaWQiOjEsIm5hbWUiOiJPbGluZGEifSx7ImlkIjoyLCJuYW1lIjoiUmVjaWZlIn0seyJpZCI6MywibmFtZSI6IkNhbWFyYWdpYmUifSx7ImlkIjo0LCJuYW1lIjoiSmFib2F0XHUwMGUzbyBkb3MgR3VhcmFyYXBlcyJ9XX0=','2014-10-24 19:36:37'),('j0tw6u9q1zjpa873s38n9jg9d5b807w3','MzAxM2I1ZjcyN2QwMjczMTU2MGQxOGQ5NTZmNjgyOGY0ZWZjYmRiODp7ImNpdGllcyI6W3siaWQiOjEsIm5hbWUiOiJPbGluZGEifSx7ImlkIjoyLCJuYW1lIjoiUmVjaWZlIn0seyJpZCI6MywibmFtZSI6IkNhbWFyYWdpYmUifSx7ImlkIjo0LCJuYW1lIjoiSmFib2F0XHUwMGUzbyBkb3MgR3VhcmFyYXBlcyJ9XX0=','2014-10-28 16:17:00'),('j21lcg8xmhd6g41dfn966uoe0ggk76gx','MzAxM2I1ZjcyN2QwMjczMTU2MGQxOGQ5NTZmNjgyOGY0ZWZjYmRiODp7ImNpdGllcyI6W3siaWQiOjEsIm5hbWUiOiJPbGluZGEifSx7ImlkIjoyLCJuYW1lIjoiUmVjaWZlIn0seyJpZCI6MywibmFtZSI6IkNhbWFyYWdpYmUifSx7ImlkIjo0LCJuYW1lIjoiSmFib2F0XHUwMGUzbyBkb3MgR3VhcmFyYXBlcyJ9XX0=','2014-10-22 18:41:18'),('j2vx16a4d0a98nbq6wo3tqb868gogbsm','MzAxM2I1ZjcyN2QwMjczMTU2MGQxOGQ5NTZmNjgyOGY0ZWZjYmRiODp7ImNpdGllcyI6W3siaWQiOjEsIm5hbWUiOiJPbGluZGEifSx7ImlkIjoyLCJuYW1lIjoiUmVjaWZlIn0seyJpZCI6MywibmFtZSI6IkNhbWFyYWdpYmUifSx7ImlkIjo0LCJuYW1lIjoiSmFib2F0XHUwMGUzbyBkb3MgR3VhcmFyYXBlcyJ9XX0=','2014-10-22 20:50:53'),('j30s2cb5zgo6h0l7edl086tvxzbsdxso','MzAxM2I1ZjcyN2QwMjczMTU2MGQxOGQ5NTZmNjgyOGY0ZWZjYmRiODp7ImNpdGllcyI6W3siaWQiOjEsIm5hbWUiOiJPbGluZGEifSx7ImlkIjoyLCJuYW1lIjoiUmVjaWZlIn0seyJpZCI6MywibmFtZSI6IkNhbWFyYWdpYmUifSx7ImlkIjo0LCJuYW1lIjoiSmFib2F0XHUwMGUzbyBkb3MgR3VhcmFyYXBlcyJ9XX0=','2014-10-23 21:56:25'),('j7psp2423ax7jye6um6l9ci2y40eho5d','MzAxM2I1ZjcyN2QwMjczMTU2MGQxOGQ5NTZmNjgyOGY0ZWZjYmRiODp7ImNpdGllcyI6W3siaWQiOjEsIm5hbWUiOiJPbGluZGEifSx7ImlkIjoyLCJuYW1lIjoiUmVjaWZlIn0seyJpZCI6MywibmFtZSI6IkNhbWFyYWdpYmUifSx7ImlkIjo0LCJuYW1lIjoiSmFib2F0XHUwMGUzbyBkb3MgR3VhcmFyYXBlcyJ9XX0=','2014-10-27 22:46:28'),('j86c9rj3c7z9w3ts92buljutr8wva4qc','ZWJjOWY0NDFhZjhiOWVmYTBmZmUyYmNhYTI0ZDUxYWJmMWVjYzM4Mjp7Il9hdXRoX3VzZXJfYmFja2VuZCI6ImRqYW5nby5jb250cmliLmF1dGguYmFja2VuZHMuTW9kZWxCYWNrZW5kIiwiX2F1dGhfdXNlcl9oYXNoIjoiYzFhODU5MWYxMWVjNzQ2MmRlMWE0MGYzNzY2MDc1Njg4MjI4YTRmYyIsIl9hdXRoX3VzZXJfaWQiOjEsIl9tZXNzYWdlcyI6IltbXCJfX2pzb25fbWVzc2FnZVwiLDAsMjUsXCJPcGVyYVxcdTAwZTdcXHUwMGUzbyBcXFwiVmljdG9yIEx1bmFhYSAtIFIkMjUuMDAgKERcXHUwMGU5Yml0bylcXFwiOiBtb2RpZmljYWRvIGNvbSBzdWNlc3NvLlwiXSxbXCJfX2pzb25fbWVzc2FnZVwiLDAsMjUsXCJGaWxpYWwgXFxcImRhc2Rhc2QgKGFhYUBhYWEuYWFhKVxcXCI6IG1vZGlmaWNhZG8gY29tIHN1Y2Vzc28uXCJdLFtcIl9fanNvbl9tZXNzYWdlXCIsMCwyNSxcImdydXBvIFxcXCJwYXJjZWlyb1xcXCI6IG1vZGlmaWNhZG8gY29tIHN1Y2Vzc28uXCJdLFtcIl9fanNvbl9tZXNzYWdlXCIsMCwyNSxcIk9mZXJ0YSBcXFwidGVzdGVcXFwiOiBtb2RpZmljYWRvIGNvbSBzdWNlc3NvLlwiXSxbXCJfX2pzb25fbWVzc2FnZVwiLDAsMjUsXCJPZmVydGEgXFxcInRlc3RlXFxcIjogbW9kaWZpY2FkbyBjb20gc3VjZXNzby5cIl0sW1wiX19qc29uX21lc3NhZ2VcIiwwLDI1LFwiUGVkaWRvIFxcXCJWaWN0b3IgTHVuYWFhIC0gNTUuMDBcXFwiOiBtb2RpZmljYWRvIGNvbSBzdWNlc3NvLlwiXSxbXCJfX2pzb25fbWVzc2FnZVwiLDAsMjUsXCJQZWRpZG8gXFxcIlZpY3RvciBMdW5hYWEgLSA1NS4wMFxcXCI6IG1vZGlmaWNhZG8gY29tIHN1Y2Vzc28uXCJdLFtcIl9fanNvbl9tZXNzYWdlXCIsMCwyNSxcImdydXBvIFxcXCJwYXJjZWlyb1xcXCI6IG1vZGlmaWNhZG8gY29tIHN1Y2Vzc28uXCJdLFtcIl9fanNvbl9tZXNzYWdlXCIsMCwyNSxcIlJlbW92aWRvIDEgZ3J1cG8gY29tIHN1Y2Vzc28uXCJdXSJ9','2014-10-13 21:41:56'),('j88ei31bw8noznx4t4yw5l29xcfi2l93','MzAxM2I1ZjcyN2QwMjczMTU2MGQxOGQ5NTZmNjgyOGY0ZWZjYmRiODp7ImNpdGllcyI6W3siaWQiOjEsIm5hbWUiOiJPbGluZGEifSx7ImlkIjoyLCJuYW1lIjoiUmVjaWZlIn0seyJpZCI6MywibmFtZSI6IkNhbWFyYWdpYmUifSx7ImlkIjo0LCJuYW1lIjoiSmFib2F0XHUwMGUzbyBkb3MgR3VhcmFyYXBlcyJ9XX0=','2014-10-22 15:35:48'),('j98k18nqkf2ywapp714tw94jokqxc28y','MzAxM2I1ZjcyN2QwMjczMTU2MGQxOGQ5NTZmNjgyOGY0ZWZjYmRiODp7ImNpdGllcyI6W3siaWQiOjEsIm5hbWUiOiJPbGluZGEifSx7ImlkIjoyLCJuYW1lIjoiUmVjaWZlIn0seyJpZCI6MywibmFtZSI6IkNhbWFyYWdpYmUifSx7ImlkIjo0LCJuYW1lIjoiSmFib2F0XHUwMGUzbyBkb3MgR3VhcmFyYXBlcyJ9XX0=','2014-10-22 17:52:16'),('j9acxs08k0rg05xfap1ujmm8mw4ej158','MzAxM2I1ZjcyN2QwMjczMTU2MGQxOGQ5NTZmNjgyOGY0ZWZjYmRiODp7ImNpdGllcyI6W3siaWQiOjEsIm5hbWUiOiJPbGluZGEifSx7ImlkIjoyLCJuYW1lIjoiUmVjaWZlIn0seyJpZCI6MywibmFtZSI6IkNhbWFyYWdpYmUifSx7ImlkIjo0LCJuYW1lIjoiSmFib2F0XHUwMGUzbyBkb3MgR3VhcmFyYXBlcyJ9XX0=','2014-10-24 19:18:31'),('j9ryx3s1bs4cac8ms560djhwe2kaceet','MzAxM2I1ZjcyN2QwMjczMTU2MGQxOGQ5NTZmNjgyOGY0ZWZjYmRiODp7ImNpdGllcyI6W3siaWQiOjEsIm5hbWUiOiJPbGluZGEifSx7ImlkIjoyLCJuYW1lIjoiUmVjaWZlIn0seyJpZCI6MywibmFtZSI6IkNhbWFyYWdpYmUifSx7ImlkIjo0LCJuYW1lIjoiSmFib2F0XHUwMGUzbyBkb3MgR3VhcmFyYXBlcyJ9XX0=','2014-10-23 18:20:15'),('jew2jctsnub0q5gbzwvpv555x54eeol6','ZjcyMTljY2YwZDk2ODAzZjFmZDQ0NDg5M2E1NTg1Y2NlNjU2MDE5Njp7ImNpdHkiOjIsImNpdGllcyI6W3siaWQiOjEsIm5hbWUiOiJPbGluZGEifSx7ImlkIjoyLCJuYW1lIjoiUmVjaWZlIn0seyJpZCI6MywibmFtZSI6IkNhbWFyYWdpYmUifSx7ImlkIjo0LCJuYW1lIjoiSmFib2F0XHUwMGUzbyBkb3MgR3VhcmFyYXBlcyJ9XSwidHlwZW9mZmVyIjoyfQ==','2014-10-29 11:24:40'),('jfafdddl5ybsd071ra6else4ji4j399i','MzAxM2I1ZjcyN2QwMjczMTU2MGQxOGQ5NTZmNjgyOGY0ZWZjYmRiODp7ImNpdGllcyI6W3siaWQiOjEsIm5hbWUiOiJPbGluZGEifSx7ImlkIjoyLCJuYW1lIjoiUmVjaWZlIn0seyJpZCI6MywibmFtZSI6IkNhbWFyYWdpYmUifSx7ImlkIjo0LCJuYW1lIjoiSmFib2F0XHUwMGUzbyBkb3MgR3VhcmFyYXBlcyJ9XX0=','2014-10-23 20:49:19'),('jr2zrspuxl23dl1kj90t0ii71vjdtfm4','MzAxM2I1ZjcyN2QwMjczMTU2MGQxOGQ5NTZmNjgyOGY0ZWZjYmRiODp7ImNpdGllcyI6W3siaWQiOjEsIm5hbWUiOiJPbGluZGEifSx7ImlkIjoyLCJuYW1lIjoiUmVjaWZlIn0seyJpZCI6MywibmFtZSI6IkNhbWFyYWdpYmUifSx7ImlkIjo0LCJuYW1lIjoiSmFib2F0XHUwMGUzbyBkb3MgR3VhcmFyYXBlcyJ9XX0=','2014-10-24 19:39:38'),('jrx8acskjtw7982oc1cfzo97mvm7b8gk','MzAxM2I1ZjcyN2QwMjczMTU2MGQxOGQ5NTZmNjgyOGY0ZWZjYmRiODp7ImNpdGllcyI6W3siaWQiOjEsIm5hbWUiOiJPbGluZGEifSx7ImlkIjoyLCJuYW1lIjoiUmVjaWZlIn0seyJpZCI6MywibmFtZSI6IkNhbWFyYWdpYmUifSx7ImlkIjo0LCJuYW1lIjoiSmFib2F0XHUwMGUzbyBkb3MgR3VhcmFyYXBlcyJ9XX0=','2014-10-24 19:43:46'),('jzm100jnjwb1k0lo5s5orgvecsf23jnp','YTY4YzBiMWJkNGJhNGZkNjQ1YTY2ZjE0YTQxMTExNjVhYjkyZDExNjp7ImNpdHkiOjIsImNpdGllcyI6W3siaWQiOjEsIm5hbWUiOiJPbGluZGEifSx7ImlkIjoyLCJuYW1lIjoiUmVjaWZlIn0seyJpZCI6MywibmFtZSI6IkNhbWFyYWdpYmUifSx7ImlkIjo0LCJuYW1lIjoiSmFib2F0XHUwMGUzbyBkb3MgR3VhcmFyYXBlcyJ9XSwidHlwZW9mZmVyIjoxfQ==','2014-10-29 11:16:45'),('k0wp4lpppxrw8mq2q3w2zr2q2igm9m4k','MzAxM2I1ZjcyN2QwMjczMTU2MGQxOGQ5NTZmNjgyOGY0ZWZjYmRiODp7ImNpdGllcyI6W3siaWQiOjEsIm5hbWUiOiJPbGluZGEifSx7ImlkIjoyLCJuYW1lIjoiUmVjaWZlIn0seyJpZCI6MywibmFtZSI6IkNhbWFyYWdpYmUifSx7ImlkIjo0LCJuYW1lIjoiSmFib2F0XHUwMGUzbyBkb3MgR3VhcmFyYXBlcyJ9XX0=','2014-10-24 20:24:22'),('k1vbal205n5ad2pzx7ly4gfmxaq9npoh','MzAxM2I1ZjcyN2QwMjczMTU2MGQxOGQ5NTZmNjgyOGY0ZWZjYmRiODp7ImNpdGllcyI6W3siaWQiOjEsIm5hbWUiOiJPbGluZGEifSx7ImlkIjoyLCJuYW1lIjoiUmVjaWZlIn0seyJpZCI6MywibmFtZSI6IkNhbWFyYWdpYmUifSx7ImlkIjo0LCJuYW1lIjoiSmFib2F0XHUwMGUzbyBkb3MgR3VhcmFyYXBlcyJ9XX0=','2014-10-24 19:36:36'),('k34nx1sm4mparqgvds1y4909dgxr9uc4','MzAxM2I1ZjcyN2QwMjczMTU2MGQxOGQ5NTZmNjgyOGY0ZWZjYmRiODp7ImNpdGllcyI6W3siaWQiOjEsIm5hbWUiOiJPbGluZGEifSx7ImlkIjoyLCJuYW1lIjoiUmVjaWZlIn0seyJpZCI6MywibmFtZSI6IkNhbWFyYWdpYmUifSx7ImlkIjo0LCJuYW1lIjoiSmFib2F0XHUwMGUzbyBkb3MgR3VhcmFyYXBlcyJ9XX0=','2014-10-28 16:18:15'),('k3ppda5if7qk306y7haam5um4mtymmza','MzAxM2I1ZjcyN2QwMjczMTU2MGQxOGQ5NTZmNjgyOGY0ZWZjYmRiODp7ImNpdGllcyI6W3siaWQiOjEsIm5hbWUiOiJPbGluZGEifSx7ImlkIjoyLCJuYW1lIjoiUmVjaWZlIn0seyJpZCI6MywibmFtZSI6IkNhbWFyYWdpYmUifSx7ImlkIjo0LCJuYW1lIjoiSmFib2F0XHUwMGUzbyBkb3MgR3VhcmFyYXBlcyJ9XX0=','2014-10-22 21:11:52'),('k3r2yb1wmfqrh64qvnk4ti6gp6lt2sfo','MzAxM2I1ZjcyN2QwMjczMTU2MGQxOGQ5NTZmNjgyOGY0ZWZjYmRiODp7ImNpdGllcyI6W3siaWQiOjEsIm5hbWUiOiJPbGluZGEifSx7ImlkIjoyLCJuYW1lIjoiUmVjaWZlIn0seyJpZCI6MywibmFtZSI6IkNhbWFyYWdpYmUifSx7ImlkIjo0LCJuYW1lIjoiSmFib2F0XHUwMGUzbyBkb3MgR3VhcmFyYXBlcyJ9XX0=','2014-10-24 19:39:21'),('k3tpnzclbs32gfhat699fd81pbxq8bah','MzAxM2I1ZjcyN2QwMjczMTU2MGQxOGQ5NTZmNjgyOGY0ZWZjYmRiODp7ImNpdGllcyI6W3siaWQiOjEsIm5hbWUiOiJPbGluZGEifSx7ImlkIjoyLCJuYW1lIjoiUmVjaWZlIn0seyJpZCI6MywibmFtZSI6IkNhbWFyYWdpYmUifSx7ImlkIjo0LCJuYW1lIjoiSmFib2F0XHUwMGUzbyBkb3MgR3VhcmFyYXBlcyJ9XX0=','2014-10-24 19:45:08'),('k4qkqf9xoswlh93thixj8ljdyu1f5az1','MzAxM2I1ZjcyN2QwMjczMTU2MGQxOGQ5NTZmNjgyOGY0ZWZjYmRiODp7ImNpdGllcyI6W3siaWQiOjEsIm5hbWUiOiJPbGluZGEifSx7ImlkIjoyLCJuYW1lIjoiUmVjaWZlIn0seyJpZCI6MywibmFtZSI6IkNhbWFyYWdpYmUifSx7ImlkIjo0LCJuYW1lIjoiSmFib2F0XHUwMGUzbyBkb3MgR3VhcmFyYXBlcyJ9XX0=','2014-10-22 18:07:58'),('k5ihwmjtu7o7twms0qcqcxdns874j6nd','YTY4YzBiMWJkNGJhNGZkNjQ1YTY2ZjE0YTQxMTExNjVhYjkyZDExNjp7ImNpdHkiOjIsImNpdGllcyI6W3siaWQiOjEsIm5hbWUiOiJPbGluZGEifSx7ImlkIjoyLCJuYW1lIjoiUmVjaWZlIn0seyJpZCI6MywibmFtZSI6IkNhbWFyYWdpYmUifSx7ImlkIjo0LCJuYW1lIjoiSmFib2F0XHUwMGUzbyBkb3MgR3VhcmFyYXBlcyJ9XSwidHlwZW9mZmVyIjoxfQ==','2014-10-15 11:55:36'),('k84j7ba9i20qikgd0ic9m3umo3n4usbw','MzAxM2I1ZjcyN2QwMjczMTU2MGQxOGQ5NTZmNjgyOGY0ZWZjYmRiODp7ImNpdGllcyI6W3siaWQiOjEsIm5hbWUiOiJPbGluZGEifSx7ImlkIjoyLCJuYW1lIjoiUmVjaWZlIn0seyJpZCI6MywibmFtZSI6IkNhbWFyYWdpYmUifSx7ImlkIjo0LCJuYW1lIjoiSmFib2F0XHUwMGUzbyBkb3MgR3VhcmFyYXBlcyJ9XX0=','2014-10-23 21:12:27'),('k9ah5kjo7cdcttn5h1oictx0yub91hop','YTY4YzBiMWJkNGJhNGZkNjQ1YTY2ZjE0YTQxMTExNjVhYjkyZDExNjp7ImNpdHkiOjIsImNpdGllcyI6W3siaWQiOjEsIm5hbWUiOiJPbGluZGEifSx7ImlkIjoyLCJuYW1lIjoiUmVjaWZlIn0seyJpZCI6MywibmFtZSI6IkNhbWFyYWdpYmUifSx7ImlkIjo0LCJuYW1lIjoiSmFib2F0XHUwMGUzbyBkb3MgR3VhcmFyYXBlcyJ9XSwidHlwZW9mZmVyIjoxfQ==','2014-10-29 11:41:47'),('k9du94crdh1g1nbtsfkw99idnpa1j6dr','YTY4YzBiMWJkNGJhNGZkNjQ1YTY2ZjE0YTQxMTExNjVhYjkyZDExNjp7ImNpdHkiOjIsImNpdGllcyI6W3siaWQiOjEsIm5hbWUiOiJPbGluZGEifSx7ImlkIjoyLCJuYW1lIjoiUmVjaWZlIn0seyJpZCI6MywibmFtZSI6IkNhbWFyYWdpYmUifSx7ImlkIjo0LCJuYW1lIjoiSmFib2F0XHUwMGUzbyBkb3MgR3VhcmFyYXBlcyJ9XSwidHlwZW9mZmVyIjoxfQ==','2014-10-28 16:24:30'),('kaypozo59xzf0m56gy16kofe7n79u2mz','YTY4YzBiMWJkNGJhNGZkNjQ1YTY2ZjE0YTQxMTExNjVhYjkyZDExNjp7ImNpdHkiOjIsImNpdGllcyI6W3siaWQiOjEsIm5hbWUiOiJPbGluZGEifSx7ImlkIjoyLCJuYW1lIjoiUmVjaWZlIn0seyJpZCI6MywibmFtZSI6IkNhbWFyYWdpYmUifSx7ImlkIjo0LCJuYW1lIjoiSmFib2F0XHUwMGUzbyBkb3MgR3VhcmFyYXBlcyJ9XSwidHlwZW9mZmVyIjoxfQ==','2014-10-29 10:48:54'),('kbqy5bs4zdx3ub3jx7jny4qv7mh1pozk','YTY4YzBiMWJkNGJhNGZkNjQ1YTY2ZjE0YTQxMTExNjVhYjkyZDExNjp7ImNpdHkiOjIsImNpdGllcyI6W3siaWQiOjEsIm5hbWUiOiJPbGluZGEifSx7ImlkIjoyLCJuYW1lIjoiUmVjaWZlIn0seyJpZCI6MywibmFtZSI6IkNhbWFyYWdpYmUifSx7ImlkIjo0LCJuYW1lIjoiSmFib2F0XHUwMGUzbyBkb3MgR3VhcmFyYXBlcyJ9XSwidHlwZW9mZmVyIjoxfQ==','2014-10-29 11:16:49'),('kd8ikjegek5it8gnimwxd9zuiegtzxdw','MzAxM2I1ZjcyN2QwMjczMTU2MGQxOGQ5NTZmNjgyOGY0ZWZjYmRiODp7ImNpdGllcyI6W3siaWQiOjEsIm5hbWUiOiJPbGluZGEifSx7ImlkIjoyLCJuYW1lIjoiUmVjaWZlIn0seyJpZCI6MywibmFtZSI6IkNhbWFyYWdpYmUifSx7ImlkIjo0LCJuYW1lIjoiSmFib2F0XHUwMGUzbyBkb3MgR3VhcmFyYXBlcyJ9XX0=','2014-10-22 18:30:49'),('kdqefcilaorrovqwma4ilcal3wjg69d0','MzAxM2I1ZjcyN2QwMjczMTU2MGQxOGQ5NTZmNjgyOGY0ZWZjYmRiODp7ImNpdGllcyI6W3siaWQiOjEsIm5hbWUiOiJPbGluZGEifSx7ImlkIjoyLCJuYW1lIjoiUmVjaWZlIn0seyJpZCI6MywibmFtZSI6IkNhbWFyYWdpYmUifSx7ImlkIjo0LCJuYW1lIjoiSmFib2F0XHUwMGUzbyBkb3MgR3VhcmFyYXBlcyJ9XX0=','2014-10-22 16:39:52'),('kegifumlb9xoqct6w00t775cbgdz3qsb','MzAxM2I1ZjcyN2QwMjczMTU2MGQxOGQ5NTZmNjgyOGY0ZWZjYmRiODp7ImNpdGllcyI6W3siaWQiOjEsIm5hbWUiOiJPbGluZGEifSx7ImlkIjoyLCJuYW1lIjoiUmVjaWZlIn0seyJpZCI6MywibmFtZSI6IkNhbWFyYWdpYmUifSx7ImlkIjo0LCJuYW1lIjoiSmFib2F0XHUwMGUzbyBkb3MgR3VhcmFyYXBlcyJ9XX0=','2014-10-24 20:12:37'),('keqxioosofc6l1jb9iqdg4vngur60wu4','YTY4YzBiMWJkNGJhNGZkNjQ1YTY2ZjE0YTQxMTExNjVhYjkyZDExNjp7ImNpdHkiOjIsImNpdGllcyI6W3siaWQiOjEsIm5hbWUiOiJPbGluZGEifSx7ImlkIjoyLCJuYW1lIjoiUmVjaWZlIn0seyJpZCI6MywibmFtZSI6IkNhbWFyYWdpYmUifSx7ImlkIjo0LCJuYW1lIjoiSmFib2F0XHUwMGUzbyBkb3MgR3VhcmFyYXBlcyJ9XSwidHlwZW9mZmVyIjoxfQ==','2014-10-28 16:24:16'),('kfzjn5wg3y6g4c5q4485vfsrfrohp2rh','MzAxM2I1ZjcyN2QwMjczMTU2MGQxOGQ5NTZmNjgyOGY0ZWZjYmRiODp7ImNpdGllcyI6W3siaWQiOjEsIm5hbWUiOiJPbGluZGEifSx7ImlkIjoyLCJuYW1lIjoiUmVjaWZlIn0seyJpZCI6MywibmFtZSI6IkNhbWFyYWdpYmUifSx7ImlkIjo0LCJuYW1lIjoiSmFib2F0XHUwMGUzbyBkb3MgR3VhcmFyYXBlcyJ9XX0=','2014-10-23 20:43:32'),('khikuj60wq3d4ae3yi4sc04dix0qhsc8','ZjcyMTljY2YwZDk2ODAzZjFmZDQ0NDg5M2E1NTg1Y2NlNjU2MDE5Njp7ImNpdHkiOjIsImNpdGllcyI6W3siaWQiOjEsIm5hbWUiOiJPbGluZGEifSx7ImlkIjoyLCJuYW1lIjoiUmVjaWZlIn0seyJpZCI6MywibmFtZSI6IkNhbWFyYWdpYmUifSx7ImlkIjo0LCJuYW1lIjoiSmFib2F0XHUwMGUzbyBkb3MgR3VhcmFyYXBlcyJ9XSwidHlwZW9mZmVyIjoyfQ==','2014-10-29 11:40:51'),('kiwo6v90mfbupw26qzwke1pu69atiwhk','MzAxM2I1ZjcyN2QwMjczMTU2MGQxOGQ5NTZmNjgyOGY0ZWZjYmRiODp7ImNpdGllcyI6W3siaWQiOjEsIm5hbWUiOiJPbGluZGEifSx7ImlkIjoyLCJuYW1lIjoiUmVjaWZlIn0seyJpZCI6MywibmFtZSI6IkNhbWFyYWdpYmUifSx7ImlkIjo0LCJuYW1lIjoiSmFib2F0XHUwMGUzbyBkb3MgR3VhcmFyYXBlcyJ9XX0=','2014-10-22 18:25:04'),('klohtp5qegwxjs17rcvx3v7i1b9n9dn2','MzAxM2I1ZjcyN2QwMjczMTU2MGQxOGQ5NTZmNjgyOGY0ZWZjYmRiODp7ImNpdGllcyI6W3siaWQiOjEsIm5hbWUiOiJPbGluZGEifSx7ImlkIjoyLCJuYW1lIjoiUmVjaWZlIn0seyJpZCI6MywibmFtZSI6IkNhbWFyYWdpYmUifSx7ImlkIjo0LCJuYW1lIjoiSmFib2F0XHUwMGUzbyBkb3MgR3VhcmFyYXBlcyJ9XX0=','2014-10-27 21:29:35'),('kmfixfhb56gg7637cv4h74llk9buqfal','MzAxM2I1ZjcyN2QwMjczMTU2MGQxOGQ5NTZmNjgyOGY0ZWZjYmRiODp7ImNpdGllcyI6W3siaWQiOjEsIm5hbWUiOiJPbGluZGEifSx7ImlkIjoyLCJuYW1lIjoiUmVjaWZlIn0seyJpZCI6MywibmFtZSI6IkNhbWFyYWdpYmUifSx7ImlkIjo0LCJuYW1lIjoiSmFib2F0XHUwMGUzbyBkb3MgR3VhcmFyYXBlcyJ9XX0=','2014-10-27 16:37:44'),('kon5305ephvgyfdzejgpdiakqlkfy3a3','MzAxM2I1ZjcyN2QwMjczMTU2MGQxOGQ5NTZmNjgyOGY0ZWZjYmRiODp7ImNpdGllcyI6W3siaWQiOjEsIm5hbWUiOiJPbGluZGEifSx7ImlkIjoyLCJuYW1lIjoiUmVjaWZlIn0seyJpZCI6MywibmFtZSI6IkNhbWFyYWdpYmUifSx7ImlkIjo0LCJuYW1lIjoiSmFib2F0XHUwMGUzbyBkb3MgR3VhcmFyYXBlcyJ9XX0=','2014-10-23 17:42:48'),('ks5wg0prhmzg2jhs5blzqugd1zqykbt4','OWMwNGI3Y2NlN2ExNjVjZGY1ZjkwNDE1ZDUxN2EwODY1ZTVkNTI0Mzp7ImNpdHkiOjIsIl9hdXRoX3VzZXJfaGFzaCI6IjUxYjY5ZGVhOTA3NmQ5MjIxNDMyOWZjNjc4ZmRjYjkzZTU0MDVjY2QiLCJfYXV0aF91c2VyX2lkIjoyLCJfYXV0aF91c2VyX2JhY2tlbmQiOiJhY2NvdW50LmJhY2tlbmRzLkFjY291bnRzQmFja2VuZC5BY2NvdW50c0JhY2tlbmQiLCJ0eXBlb2ZmZXIiOjEsIl9zZXNzaW9uX2V4cGlyeSI6MCwiY2l0aWVzIjpbeyJpZCI6MSwibmFtZSI6Ik9saW5kYSJ9LHsiaWQiOjIsIm5hbWUiOiJSZWNpZmUifSx7ImlkIjozLCJuYW1lIjoiQ2FtYXJhZ2liZSJ9LHsiaWQiOjQsIm5hbWUiOiJKYWJvYXRcdTAwZTNvIGRvcyBHdWFyYXJhcGVzIn1dfQ==','2014-11-11 16:02:21'),('kt90ulhyx06wiq49jozq0bm466t82iln','MzAxM2I1ZjcyN2QwMjczMTU2MGQxOGQ5NTZmNjgyOGY0ZWZjYmRiODp7ImNpdGllcyI6W3siaWQiOjEsIm5hbWUiOiJPbGluZGEifSx7ImlkIjoyLCJuYW1lIjoiUmVjaWZlIn0seyJpZCI6MywibmFtZSI6IkNhbWFyYWdpYmUifSx7ImlkIjo0LCJuYW1lIjoiSmFib2F0XHUwMGUzbyBkb3MgR3VhcmFyYXBlcyJ9XX0=','2014-10-23 21:17:26'),('ktplvwngtkh6obb4ubpc3qibsf6grzaf','MzAxM2I1ZjcyN2QwMjczMTU2MGQxOGQ5NTZmNjgyOGY0ZWZjYmRiODp7ImNpdGllcyI6W3siaWQiOjEsIm5hbWUiOiJPbGluZGEifSx7ImlkIjoyLCJuYW1lIjoiUmVjaWZlIn0seyJpZCI6MywibmFtZSI6IkNhbWFyYWdpYmUifSx7ImlkIjo0LCJuYW1lIjoiSmFib2F0XHUwMGUzbyBkb3MgR3VhcmFyYXBlcyJ9XX0=','2014-10-22 18:22:22'),('kv131j9wo0d7bfocdxgczzik3xgim718','MzAxM2I1ZjcyN2QwMjczMTU2MGQxOGQ5NTZmNjgyOGY0ZWZjYmRiODp7ImNpdGllcyI6W3siaWQiOjEsIm5hbWUiOiJPbGluZGEifSx7ImlkIjoyLCJuYW1lIjoiUmVjaWZlIn0seyJpZCI6MywibmFtZSI6IkNhbWFyYWdpYmUifSx7ImlkIjo0LCJuYW1lIjoiSmFib2F0XHUwMGUzbyBkb3MgR3VhcmFyYXBlcyJ9XX0=','2014-10-22 15:32:09'),('kvzmltiouqgmx07o8kd5z48wzilq0irm','MzAxM2I1ZjcyN2QwMjczMTU2MGQxOGQ5NTZmNjgyOGY0ZWZjYmRiODp7ImNpdGllcyI6W3siaWQiOjEsIm5hbWUiOiJPbGluZGEifSx7ImlkIjoyLCJuYW1lIjoiUmVjaWZlIn0seyJpZCI6MywibmFtZSI6IkNhbWFyYWdpYmUifSx7ImlkIjo0LCJuYW1lIjoiSmFib2F0XHUwMGUzbyBkb3MgR3VhcmFyYXBlcyJ9XX0=','2014-10-23 21:34:05'),('kwzla1vn0kcewv58dwlp06883h6x9e31','MzAxM2I1ZjcyN2QwMjczMTU2MGQxOGQ5NTZmNjgyOGY0ZWZjYmRiODp7ImNpdGllcyI6W3siaWQiOjEsIm5hbWUiOiJPbGluZGEifSx7ImlkIjoyLCJuYW1lIjoiUmVjaWZlIn0seyJpZCI6MywibmFtZSI6IkNhbWFyYWdpYmUifSx7ImlkIjo0LCJuYW1lIjoiSmFib2F0XHUwMGUzbyBkb3MgR3VhcmFyYXBlcyJ9XX0=','2014-10-24 19:40:44'),('kz3s600g1akvj86f4enbcnmy228176n2','YTY4YzBiMWJkNGJhNGZkNjQ1YTY2ZjE0YTQxMTExNjVhYjkyZDExNjp7ImNpdHkiOjIsImNpdGllcyI6W3siaWQiOjEsIm5hbWUiOiJPbGluZGEifSx7ImlkIjoyLCJuYW1lIjoiUmVjaWZlIn0seyJpZCI6MywibmFtZSI6IkNhbWFyYWdpYmUifSx7ImlkIjo0LCJuYW1lIjoiSmFib2F0XHUwMGUzbyBkb3MgR3VhcmFyYXBlcyJ9XSwidHlwZW9mZmVyIjoxfQ==','2014-10-29 11:24:32'),('l01o9ggcoejmcqz45cazgkvwnkkcipmt','MzAxM2I1ZjcyN2QwMjczMTU2MGQxOGQ5NTZmNjgyOGY0ZWZjYmRiODp7ImNpdGllcyI6W3siaWQiOjEsIm5hbWUiOiJPbGluZGEifSx7ImlkIjoyLCJuYW1lIjoiUmVjaWZlIn0seyJpZCI6MywibmFtZSI6IkNhbWFyYWdpYmUifSx7ImlkIjo0LCJuYW1lIjoiSmFib2F0XHUwMGUzbyBkb3MgR3VhcmFyYXBlcyJ9XX0=','2014-10-22 17:57:50'),('l1rasjtso7nwl1ibol5zt2ntqay9xqwz','MzAxM2I1ZjcyN2QwMjczMTU2MGQxOGQ5NTZmNjgyOGY0ZWZjYmRiODp7ImNpdGllcyI6W3siaWQiOjEsIm5hbWUiOiJPbGluZGEifSx7ImlkIjoyLCJuYW1lIjoiUmVjaWZlIn0seyJpZCI6MywibmFtZSI6IkNhbWFyYWdpYmUifSx7ImlkIjo0LCJuYW1lIjoiSmFib2F0XHUwMGUzbyBkb3MgR3VhcmFyYXBlcyJ9XX0=','2014-10-27 21:08:26'),('l45lgt61a6tlbvv8e536ju4lf31tamie','MzAxM2I1ZjcyN2QwMjczMTU2MGQxOGQ5NTZmNjgyOGY0ZWZjYmRiODp7ImNpdGllcyI6W3siaWQiOjEsIm5hbWUiOiJPbGluZGEifSx7ImlkIjoyLCJuYW1lIjoiUmVjaWZlIn0seyJpZCI6MywibmFtZSI6IkNhbWFyYWdpYmUifSx7ImlkIjo0LCJuYW1lIjoiSmFib2F0XHUwMGUzbyBkb3MgR3VhcmFyYXBlcyJ9XX0=','2014-10-22 16:39:17'),('l5aq5zgckym72g9carm4gajw2gjr3mdu','MzAxM2I1ZjcyN2QwMjczMTU2MGQxOGQ5NTZmNjgyOGY0ZWZjYmRiODp7ImNpdGllcyI6W3siaWQiOjEsIm5hbWUiOiJPbGluZGEifSx7ImlkIjoyLCJuYW1lIjoiUmVjaWZlIn0seyJpZCI6MywibmFtZSI6IkNhbWFyYWdpYmUifSx7ImlkIjo0LCJuYW1lIjoiSmFib2F0XHUwMGUzbyBkb3MgR3VhcmFyYXBlcyJ9XX0=','2014-10-24 19:29:04'),('l5f3r077ssfz9wug561y4rlnsjvymjcu','MzAxM2I1ZjcyN2QwMjczMTU2MGQxOGQ5NTZmNjgyOGY0ZWZjYmRiODp7ImNpdGllcyI6W3siaWQiOjEsIm5hbWUiOiJPbGluZGEifSx7ImlkIjoyLCJuYW1lIjoiUmVjaWZlIn0seyJpZCI6MywibmFtZSI6IkNhbWFyYWdpYmUifSx7ImlkIjo0LCJuYW1lIjoiSmFib2F0XHUwMGUzbyBkb3MgR3VhcmFyYXBlcyJ9XX0=','2014-10-22 17:54:26'),('layq1f9vuztldjr41yafo1riz7duobhj','MzAxM2I1ZjcyN2QwMjczMTU2MGQxOGQ5NTZmNjgyOGY0ZWZjYmRiODp7ImNpdGllcyI6W3siaWQiOjEsIm5hbWUiOiJPbGluZGEifSx7ImlkIjoyLCJuYW1lIjoiUmVjaWZlIn0seyJpZCI6MywibmFtZSI6IkNhbWFyYWdpYmUifSx7ImlkIjo0LCJuYW1lIjoiSmFib2F0XHUwMGUzbyBkb3MgR3VhcmFyYXBlcyJ9XX0=','2014-10-23 21:11:24'),('lc6wm6hehi5no4bx2mjthrfscyo224y2','MzAxM2I1ZjcyN2QwMjczMTU2MGQxOGQ5NTZmNjgyOGY0ZWZjYmRiODp7ImNpdGllcyI6W3siaWQiOjEsIm5hbWUiOiJPbGluZGEifSx7ImlkIjoyLCJuYW1lIjoiUmVjaWZlIn0seyJpZCI6MywibmFtZSI6IkNhbWFyYWdpYmUifSx7ImlkIjo0LCJuYW1lIjoiSmFib2F0XHUwMGUzbyBkb3MgR3VhcmFyYXBlcyJ9XX0=','2014-10-23 21:12:37'),('ldc5080jqnjfsee0ee9zc9c5w4wzc0qs','MzAxM2I1ZjcyN2QwMjczMTU2MGQxOGQ5NTZmNjgyOGY0ZWZjYmRiODp7ImNpdGllcyI6W3siaWQiOjEsIm5hbWUiOiJPbGluZGEifSx7ImlkIjoyLCJuYW1lIjoiUmVjaWZlIn0seyJpZCI6MywibmFtZSI6IkNhbWFyYWdpYmUifSx7ImlkIjo0LCJuYW1lIjoiSmFib2F0XHUwMGUzbyBkb3MgR3VhcmFyYXBlcyJ9XX0=','2014-10-23 20:59:01'),('lhamo3nomcnfdbf063jjydu8wgia4u7n','MzAxM2I1ZjcyN2QwMjczMTU2MGQxOGQ5NTZmNjgyOGY0ZWZjYmRiODp7ImNpdGllcyI6W3siaWQiOjEsIm5hbWUiOiJPbGluZGEifSx7ImlkIjoyLCJuYW1lIjoiUmVjaWZlIn0seyJpZCI6MywibmFtZSI6IkNhbWFyYWdpYmUifSx7ImlkIjo0LCJuYW1lIjoiSmFib2F0XHUwMGUzbyBkb3MgR3VhcmFyYXBlcyJ9XX0=','2014-10-27 21:05:28'),('lhjd27q9ssfvmprvhlt91xntpy0xr8l9','ZjcyMTljY2YwZDk2ODAzZjFmZDQ0NDg5M2E1NTg1Y2NlNjU2MDE5Njp7ImNpdHkiOjIsImNpdGllcyI6W3siaWQiOjEsIm5hbWUiOiJPbGluZGEifSx7ImlkIjoyLCJuYW1lIjoiUmVjaWZlIn0seyJpZCI6MywibmFtZSI6IkNhbWFyYWdpYmUifSx7ImlkIjo0LCJuYW1lIjoiSmFib2F0XHUwMGUzbyBkb3MgR3VhcmFyYXBlcyJ9XSwidHlwZW9mZmVyIjoyfQ==','2014-10-29 11:23:31'),('liyxkcqhfnzxyeten0jjcgtucyy3x9pn','MzAxM2I1ZjcyN2QwMjczMTU2MGQxOGQ5NTZmNjgyOGY0ZWZjYmRiODp7ImNpdGllcyI6W3siaWQiOjEsIm5hbWUiOiJPbGluZGEifSx7ImlkIjoyLCJuYW1lIjoiUmVjaWZlIn0seyJpZCI6MywibmFtZSI6IkNhbWFyYWdpYmUifSx7ImlkIjo0LCJuYW1lIjoiSmFib2F0XHUwMGUzbyBkb3MgR3VhcmFyYXBlcyJ9XX0=','2014-10-27 20:38:05'),('lldp9r8htgvnn5gropasdz9rkoh8hqrq','MzAxM2I1ZjcyN2QwMjczMTU2MGQxOGQ5NTZmNjgyOGY0ZWZjYmRiODp7ImNpdGllcyI6W3siaWQiOjEsIm5hbWUiOiJPbGluZGEifSx7ImlkIjoyLCJuYW1lIjoiUmVjaWZlIn0seyJpZCI6MywibmFtZSI6IkNhbWFyYWdpYmUifSx7ImlkIjo0LCJuYW1lIjoiSmFib2F0XHUwMGUzbyBkb3MgR3VhcmFyYXBlcyJ9XX0=','2014-10-27 21:29:35'),('llv5cygivthgfkh70qjvjfz0pt5wckh0','MzAxM2I1ZjcyN2QwMjczMTU2MGQxOGQ5NTZmNjgyOGY0ZWZjYmRiODp7ImNpdGllcyI6W3siaWQiOjEsIm5hbWUiOiJPbGluZGEifSx7ImlkIjoyLCJuYW1lIjoiUmVjaWZlIn0seyJpZCI6MywibmFtZSI6IkNhbWFyYWdpYmUifSx7ImlkIjo0LCJuYW1lIjoiSmFib2F0XHUwMGUzbyBkb3MgR3VhcmFyYXBlcyJ9XX0=','2014-10-23 21:02:37'),('lohkzng0xh6oj5oekrwnsp2tnn27ffv1','YTY4YzBiMWJkNGJhNGZkNjQ1YTY2ZjE0YTQxMTExNjVhYjkyZDExNjp7ImNpdHkiOjIsImNpdGllcyI6W3siaWQiOjEsIm5hbWUiOiJPbGluZGEifSx7ImlkIjoyLCJuYW1lIjoiUmVjaWZlIn0seyJpZCI6MywibmFtZSI6IkNhbWFyYWdpYmUifSx7ImlkIjo0LCJuYW1lIjoiSmFib2F0XHUwMGUzbyBkb3MgR3VhcmFyYXBlcyJ9XSwidHlwZW9mZmVyIjoxfQ==','2014-10-29 11:18:39'),('lqojjj6ykuggrdaf10a4jfejkee19ke6','MzAxM2I1ZjcyN2QwMjczMTU2MGQxOGQ5NTZmNjgyOGY0ZWZjYmRiODp7ImNpdGllcyI6W3siaWQiOjEsIm5hbWUiOiJPbGluZGEifSx7ImlkIjoyLCJuYW1lIjoiUmVjaWZlIn0seyJpZCI6MywibmFtZSI6IkNhbWFyYWdpYmUifSx7ImlkIjo0LCJuYW1lIjoiSmFib2F0XHUwMGUzbyBkb3MgR3VhcmFyYXBlcyJ9XX0=','2014-10-23 21:02:36'),('luhp3jzpltu27dc4nzcbwbmexy43t23p','YTY4YzBiMWJkNGJhNGZkNjQ1YTY2ZjE0YTQxMTExNjVhYjkyZDExNjp7ImNpdHkiOjIsImNpdGllcyI6W3siaWQiOjEsIm5hbWUiOiJPbGluZGEifSx7ImlkIjoyLCJuYW1lIjoiUmVjaWZlIn0seyJpZCI6MywibmFtZSI6IkNhbWFyYWdpYmUifSx7ImlkIjo0LCJuYW1lIjoiSmFib2F0XHUwMGUzbyBkb3MgR3VhcmFyYXBlcyJ9XSwidHlwZW9mZmVyIjoxfQ==','2014-10-29 11:29:38'),('lykkbort30akl2oo11ub1xbkkxcv65e7','MzAxM2I1ZjcyN2QwMjczMTU2MGQxOGQ5NTZmNjgyOGY0ZWZjYmRiODp7ImNpdGllcyI6W3siaWQiOjEsIm5hbWUiOiJPbGluZGEifSx7ImlkIjoyLCJuYW1lIjoiUmVjaWZlIn0seyJpZCI6MywibmFtZSI6IkNhbWFyYWdpYmUifSx7ImlkIjo0LCJuYW1lIjoiSmFib2F0XHUwMGUzbyBkb3MgR3VhcmFyYXBlcyJ9XX0=','2014-10-22 15:37:10'),('lzgmifn7dontmikynqz3ym8rddz07ixp','MzAxM2I1ZjcyN2QwMjczMTU2MGQxOGQ5NTZmNjgyOGY0ZWZjYmRiODp7ImNpdGllcyI6W3siaWQiOjEsIm5hbWUiOiJPbGluZGEifSx7ImlkIjoyLCJuYW1lIjoiUmVjaWZlIn0seyJpZCI6MywibmFtZSI6IkNhbWFyYWdpYmUifSx7ImlkIjo0LCJuYW1lIjoiSmFib2F0XHUwMGUzbyBkb3MgR3VhcmFyYXBlcyJ9XX0=','2014-10-23 21:12:43'),('lzq83doxeaaawngwykyjcc087ikwq1rn','YTY4YzBiMWJkNGJhNGZkNjQ1YTY2ZjE0YTQxMTExNjVhYjkyZDExNjp7ImNpdHkiOjIsImNpdGllcyI6W3siaWQiOjEsIm5hbWUiOiJPbGluZGEifSx7ImlkIjoyLCJuYW1lIjoiUmVjaWZlIn0seyJpZCI6MywibmFtZSI6IkNhbWFyYWdpYmUifSx7ImlkIjo0LCJuYW1lIjoiSmFib2F0XHUwMGUzbyBkb3MgR3VhcmFyYXBlcyJ9XSwidHlwZW9mZmVyIjoxfQ==','2014-10-29 11:29:54'),('m033a07xheod2iaierytpm2vcbaleppm','MzAxM2I1ZjcyN2QwMjczMTU2MGQxOGQ5NTZmNjgyOGY0ZWZjYmRiODp7ImNpdGllcyI6W3siaWQiOjEsIm5hbWUiOiJPbGluZGEifSx7ImlkIjoyLCJuYW1lIjoiUmVjaWZlIn0seyJpZCI6MywibmFtZSI6IkNhbWFyYWdpYmUifSx7ImlkIjo0LCJuYW1lIjoiSmFib2F0XHUwMGUzbyBkb3MgR3VhcmFyYXBlcyJ9XX0=','2014-10-27 16:39:16'),('m0qllzp3xnif8yr57diqlcl4g3h2un93','MzAxM2I1ZjcyN2QwMjczMTU2MGQxOGQ5NTZmNjgyOGY0ZWZjYmRiODp7ImNpdGllcyI6W3siaWQiOjEsIm5hbWUiOiJPbGluZGEifSx7ImlkIjoyLCJuYW1lIjoiUmVjaWZlIn0seyJpZCI6MywibmFtZSI6IkNhbWFyYWdpYmUifSx7ImlkIjo0LCJuYW1lIjoiSmFib2F0XHUwMGUzbyBkb3MgR3VhcmFyYXBlcyJ9XX0=','2014-10-28 16:17:07'),('m1p8tz32i5obqz41wax2ve93s03uvp6s','MzAxM2I1ZjcyN2QwMjczMTU2MGQxOGQ5NTZmNjgyOGY0ZWZjYmRiODp7ImNpdGllcyI6W3siaWQiOjEsIm5hbWUiOiJPbGluZGEifSx7ImlkIjoyLCJuYW1lIjoiUmVjaWZlIn0seyJpZCI6MywibmFtZSI6IkNhbWFyYWdpYmUifSx7ImlkIjo0LCJuYW1lIjoiSmFib2F0XHUwMGUzbyBkb3MgR3VhcmFyYXBlcyJ9XX0=','2014-10-22 21:11:24'),('m26172ywoen0520b430zhhhghebln9kc','YTY4YzBiMWJkNGJhNGZkNjQ1YTY2ZjE0YTQxMTExNjVhYjkyZDExNjp7ImNpdHkiOjIsImNpdGllcyI6W3siaWQiOjEsIm5hbWUiOiJPbGluZGEifSx7ImlkIjoyLCJuYW1lIjoiUmVjaWZlIn0seyJpZCI6MywibmFtZSI6IkNhbWFyYWdpYmUifSx7ImlkIjo0LCJuYW1lIjoiSmFib2F0XHUwMGUzbyBkb3MgR3VhcmFyYXBlcyJ9XSwidHlwZW9mZmVyIjoxfQ==','2014-10-29 11:30:04'),('m2fgjd4fsut7heoraanm72763w8xoqf5','MzAxM2I1ZjcyN2QwMjczMTU2MGQxOGQ5NTZmNjgyOGY0ZWZjYmRiODp7ImNpdGllcyI6W3siaWQiOjEsIm5hbWUiOiJPbGluZGEifSx7ImlkIjoyLCJuYW1lIjoiUmVjaWZlIn0seyJpZCI6MywibmFtZSI6IkNhbWFyYWdpYmUifSx7ImlkIjo0LCJuYW1lIjoiSmFib2F0XHUwMGUzbyBkb3MgR3VhcmFyYXBlcyJ9XX0=','2014-10-27 21:06:31'),('m2jjb80xnqjurrwz9hrx4p8jfyze3gn1','MzAxM2I1ZjcyN2QwMjczMTU2MGQxOGQ5NTZmNjgyOGY0ZWZjYmRiODp7ImNpdGllcyI6W3siaWQiOjEsIm5hbWUiOiJPbGluZGEifSx7ImlkIjoyLCJuYW1lIjoiUmVjaWZlIn0seyJpZCI6MywibmFtZSI6IkNhbWFyYWdpYmUifSx7ImlkIjo0LCJuYW1lIjoiSmFib2F0XHUwMGUzbyBkb3MgR3VhcmFyYXBlcyJ9XX0=','2014-10-22 15:36:10'),('m316ft402b4m9hfyfgogoa4uj1k76ree','YTY4YzBiMWJkNGJhNGZkNjQ1YTY2ZjE0YTQxMTExNjVhYjkyZDExNjp7ImNpdHkiOjIsImNpdGllcyI6W3siaWQiOjEsIm5hbWUiOiJPbGluZGEifSx7ImlkIjoyLCJuYW1lIjoiUmVjaWZlIn0seyJpZCI6MywibmFtZSI6IkNhbWFyYWdpYmUifSx7ImlkIjo0LCJuYW1lIjoiSmFib2F0XHUwMGUzbyBkb3MgR3VhcmFyYXBlcyJ9XSwidHlwZW9mZmVyIjoxfQ==','2014-10-15 11:55:37'),('m4bx0dkeyoi07idf0wat0smxp9fg0677','MzAxM2I1ZjcyN2QwMjczMTU2MGQxOGQ5NTZmNjgyOGY0ZWZjYmRiODp7ImNpdGllcyI6W3siaWQiOjEsIm5hbWUiOiJPbGluZGEifSx7ImlkIjoyLCJuYW1lIjoiUmVjaWZlIn0seyJpZCI6MywibmFtZSI6IkNhbWFyYWdpYmUifSx7ImlkIjo0LCJuYW1lIjoiSmFib2F0XHUwMGUzbyBkb3MgR3VhcmFyYXBlcyJ9XX0=','2014-10-27 22:45:39'),('m4vyfbak6rahohqxrnou3gfirk539aet','MzAxM2I1ZjcyN2QwMjczMTU2MGQxOGQ5NTZmNjgyOGY0ZWZjYmRiODp7ImNpdGllcyI6W3siaWQiOjEsIm5hbWUiOiJPbGluZGEifSx7ImlkIjoyLCJuYW1lIjoiUmVjaWZlIn0seyJpZCI6MywibmFtZSI6IkNhbWFyYWdpYmUifSx7ImlkIjo0LCJuYW1lIjoiSmFib2F0XHUwMGUzbyBkb3MgR3VhcmFyYXBlcyJ9XX0=','2014-10-23 21:08:56'),('m51iwqllefilate52umj9i1tbgm652li','MzAxM2I1ZjcyN2QwMjczMTU2MGQxOGQ5NTZmNjgyOGY0ZWZjYmRiODp7ImNpdGllcyI6W3siaWQiOjEsIm5hbWUiOiJPbGluZGEifSx7ImlkIjoyLCJuYW1lIjoiUmVjaWZlIn0seyJpZCI6MywibmFtZSI6IkNhbWFyYWdpYmUifSx7ImlkIjo0LCJuYW1lIjoiSmFib2F0XHUwMGUzbyBkb3MgR3VhcmFyYXBlcyJ9XX0=','2014-10-24 20:14:47'),('mac88u5hkt5h9jxpqxr3iwq8lnlc3byz','YTY4YzBiMWJkNGJhNGZkNjQ1YTY2ZjE0YTQxMTExNjVhYjkyZDExNjp7ImNpdHkiOjIsImNpdGllcyI6W3siaWQiOjEsIm5hbWUiOiJPbGluZGEifSx7ImlkIjoyLCJuYW1lIjoiUmVjaWZlIn0seyJpZCI6MywibmFtZSI6IkNhbWFyYWdpYmUifSx7ImlkIjo0LCJuYW1lIjoiSmFib2F0XHUwMGUzbyBkb3MgR3VhcmFyYXBlcyJ9XSwidHlwZW9mZmVyIjoxfQ==','2014-10-29 11:29:54'),('madd6mweu67tqxqay0c1zef27ssbkley','MzAxM2I1ZjcyN2QwMjczMTU2MGQxOGQ5NTZmNjgyOGY0ZWZjYmRiODp7ImNpdGllcyI6W3siaWQiOjEsIm5hbWUiOiJPbGluZGEifSx7ImlkIjoyLCJuYW1lIjoiUmVjaWZlIn0seyJpZCI6MywibmFtZSI6IkNhbWFyYWdpYmUifSx7ImlkIjo0LCJuYW1lIjoiSmFib2F0XHUwMGUzbyBkb3MgR3VhcmFyYXBlcyJ9XX0=','2014-10-23 21:33:42'),('mana7l4gu6fn8sb1pjwqxp8cwqmonlo7','MzAxM2I1ZjcyN2QwMjczMTU2MGQxOGQ5NTZmNjgyOGY0ZWZjYmRiODp7ImNpdGllcyI6W3siaWQiOjEsIm5hbWUiOiJPbGluZGEifSx7ImlkIjoyLCJuYW1lIjoiUmVjaWZlIn0seyJpZCI6MywibmFtZSI6IkNhbWFyYWdpYmUifSx7ImlkIjo0LCJuYW1lIjoiSmFib2F0XHUwMGUzbyBkb3MgR3VhcmFyYXBlcyJ9XX0=','2014-10-22 18:30:01'),('mdk0imr3c0p27nhnu6e8uov08odfkbkw','MzAxM2I1ZjcyN2QwMjczMTU2MGQxOGQ5NTZmNjgyOGY0ZWZjYmRiODp7ImNpdGllcyI6W3siaWQiOjEsIm5hbWUiOiJPbGluZGEifSx7ImlkIjoyLCJuYW1lIjoiUmVjaWZlIn0seyJpZCI6MywibmFtZSI6IkNhbWFyYWdpYmUifSx7ImlkIjo0LCJuYW1lIjoiSmFib2F0XHUwMGUzbyBkb3MgR3VhcmFyYXBlcyJ9XX0=','2014-10-27 21:08:58'),('mf02pgtddu5qqp3mzt7ldv4ekb3lqwyt','ZjcyMTljY2YwZDk2ODAzZjFmZDQ0NDg5M2E1NTg1Y2NlNjU2MDE5Njp7ImNpdHkiOjIsImNpdGllcyI6W3siaWQiOjEsIm5hbWUiOiJPbGluZGEifSx7ImlkIjoyLCJuYW1lIjoiUmVjaWZlIn0seyJpZCI6MywibmFtZSI6IkNhbWFyYWdpYmUifSx7ImlkIjo0LCJuYW1lIjoiSmFib2F0XHUwMGUzbyBkb3MgR3VhcmFyYXBlcyJ9XSwidHlwZW9mZmVyIjoyfQ==','2014-10-15 11:55:48'),('mfuzdd3to0p2p9z6kh3mela3fuelofb6','MzAxM2I1ZjcyN2QwMjczMTU2MGQxOGQ5NTZmNjgyOGY0ZWZjYmRiODp7ImNpdGllcyI6W3siaWQiOjEsIm5hbWUiOiJPbGluZGEifSx7ImlkIjoyLCJuYW1lIjoiUmVjaWZlIn0seyJpZCI6MywibmFtZSI6IkNhbWFyYWdpYmUifSx7ImlkIjo0LCJuYW1lIjoiSmFib2F0XHUwMGUzbyBkb3MgR3VhcmFyYXBlcyJ9XX0=','2014-10-24 19:44:24'),('mfvq6lociz2ggdsn0phuppi6hqxt36i4','MzAxM2I1ZjcyN2QwMjczMTU2MGQxOGQ5NTZmNjgyOGY0ZWZjYmRiODp7ImNpdGllcyI6W3siaWQiOjEsIm5hbWUiOiJPbGluZGEifSx7ImlkIjoyLCJuYW1lIjoiUmVjaWZlIn0seyJpZCI6MywibmFtZSI6IkNhbWFyYWdpYmUifSx7ImlkIjo0LCJuYW1lIjoiSmFib2F0XHUwMGUzbyBkb3MgR3VhcmFyYXBlcyJ9XX0=','2014-10-24 20:29:05'),('mill99z9fhysodz2af6bm73nd4pae0is','YTY4YzBiMWJkNGJhNGZkNjQ1YTY2ZjE0YTQxMTExNjVhYjkyZDExNjp7ImNpdHkiOjIsImNpdGllcyI6W3siaWQiOjEsIm5hbWUiOiJPbGluZGEifSx7ImlkIjoyLCJuYW1lIjoiUmVjaWZlIn0seyJpZCI6MywibmFtZSI6IkNhbWFyYWdpYmUifSx7ImlkIjo0LCJuYW1lIjoiSmFib2F0XHUwMGUzbyBkb3MgR3VhcmFyYXBlcyJ9XSwidHlwZW9mZmVyIjoxfQ==','2014-10-29 11:18:40'),('mir2f3o0j01w4mocmhzgzufgzlhxostf','MzAxM2I1ZjcyN2QwMjczMTU2MGQxOGQ5NTZmNjgyOGY0ZWZjYmRiODp7ImNpdGllcyI6W3siaWQiOjEsIm5hbWUiOiJPbGluZGEifSx7ImlkIjoyLCJuYW1lIjoiUmVjaWZlIn0seyJpZCI6MywibmFtZSI6IkNhbWFyYWdpYmUifSx7ImlkIjo0LCJuYW1lIjoiSmFib2F0XHUwMGUzbyBkb3MgR3VhcmFyYXBlcyJ9XX0=','2014-10-24 20:19:18'),('mk5xwxg50vs6t2ejwq25w75ume4dxn9r','MzAxM2I1ZjcyN2QwMjczMTU2MGQxOGQ5NTZmNjgyOGY0ZWZjYmRiODp7ImNpdGllcyI6W3siaWQiOjEsIm5hbWUiOiJPbGluZGEifSx7ImlkIjoyLCJuYW1lIjoiUmVjaWZlIn0seyJpZCI6MywibmFtZSI6IkNhbWFyYWdpYmUifSx7ImlkIjo0LCJuYW1lIjoiSmFib2F0XHUwMGUzbyBkb3MgR3VhcmFyYXBlcyJ9XX0=','2014-10-23 21:12:27'),('mmmv4qbngwrsilac80gciyspuyshu2nm','MzAxM2I1ZjcyN2QwMjczMTU2MGQxOGQ5NTZmNjgyOGY0ZWZjYmRiODp7ImNpdGllcyI6W3siaWQiOjEsIm5hbWUiOiJPbGluZGEifSx7ImlkIjoyLCJuYW1lIjoiUmVjaWZlIn0seyJpZCI6MywibmFtZSI6IkNhbWFyYWdpYmUifSx7ImlkIjo0LCJuYW1lIjoiSmFib2F0XHUwMGUzbyBkb3MgR3VhcmFyYXBlcyJ9XX0=','2014-10-27 21:03:19'),('mmyd3wzbawwei2n97u7hgrdps5gmr7fa','MzAxM2I1ZjcyN2QwMjczMTU2MGQxOGQ5NTZmNjgyOGY0ZWZjYmRiODp7ImNpdGllcyI6W3siaWQiOjEsIm5hbWUiOiJPbGluZGEifSx7ImlkIjoyLCJuYW1lIjoiUmVjaWZlIn0seyJpZCI6MywibmFtZSI6IkNhbWFyYWdpYmUifSx7ImlkIjo0LCJuYW1lIjoiSmFib2F0XHUwMGUzbyBkb3MgR3VhcmFyYXBlcyJ9XX0=','2014-10-23 21:53:02'),('mnnyqldqt0rs7i959bpak2aqydvmwosv','MzAxM2I1ZjcyN2QwMjczMTU2MGQxOGQ5NTZmNjgyOGY0ZWZjYmRiODp7ImNpdGllcyI6W3siaWQiOjEsIm5hbWUiOiJPbGluZGEifSx7ImlkIjoyLCJuYW1lIjoiUmVjaWZlIn0seyJpZCI6MywibmFtZSI6IkNhbWFyYWdpYmUifSx7ImlkIjo0LCJuYW1lIjoiSmFib2F0XHUwMGUzbyBkb3MgR3VhcmFyYXBlcyJ9XX0=','2014-10-27 17:00:41'),('motukyakb3r2lcqb31t3bocqilp1dwhn','MzAxM2I1ZjcyN2QwMjczMTU2MGQxOGQ5NTZmNjgyOGY0ZWZjYmRiODp7ImNpdGllcyI6W3siaWQiOjEsIm5hbWUiOiJPbGluZGEifSx7ImlkIjoyLCJuYW1lIjoiUmVjaWZlIn0seyJpZCI6MywibmFtZSI6IkNhbWFyYWdpYmUifSx7ImlkIjo0LCJuYW1lIjoiSmFib2F0XHUwMGUzbyBkb3MgR3VhcmFyYXBlcyJ9XX0=','2014-10-23 21:17:26'),('mpvipxc2xun5dpitr26ym9io1juliysh','MzAxM2I1ZjcyN2QwMjczMTU2MGQxOGQ5NTZmNjgyOGY0ZWZjYmRiODp7ImNpdGllcyI6W3siaWQiOjEsIm5hbWUiOiJPbGluZGEifSx7ImlkIjoyLCJuYW1lIjoiUmVjaWZlIn0seyJpZCI6MywibmFtZSI6IkNhbWFyYWdpYmUifSx7ImlkIjo0LCJuYW1lIjoiSmFib2F0XHUwMGUzbyBkb3MgR3VhcmFyYXBlcyJ9XX0=','2014-10-23 18:01:11'),('mpwbj5guwir3984zjgfbsufkdjh8n1nm','MzAxM2I1ZjcyN2QwMjczMTU2MGQxOGQ5NTZmNjgyOGY0ZWZjYmRiODp7ImNpdGllcyI6W3siaWQiOjEsIm5hbWUiOiJPbGluZGEifSx7ImlkIjoyLCJuYW1lIjoiUmVjaWZlIn0seyJpZCI6MywibmFtZSI6IkNhbWFyYWdpYmUifSx7ImlkIjo0LCJuYW1lIjoiSmFib2F0XHUwMGUzbyBkb3MgR3VhcmFyYXBlcyJ9XX0=','2014-10-23 21:53:53'),('mqfhxthpzwjf39on21fn28ildtpfpjot','MzAxM2I1ZjcyN2QwMjczMTU2MGQxOGQ5NTZmNjgyOGY0ZWZjYmRiODp7ImNpdGllcyI6W3siaWQiOjEsIm5hbWUiOiJPbGluZGEifSx7ImlkIjoyLCJuYW1lIjoiUmVjaWZlIn0seyJpZCI6MywibmFtZSI6IkNhbWFyYWdpYmUifSx7ImlkIjo0LCJuYW1lIjoiSmFib2F0XHUwMGUzbyBkb3MgR3VhcmFyYXBlcyJ9XX0=','2014-10-24 20:15:23'),('mqpadtxlowpz770p2xf5bi63ft403xww','MzAxM2I1ZjcyN2QwMjczMTU2MGQxOGQ5NTZmNjgyOGY0ZWZjYmRiODp7ImNpdGllcyI6W3siaWQiOjEsIm5hbWUiOiJPbGluZGEifSx7ImlkIjoyLCJuYW1lIjoiUmVjaWZlIn0seyJpZCI6MywibmFtZSI6IkNhbWFyYWdpYmUifSx7ImlkIjo0LCJuYW1lIjoiSmFib2F0XHUwMGUzbyBkb3MgR3VhcmFyYXBlcyJ9XX0=','2014-10-27 16:40:39'),('mrm6wub6hajufr3we2l6usj4kmfhr9zr','MzAxM2I1ZjcyN2QwMjczMTU2MGQxOGQ5NTZmNjgyOGY0ZWZjYmRiODp7ImNpdGllcyI6W3siaWQiOjEsIm5hbWUiOiJPbGluZGEifSx7ImlkIjoyLCJuYW1lIjoiUmVjaWZlIn0seyJpZCI6MywibmFtZSI6IkNhbWFyYWdpYmUifSx7ImlkIjo0LCJuYW1lIjoiSmFib2F0XHUwMGUzbyBkb3MgR3VhcmFyYXBlcyJ9XX0=','2014-10-23 20:33:40'),('ms8wvj6k83r08u546sjc7u84k8qwdrwd','YTY4YzBiMWJkNGJhNGZkNjQ1YTY2ZjE0YTQxMTExNjVhYjkyZDExNjp7ImNpdHkiOjIsImNpdGllcyI6W3siaWQiOjEsIm5hbWUiOiJPbGluZGEifSx7ImlkIjoyLCJuYW1lIjoiUmVjaWZlIn0seyJpZCI6MywibmFtZSI6IkNhbWFyYWdpYmUifSx7ImlkIjo0LCJuYW1lIjoiSmFib2F0XHUwMGUzbyBkb3MgR3VhcmFyYXBlcyJ9XSwidHlwZW9mZmVyIjoxfQ==','2014-10-29 11:28:24'),('msbw4y10p7rht4l0v8l4ratedg7nagy3','MzAxM2I1ZjcyN2QwMjczMTU2MGQxOGQ5NTZmNjgyOGY0ZWZjYmRiODp7ImNpdGllcyI6W3siaWQiOjEsIm5hbWUiOiJPbGluZGEifSx7ImlkIjoyLCJuYW1lIjoiUmVjaWZlIn0seyJpZCI6MywibmFtZSI6IkNhbWFyYWdpYmUifSx7ImlkIjo0LCJuYW1lIjoiSmFib2F0XHUwMGUzbyBkb3MgR3VhcmFyYXBlcyJ9XX0=','2014-10-23 18:00:49'),('msf91oyn1u3r31is4eojylgv90ddwen1','NWVmODRiM2M5MGY2ZDBiN2Y0N2I3OTNiYTZiYjI2NzIwMzBlMjkwODp7fQ==','2014-10-29 17:44:36'),('mu7hrv5vsa2xzcgqyz5cb4nlbv7sn1ih','YTY4YzBiMWJkNGJhNGZkNjQ1YTY2ZjE0YTQxMTExNjVhYjkyZDExNjp7ImNpdHkiOjIsImNpdGllcyI6W3siaWQiOjEsIm5hbWUiOiJPbGluZGEifSx7ImlkIjoyLCJuYW1lIjoiUmVjaWZlIn0seyJpZCI6MywibmFtZSI6IkNhbWFyYWdpYmUifSx7ImlkIjo0LCJuYW1lIjoiSmFib2F0XHUwMGUzbyBkb3MgR3VhcmFyYXBlcyJ9XSwidHlwZW9mZmVyIjoxfQ==','2014-10-29 11:22:55'),('mv2408fmxlver8uf95icrrxa82pkpyjo','MzAxM2I1ZjcyN2QwMjczMTU2MGQxOGQ5NTZmNjgyOGY0ZWZjYmRiODp7ImNpdGllcyI6W3siaWQiOjEsIm5hbWUiOiJPbGluZGEifSx7ImlkIjoyLCJuYW1lIjoiUmVjaWZlIn0seyJpZCI6MywibmFtZSI6IkNhbWFyYWdpYmUifSx7ImlkIjo0LCJuYW1lIjoiSmFib2F0XHUwMGUzbyBkb3MgR3VhcmFyYXBlcyJ9XX0=','2014-10-23 21:01:27'),('n3t9r5seygh8pmmbr2z4qc27jljwzcz2','YzAzMzhmMzcxMTk5ZDlhYmNiMDQ0MmJlMWY3NjdmMzliZDhhY2Y0MTp7ImNpdHkiOjIsIl9hdXRoX3VzZXJfaGFzaCI6ImMxYTg1OTFmMTFlYzc0NjJkZTFhNDBmMzc2NjA3NTY4ODIyOGE0ZmMiLCJfYXV0aF91c2VyX2lkIjoxLCJfYXV0aF91c2VyX2JhY2tlbmQiOiJkamFuZ28uY29udHJpYi5hdXRoLmJhY2tlbmRzLk1vZGVsQmFja2VuZCIsInR5cGVvZmZlciI6MSwiY2l0aWVzIjpbeyJpZCI6MSwibmFtZSI6Ik9saW5kYSJ9LHsiaWQiOjIsIm5hbWUiOiJSZWNpZmUifSx7ImlkIjozLCJuYW1lIjoiQ2FtYXJhZ2liZSJ9LHsiaWQiOjQsIm5hbWUiOiJKYWJvYXRcdTAwZTNvIGRvcyBHdWFyYXJhcGVzIn1dfQ==','2014-11-12 10:52:50'),('n4epgcku1d1thedg5eaj1m19cxg5mgtr','MzAxM2I1ZjcyN2QwMjczMTU2MGQxOGQ5NTZmNjgyOGY0ZWZjYmRiODp7ImNpdGllcyI6W3siaWQiOjEsIm5hbWUiOiJPbGluZGEifSx7ImlkIjoyLCJuYW1lIjoiUmVjaWZlIn0seyJpZCI6MywibmFtZSI6IkNhbWFyYWdpYmUifSx7ImlkIjo0LCJuYW1lIjoiSmFib2F0XHUwMGUzbyBkb3MgR3VhcmFyYXBlcyJ9XX0=','2014-10-24 19:32:59'),('n4hwj4joajyscxycxnrbdbf96ihj4m2n','MzAxM2I1ZjcyN2QwMjczMTU2MGQxOGQ5NTZmNjgyOGY0ZWZjYmRiODp7ImNpdGllcyI6W3siaWQiOjEsIm5hbWUiOiJPbGluZGEifSx7ImlkIjoyLCJuYW1lIjoiUmVjaWZlIn0seyJpZCI6MywibmFtZSI6IkNhbWFyYWdpYmUifSx7ImlkIjo0LCJuYW1lIjoiSmFib2F0XHUwMGUzbyBkb3MgR3VhcmFyYXBlcyJ9XX0=','2014-10-23 17:40:28'),('n6yq5h7wk5tkxezobhpcfkiu3i7lsvuz','MzAxM2I1ZjcyN2QwMjczMTU2MGQxOGQ5NTZmNjgyOGY0ZWZjYmRiODp7ImNpdGllcyI6W3siaWQiOjEsIm5hbWUiOiJPbGluZGEifSx7ImlkIjoyLCJuYW1lIjoiUmVjaWZlIn0seyJpZCI6MywibmFtZSI6IkNhbWFyYWdpYmUifSx7ImlkIjo0LCJuYW1lIjoiSmFib2F0XHUwMGUzbyBkb3MgR3VhcmFyYXBlcyJ9XX0=','2014-10-22 15:29:22'),('n7hvccv5bkltdeua8slbzikai9p6f4zk','MTVhMDA1MDY4Yzg5OTk5NGQ3OTRkMjI5YzE3Yjc1MThiMzM3NGM2ZDp7ImNpdHkiOjIsIl9hdXRoX3VzZXJfaGFzaCI6IjlhYmI3NmUyZGQzNmM3MzhlM2Q4OGE0MGQ3ODFmYmUzOTUyMWQ1OTYiLCJfYXV0aF91c2VyX2lkIjoyLCJfYXV0aF91c2VyX2JhY2tlbmQiOiJhY2NvdW50LmJhY2tlbmRzLkFjY291bnRzQmFja2VuZC5BY2NvdW50c0JhY2tlbmQiLCJ0eXBlb2ZmZXIiOjEsIl9zZXNzaW9uX2V4cGlyeSI6MCwiY2l0aWVzIjpbeyJpZCI6MSwibmFtZSI6Ik9saW5kYSJ9LHsiaWQiOjIsIm5hbWUiOiJSZWNpZmUifSx7ImlkIjozLCJuYW1lIjoiQ2FtYXJhZ2liZSJ9LHsiaWQiOjQsIm5hbWUiOiJKYWJvYXRcdTAwZTNvIGRvcyBHdWFyYXJhcGVzIn1dfQ==','2014-11-19 10:23:47'),('n89zgu60s3nyevgvcm9t6o7cjd4ghrq5','YTY4YzBiMWJkNGJhNGZkNjQ1YTY2ZjE0YTQxMTExNjVhYjkyZDExNjp7ImNpdHkiOjIsImNpdGllcyI6W3siaWQiOjEsIm5hbWUiOiJPbGluZGEifSx7ImlkIjoyLCJuYW1lIjoiUmVjaWZlIn0seyJpZCI6MywibmFtZSI6IkNhbWFyYWdpYmUifSx7ImlkIjo0LCJuYW1lIjoiSmFib2F0XHUwMGUzbyBkb3MgR3VhcmFyYXBlcyJ9XSwidHlwZW9mZmVyIjoxfQ==','2014-10-29 11:16:54'),('n9zrpezm8g7fpmbju541n2k9r91nsdk4','MzAxM2I1ZjcyN2QwMjczMTU2MGQxOGQ5NTZmNjgyOGY0ZWZjYmRiODp7ImNpdGllcyI6W3siaWQiOjEsIm5hbWUiOiJPbGluZGEifSx7ImlkIjoyLCJuYW1lIjoiUmVjaWZlIn0seyJpZCI6MywibmFtZSI6IkNhbWFyYWdpYmUifSx7ImlkIjo0LCJuYW1lIjoiSmFib2F0XHUwMGUzbyBkb3MgR3VhcmFyYXBlcyJ9XX0=','2014-10-23 20:35:14'),('nb3hsfcgjybk6b7nsene29zlm54utkkq','MzAxM2I1ZjcyN2QwMjczMTU2MGQxOGQ5NTZmNjgyOGY0ZWZjYmRiODp7ImNpdGllcyI6W3siaWQiOjEsIm5hbWUiOiJPbGluZGEifSx7ImlkIjoyLCJuYW1lIjoiUmVjaWZlIn0seyJpZCI6MywibmFtZSI6IkNhbWFyYWdpYmUifSx7ImlkIjo0LCJuYW1lIjoiSmFib2F0XHUwMGUzbyBkb3MgR3VhcmFyYXBlcyJ9XX0=','2014-10-27 16:37:44'),('ndi2h26kfljyr9oj6scd4btbmi9yv4pe','MzAxM2I1ZjcyN2QwMjczMTU2MGQxOGQ5NTZmNjgyOGY0ZWZjYmRiODp7ImNpdGllcyI6W3siaWQiOjEsIm5hbWUiOiJPbGluZGEifSx7ImlkIjoyLCJuYW1lIjoiUmVjaWZlIn0seyJpZCI6MywibmFtZSI6IkNhbWFyYWdpYmUifSx7ImlkIjo0LCJuYW1lIjoiSmFib2F0XHUwMGUzbyBkb3MgR3VhcmFyYXBlcyJ9XX0=','2014-10-24 20:11:57'),('neqvdaf32dwe1h1i2lph61y8cp6jneto','MzAxM2I1ZjcyN2QwMjczMTU2MGQxOGQ5NTZmNjgyOGY0ZWZjYmRiODp7ImNpdGllcyI6W3siaWQiOjEsIm5hbWUiOiJPbGluZGEifSx7ImlkIjoyLCJuYW1lIjoiUmVjaWZlIn0seyJpZCI6MywibmFtZSI6IkNhbWFyYWdpYmUifSx7ImlkIjo0LCJuYW1lIjoiSmFib2F0XHUwMGUzbyBkb3MgR3VhcmFyYXBlcyJ9XX0=','2014-10-22 18:32:58'),('nfamu1fej9b2a40s5kn6j3b2b9gfdwvo','MzAxM2I1ZjcyN2QwMjczMTU2MGQxOGQ5NTZmNjgyOGY0ZWZjYmRiODp7ImNpdGllcyI6W3siaWQiOjEsIm5hbWUiOiJPbGluZGEifSx7ImlkIjoyLCJuYW1lIjoiUmVjaWZlIn0seyJpZCI6MywibmFtZSI6IkNhbWFyYWdpYmUifSx7ImlkIjo0LCJuYW1lIjoiSmFib2F0XHUwMGUzbyBkb3MgR3VhcmFyYXBlcyJ9XX0=','2014-10-27 21:03:19'),('ng8yzr71k3pza6gq78w91r3hwuue1h8j','MzAxM2I1ZjcyN2QwMjczMTU2MGQxOGQ5NTZmNjgyOGY0ZWZjYmRiODp7ImNpdGllcyI6W3siaWQiOjEsIm5hbWUiOiJPbGluZGEifSx7ImlkIjoyLCJuYW1lIjoiUmVjaWZlIn0seyJpZCI6MywibmFtZSI6IkNhbWFyYWdpYmUifSx7ImlkIjo0LCJuYW1lIjoiSmFib2F0XHUwMGUzbyBkb3MgR3VhcmFyYXBlcyJ9XX0=','2014-10-27 21:07:41'),('niyk219q3s95rgxcgg03cqbhx5kcti39','Njc2MDQzODVhYTk4ZGIzYWM3NjI0NTA5NzA1NDM5YTBhOGY4ZWQyNzp7Il9zZXNzaW9uX2V4cGlyeSI6MCwiY2l0aWVzIjpbeyJpZCI6MSwibmFtZSI6Ik9saW5kYSJ9LHsiaWQiOjIsIm5hbWUiOiJSZWNpZmUifSx7ImlkIjozLCJuYW1lIjoiQ2FtYXJhZ2liZSJ9LHsiaWQiOjQsIm5hbWUiOiJKYWJvYXRcdTAwZTNvIGRvcyBHdWFyYXJhcGVzIn1dLCJfYXV0aF91c2VyX2hhc2giOiJiOTc2YTA2MTVhZTgwMDAwMzQwMDQ0ZTJiOWM3ODQ2MmExNGUwNDQzIiwiX2F1dGhfdXNlcl9iYWNrZW5kIjoiYWNjb3VudC5iYWNrZW5kcy5BY2NvdW50c0JhY2tlbmQuQWNjb3VudHNCYWNrZW5kIiwiX2F1dGhfdXNlcl9pZCI6Mn0=','2014-10-24 19:44:22'),('njule01jnios8qfdvxizmfgvhe81yvb5','MzAxM2I1ZjcyN2QwMjczMTU2MGQxOGQ5NTZmNjgyOGY0ZWZjYmRiODp7ImNpdGllcyI6W3siaWQiOjEsIm5hbWUiOiJPbGluZGEifSx7ImlkIjoyLCJuYW1lIjoiUmVjaWZlIn0seyJpZCI6MywibmFtZSI6IkNhbWFyYWdpYmUifSx7ImlkIjo0LCJuYW1lIjoiSmFib2F0XHUwMGUzbyBkb3MgR3VhcmFyYXBlcyJ9XX0=','2014-10-22 18:33:33'),('nkqwzirinzj5ya621que8sbzumd0e89h','MzAxM2I1ZjcyN2QwMjczMTU2MGQxOGQ5NTZmNjgyOGY0ZWZjYmRiODp7ImNpdGllcyI6W3siaWQiOjEsIm5hbWUiOiJPbGluZGEifSx7ImlkIjoyLCJuYW1lIjoiUmVjaWZlIn0seyJpZCI6MywibmFtZSI6IkNhbWFyYWdpYmUifSx7ImlkIjo0LCJuYW1lIjoiSmFib2F0XHUwMGUzbyBkb3MgR3VhcmFyYXBlcyJ9XX0=','2014-10-27 16:39:16'),('nn521ehy2zw42r6gszu2i0g95m9sdzzp','MzAxM2I1ZjcyN2QwMjczMTU2MGQxOGQ5NTZmNjgyOGY0ZWZjYmRiODp7ImNpdGllcyI6W3siaWQiOjEsIm5hbWUiOiJPbGluZGEifSx7ImlkIjoyLCJuYW1lIjoiUmVjaWZlIn0seyJpZCI6MywibmFtZSI6IkNhbWFyYWdpYmUifSx7ImlkIjo0LCJuYW1lIjoiSmFib2F0XHUwMGUzbyBkb3MgR3VhcmFyYXBlcyJ9XX0=','2014-10-27 20:39:10'),('nsa8kctpkqnluctackn88suukm4cc1g1','MzAxM2I1ZjcyN2QwMjczMTU2MGQxOGQ5NTZmNjgyOGY0ZWZjYmRiODp7ImNpdGllcyI6W3siaWQiOjEsIm5hbWUiOiJPbGluZGEifSx7ImlkIjoyLCJuYW1lIjoiUmVjaWZlIn0seyJpZCI6MywibmFtZSI6IkNhbWFyYWdpYmUifSx7ImlkIjo0LCJuYW1lIjoiSmFib2F0XHUwMGUzbyBkb3MgR3VhcmFyYXBlcyJ9XX0=','2014-10-28 16:21:03'),('nsuitbhfuvzpt16m6ihpcv12po5wmusv','YTY4YzBiMWJkNGJhNGZkNjQ1YTY2ZjE0YTQxMTExNjVhYjkyZDExNjp7ImNpdHkiOjIsImNpdGllcyI6W3siaWQiOjEsIm5hbWUiOiJPbGluZGEifSx7ImlkIjoyLCJuYW1lIjoiUmVjaWZlIn0seyJpZCI6MywibmFtZSI6IkNhbWFyYWdpYmUifSx7ImlkIjo0LCJuYW1lIjoiSmFib2F0XHUwMGUzbyBkb3MgR3VhcmFyYXBlcyJ9XSwidHlwZW9mZmVyIjoxfQ==','2014-10-15 11:55:57'),('nuogl6wq9iakxbukef0cuibcw0yrp2j6','MzAxM2I1ZjcyN2QwMjczMTU2MGQxOGQ5NTZmNjgyOGY0ZWZjYmRiODp7ImNpdGllcyI6W3siaWQiOjEsIm5hbWUiOiJPbGluZGEifSx7ImlkIjoyLCJuYW1lIjoiUmVjaWZlIn0seyJpZCI6MywibmFtZSI6IkNhbWFyYWdpYmUifSx7ImlkIjo0LCJuYW1lIjoiSmFib2F0XHUwMGUzbyBkb3MgR3VhcmFyYXBlcyJ9XX0=','2014-10-24 20:14:47'),('nw91ie7zl6o3bw8y9yypwuv6hzlfl5k1','MzAxM2I1ZjcyN2QwMjczMTU2MGQxOGQ5NTZmNjgyOGY0ZWZjYmRiODp7ImNpdGllcyI6W3siaWQiOjEsIm5hbWUiOiJPbGluZGEifSx7ImlkIjoyLCJuYW1lIjoiUmVjaWZlIn0seyJpZCI6MywibmFtZSI6IkNhbWFyYWdpYmUifSx7ImlkIjo0LCJuYW1lIjoiSmFib2F0XHUwMGUzbyBkb3MgR3VhcmFyYXBlcyJ9XX0=','2014-10-27 21:06:36'),('ny2b2v3l32ew1kukbhog8x2n6g2oud87','MzAxM2I1ZjcyN2QwMjczMTU2MGQxOGQ5NTZmNjgyOGY0ZWZjYmRiODp7ImNpdGllcyI6W3siaWQiOjEsIm5hbWUiOiJPbGluZGEifSx7ImlkIjoyLCJuYW1lIjoiUmVjaWZlIn0seyJpZCI6MywibmFtZSI6IkNhbWFyYWdpYmUifSx7ImlkIjo0LCJuYW1lIjoiSmFib2F0XHUwMGUzbyBkb3MgR3VhcmFyYXBlcyJ9XX0=','2014-10-23 18:01:11'),('o1685l51a432d6n6dj3urmshuwkrf9nb','YTY4YzBiMWJkNGJhNGZkNjQ1YTY2ZjE0YTQxMTExNjVhYjkyZDExNjp7ImNpdHkiOjIsImNpdGllcyI6W3siaWQiOjEsIm5hbWUiOiJPbGluZGEifSx7ImlkIjoyLCJuYW1lIjoiUmVjaWZlIn0seyJpZCI6MywibmFtZSI6IkNhbWFyYWdpYmUifSx7ImlkIjo0LCJuYW1lIjoiSmFib2F0XHUwMGUzbyBkb3MgR3VhcmFyYXBlcyJ9XSwidHlwZW9mZmVyIjoxfQ==','2014-10-29 11:41:47'),('o29oo8sjd3p73509al03s5o1vgrpjkwb','MzAxM2I1ZjcyN2QwMjczMTU2MGQxOGQ5NTZmNjgyOGY0ZWZjYmRiODp7ImNpdGllcyI6W3siaWQiOjEsIm5hbWUiOiJPbGluZGEifSx7ImlkIjoyLCJuYW1lIjoiUmVjaWZlIn0seyJpZCI6MywibmFtZSI6IkNhbWFyYWdpYmUifSx7ImlkIjo0LCJuYW1lIjoiSmFib2F0XHUwMGUzbyBkb3MgR3VhcmFyYXBlcyJ9XX0=','2014-10-28 16:19:50'),('o2e2d96hw0rl88sthvljsevixgdoxhxd','MzAxM2I1ZjcyN2QwMjczMTU2MGQxOGQ5NTZmNjgyOGY0ZWZjYmRiODp7ImNpdGllcyI6W3siaWQiOjEsIm5hbWUiOiJPbGluZGEifSx7ImlkIjoyLCJuYW1lIjoiUmVjaWZlIn0seyJpZCI6MywibmFtZSI6IkNhbWFyYWdpYmUifSx7ImlkIjo0LCJuYW1lIjoiSmFib2F0XHUwMGUzbyBkb3MgR3VhcmFyYXBlcyJ9XX0=','2014-10-23 17:57:29'),('o2kd0ntskmmmc393h2hueb77axvxmhnd','MzAxM2I1ZjcyN2QwMjczMTU2MGQxOGQ5NTZmNjgyOGY0ZWZjYmRiODp7ImNpdGllcyI6W3siaWQiOjEsIm5hbWUiOiJPbGluZGEifSx7ImlkIjoyLCJuYW1lIjoiUmVjaWZlIn0seyJpZCI6MywibmFtZSI6IkNhbWFyYWdpYmUifSx7ImlkIjo0LCJuYW1lIjoiSmFib2F0XHUwMGUzbyBkb3MgR3VhcmFyYXBlcyJ9XX0=','2014-10-23 17:40:31'),('o3mwm9xmoxmkrl0ihlk5m47n1eed6hbn','MzAxM2I1ZjcyN2QwMjczMTU2MGQxOGQ5NTZmNjgyOGY0ZWZjYmRiODp7ImNpdGllcyI6W3siaWQiOjEsIm5hbWUiOiJPbGluZGEifSx7ImlkIjoyLCJuYW1lIjoiUmVjaWZlIn0seyJpZCI6MywibmFtZSI6IkNhbWFyYWdpYmUifSx7ImlkIjo0LCJuYW1lIjoiSmFib2F0XHUwMGUzbyBkb3MgR3VhcmFyYXBlcyJ9XX0=','2014-10-23 17:57:14'),('o55i2g34tedhozdoann6peqxhz0wdwrl','YTY4YzBiMWJkNGJhNGZkNjQ1YTY2ZjE0YTQxMTExNjVhYjkyZDExNjp7ImNpdHkiOjIsImNpdGllcyI6W3siaWQiOjEsIm5hbWUiOiJPbGluZGEifSx7ImlkIjoyLCJuYW1lIjoiUmVjaWZlIn0seyJpZCI6MywibmFtZSI6IkNhbWFyYWdpYmUifSx7ImlkIjo0LCJuYW1lIjoiSmFib2F0XHUwMGUzbyBkb3MgR3VhcmFyYXBlcyJ9XSwidHlwZW9mZmVyIjoxfQ==','2014-10-29 11:24:31'),('ocirbxrpzlbwdz7czlsymggndw1rj0p2','MzAxM2I1ZjcyN2QwMjczMTU2MGQxOGQ5NTZmNjgyOGY0ZWZjYmRiODp7ImNpdGllcyI6W3siaWQiOjEsIm5hbWUiOiJPbGluZGEifSx7ImlkIjoyLCJuYW1lIjoiUmVjaWZlIn0seyJpZCI6MywibmFtZSI6IkNhbWFyYWdpYmUifSx7ImlkIjo0LCJuYW1lIjoiSmFib2F0XHUwMGUzbyBkb3MgR3VhcmFyYXBlcyJ9XX0=','2014-10-27 20:43:48'),('od6el3sblweycq7rbjnsxig3k6c2n6gk','MzAxM2I1ZjcyN2QwMjczMTU2MGQxOGQ5NTZmNjgyOGY0ZWZjYmRiODp7ImNpdGllcyI6W3siaWQiOjEsIm5hbWUiOiJPbGluZGEifSx7ImlkIjoyLCJuYW1lIjoiUmVjaWZlIn0seyJpZCI6MywibmFtZSI6IkNhbWFyYWdpYmUifSx7ImlkIjo0LCJuYW1lIjoiSmFib2F0XHUwMGUzbyBkb3MgR3VhcmFyYXBlcyJ9XX0=','2014-10-23 20:31:46'),('of5k5j6gtlfsyzhh827dfspqbjgaowib','MzAxM2I1ZjcyN2QwMjczMTU2MGQxOGQ5NTZmNjgyOGY0ZWZjYmRiODp7ImNpdGllcyI6W3siaWQiOjEsIm5hbWUiOiJPbGluZGEifSx7ImlkIjoyLCJuYW1lIjoiUmVjaWZlIn0seyJpZCI6MywibmFtZSI6IkNhbWFyYWdpYmUifSx7ImlkIjo0LCJuYW1lIjoiSmFib2F0XHUwMGUzbyBkb3MgR3VhcmFyYXBlcyJ9XX0=','2014-10-23 21:33:26'),('oj4zhx8a1z12xe9om1bjc1ndekav33gm','MzAxM2I1ZjcyN2QwMjczMTU2MGQxOGQ5NTZmNjgyOGY0ZWZjYmRiODp7ImNpdGllcyI6W3siaWQiOjEsIm5hbWUiOiJPbGluZGEifSx7ImlkIjoyLCJuYW1lIjoiUmVjaWZlIn0seyJpZCI6MywibmFtZSI6IkNhbWFyYWdpYmUifSx7ImlkIjo0LCJuYW1lIjoiSmFib2F0XHUwMGUzbyBkb3MgR3VhcmFyYXBlcyJ9XX0=','2014-10-23 18:14:26'),('okljwvfda54g3actepgtn7017kz7k6w3','MzAxM2I1ZjcyN2QwMjczMTU2MGQxOGQ5NTZmNjgyOGY0ZWZjYmRiODp7ImNpdGllcyI6W3siaWQiOjEsIm5hbWUiOiJPbGluZGEifSx7ImlkIjoyLCJuYW1lIjoiUmVjaWZlIn0seyJpZCI6MywibmFtZSI6IkNhbWFyYWdpYmUifSx7ImlkIjo0LCJuYW1lIjoiSmFib2F0XHUwMGUzbyBkb3MgR3VhcmFyYXBlcyJ9XX0=','2014-10-22 15:35:48'),('oku7gyb4w0xkh9cvhxecp92xquqsune6','MzAxM2I1ZjcyN2QwMjczMTU2MGQxOGQ5NTZmNjgyOGY0ZWZjYmRiODp7ImNpdGllcyI6W3siaWQiOjEsIm5hbWUiOiJPbGluZGEifSx7ImlkIjoyLCJuYW1lIjoiUmVjaWZlIn0seyJpZCI6MywibmFtZSI6IkNhbWFyYWdpYmUifSx7ImlkIjo0LCJuYW1lIjoiSmFib2F0XHUwMGUzbyBkb3MgR3VhcmFyYXBlcyJ9XX0=','2014-10-24 20:30:39'),('op5jlsxct12yjtv87amo5xa61dzcqpsl','MzAxM2I1ZjcyN2QwMjczMTU2MGQxOGQ5NTZmNjgyOGY0ZWZjYmRiODp7ImNpdGllcyI6W3siaWQiOjEsIm5hbWUiOiJPbGluZGEifSx7ImlkIjoyLCJuYW1lIjoiUmVjaWZlIn0seyJpZCI6MywibmFtZSI6IkNhbWFyYWdpYmUifSx7ImlkIjo0LCJuYW1lIjoiSmFib2F0XHUwMGUzbyBkb3MgR3VhcmFyYXBlcyJ9XX0=','2014-10-23 18:08:23'),('oqdu84iblnb8crtt4ssobzwpuzwmwri7','MzAxM2I1ZjcyN2QwMjczMTU2MGQxOGQ5NTZmNjgyOGY0ZWZjYmRiODp7ImNpdGllcyI6W3siaWQiOjEsIm5hbWUiOiJPbGluZGEifSx7ImlkIjoyLCJuYW1lIjoiUmVjaWZlIn0seyJpZCI6MywibmFtZSI6IkNhbWFyYWdpYmUifSx7ImlkIjo0LCJuYW1lIjoiSmFib2F0XHUwMGUzbyBkb3MgR3VhcmFyYXBlcyJ9XX0=','2014-10-27 17:03:14'),('oqkvna3idrezm8tdaplbfoyzwhdhyhwu','MzAxM2I1ZjcyN2QwMjczMTU2MGQxOGQ5NTZmNjgyOGY0ZWZjYmRiODp7ImNpdGllcyI6W3siaWQiOjEsIm5hbWUiOiJPbGluZGEifSx7ImlkIjoyLCJuYW1lIjoiUmVjaWZlIn0seyJpZCI6MywibmFtZSI6IkNhbWFyYWdpYmUifSx7ImlkIjo0LCJuYW1lIjoiSmFib2F0XHUwMGUzbyBkb3MgR3VhcmFyYXBlcyJ9XX0=','2014-10-27 21:06:31'),('orl0x741wrudcg07tcwp8emjfnh3fz58','MzAxM2I1ZjcyN2QwMjczMTU2MGQxOGQ5NTZmNjgyOGY0ZWZjYmRiODp7ImNpdGllcyI6W3siaWQiOjEsIm5hbWUiOiJPbGluZGEifSx7ImlkIjoyLCJuYW1lIjoiUmVjaWZlIn0seyJpZCI6MywibmFtZSI6IkNhbWFyYWdpYmUifSx7ImlkIjo0LCJuYW1lIjoiSmFib2F0XHUwMGUzbyBkb3MgR3VhcmFyYXBlcyJ9XX0=','2014-10-27 20:29:40'),('otm1ptr0nl24ncs97ixvgt6mnhozyqxq','YTY4YzBiMWJkNGJhNGZkNjQ1YTY2ZjE0YTQxMTExNjVhYjkyZDExNjp7ImNpdHkiOjIsImNpdGllcyI6W3siaWQiOjEsIm5hbWUiOiJPbGluZGEifSx7ImlkIjoyLCJuYW1lIjoiUmVjaWZlIn0seyJpZCI6MywibmFtZSI6IkNhbWFyYWdpYmUifSx7ImlkIjo0LCJuYW1lIjoiSmFib2F0XHUwMGUzbyBkb3MgR3VhcmFyYXBlcyJ9XSwidHlwZW9mZmVyIjoxfQ==','2014-10-29 11:30:34'),('ozr1e3ve2sk12u03jesmb2sifnwqofyb','MzAxM2I1ZjcyN2QwMjczMTU2MGQxOGQ5NTZmNjgyOGY0ZWZjYmRiODp7ImNpdGllcyI6W3siaWQiOjEsIm5hbWUiOiJPbGluZGEifSx7ImlkIjoyLCJuYW1lIjoiUmVjaWZlIn0seyJpZCI6MywibmFtZSI6IkNhbWFyYWdpYmUifSx7ImlkIjo0LCJuYW1lIjoiSmFib2F0XHUwMGUzbyBkb3MgR3VhcmFyYXBlcyJ9XX0=','2014-10-27 20:38:05'),('p01akisy7vnzb138to8m2ann18amm53o','MzAxM2I1ZjcyN2QwMjczMTU2MGQxOGQ5NTZmNjgyOGY0ZWZjYmRiODp7ImNpdGllcyI6W3siaWQiOjEsIm5hbWUiOiJPbGluZGEifSx7ImlkIjoyLCJuYW1lIjoiUmVjaWZlIn0seyJpZCI6MywibmFtZSI6IkNhbWFyYWdpYmUifSx7ImlkIjo0LCJuYW1lIjoiSmFib2F0XHUwMGUzbyBkb3MgR3VhcmFyYXBlcyJ9XX0=','2014-10-23 21:57:00'),('p1ngu72sfa7yq9nh5rze7akafapt5ql3','MzAxM2I1ZjcyN2QwMjczMTU2MGQxOGQ5NTZmNjgyOGY0ZWZjYmRiODp7ImNpdGllcyI6W3siaWQiOjEsIm5hbWUiOiJPbGluZGEifSx7ImlkIjoyLCJuYW1lIjoiUmVjaWZlIn0seyJpZCI6MywibmFtZSI6IkNhbWFyYWdpYmUifSx7ImlkIjo0LCJuYW1lIjoiSmFib2F0XHUwMGUzbyBkb3MgR3VhcmFyYXBlcyJ9XX0=','2014-10-24 20:14:34'),('p27qn820b49c7nktctokdivn9mdgou9t','MzAxM2I1ZjcyN2QwMjczMTU2MGQxOGQ5NTZmNjgyOGY0ZWZjYmRiODp7ImNpdGllcyI6W3siaWQiOjEsIm5hbWUiOiJPbGluZGEifSx7ImlkIjoyLCJuYW1lIjoiUmVjaWZlIn0seyJpZCI6MywibmFtZSI6IkNhbWFyYWdpYmUifSx7ImlkIjo0LCJuYW1lIjoiSmFib2F0XHUwMGUzbyBkb3MgR3VhcmFyYXBlcyJ9XX0=','2014-10-22 15:36:11'),('p2gie8m2wllch5aymcgt9rsyfhss035m','MzAxM2I1ZjcyN2QwMjczMTU2MGQxOGQ5NTZmNjgyOGY0ZWZjYmRiODp7ImNpdGllcyI6W3siaWQiOjEsIm5hbWUiOiJPbGluZGEifSx7ImlkIjoyLCJuYW1lIjoiUmVjaWZlIn0seyJpZCI6MywibmFtZSI6IkNhbWFyYWdpYmUifSx7ImlkIjo0LCJuYW1lIjoiSmFib2F0XHUwMGUzbyBkb3MgR3VhcmFyYXBlcyJ9XX0=','2014-10-24 19:41:16'),('p60xh9k2qslxz0br2radrzyh28skd1bt','MzAxM2I1ZjcyN2QwMjczMTU2MGQxOGQ5NTZmNjgyOGY0ZWZjYmRiODp7ImNpdGllcyI6W3siaWQiOjEsIm5hbWUiOiJPbGluZGEifSx7ImlkIjoyLCJuYW1lIjoiUmVjaWZlIn0seyJpZCI6MywibmFtZSI6IkNhbWFyYWdpYmUifSx7ImlkIjo0LCJuYW1lIjoiSmFib2F0XHUwMGUzbyBkb3MgR3VhcmFyYXBlcyJ9XX0=','2014-10-27 21:06:36'),('p7w2oux5bd1zdnc1te3g1hkq38pmwkqn','MzAxM2I1ZjcyN2QwMjczMTU2MGQxOGQ5NTZmNjgyOGY0ZWZjYmRiODp7ImNpdGllcyI6W3siaWQiOjEsIm5hbWUiOiJPbGluZGEifSx7ImlkIjoyLCJuYW1lIjoiUmVjaWZlIn0seyJpZCI6MywibmFtZSI6IkNhbWFyYWdpYmUifSx7ImlkIjo0LCJuYW1lIjoiSmFib2F0XHUwMGUzbyBkb3MgR3VhcmFyYXBlcyJ9XX0=','2014-10-23 17:57:15'),('p7w516osyakg9btzvev5vhwxklp343s2','MzAxM2I1ZjcyN2QwMjczMTU2MGQxOGQ5NTZmNjgyOGY0ZWZjYmRiODp7ImNpdGllcyI6W3siaWQiOjEsIm5hbWUiOiJPbGluZGEifSx7ImlkIjoyLCJuYW1lIjoiUmVjaWZlIn0seyJpZCI6MywibmFtZSI6IkNhbWFyYWdpYmUifSx7ImlkIjo0LCJuYW1lIjoiSmFib2F0XHUwMGUzbyBkb3MgR3VhcmFyYXBlcyJ9XX0=','2014-10-24 19:43:36'),('p7xvb9qjf4r9qjxl90hq5b7x7npq4eou','MzAxM2I1ZjcyN2QwMjczMTU2MGQxOGQ5NTZmNjgyOGY0ZWZjYmRiODp7ImNpdGllcyI6W3siaWQiOjEsIm5hbWUiOiJPbGluZGEifSx7ImlkIjoyLCJuYW1lIjoiUmVjaWZlIn0seyJpZCI6MywibmFtZSI6IkNhbWFyYWdpYmUifSx7ImlkIjo0LCJuYW1lIjoiSmFib2F0XHUwMGUzbyBkb3MgR3VhcmFyYXBlcyJ9XX0=','2014-10-23 21:10:34'),('pa296w5ups7c4nhmctdnyaz2kgvp4dwc','MzAxM2I1ZjcyN2QwMjczMTU2MGQxOGQ5NTZmNjgyOGY0ZWZjYmRiODp7ImNpdGllcyI6W3siaWQiOjEsIm5hbWUiOiJPbGluZGEifSx7ImlkIjoyLCJuYW1lIjoiUmVjaWZlIn0seyJpZCI6MywibmFtZSI6IkNhbWFyYWdpYmUifSx7ImlkIjo0LCJuYW1lIjoiSmFib2F0XHUwMGUzbyBkb3MgR3VhcmFyYXBlcyJ9XX0=','2014-10-24 19:38:44'),('pats07bkvcao51ukcb8mhdaggl950i27','YTY4YzBiMWJkNGJhNGZkNjQ1YTY2ZjE0YTQxMTExNjVhYjkyZDExNjp7ImNpdHkiOjIsImNpdGllcyI6W3siaWQiOjEsIm5hbWUiOiJPbGluZGEifSx7ImlkIjoyLCJuYW1lIjoiUmVjaWZlIn0seyJpZCI6MywibmFtZSI6IkNhbWFyYWdpYmUifSx7ImlkIjo0LCJuYW1lIjoiSmFib2F0XHUwMGUzbyBkb3MgR3VhcmFyYXBlcyJ9XSwidHlwZW9mZmVyIjoxfQ==','2014-10-29 14:23:57'),('pbh7ez7wv214362oexff5gght234i6g5','MzAxM2I1ZjcyN2QwMjczMTU2MGQxOGQ5NTZmNjgyOGY0ZWZjYmRiODp7ImNpdGllcyI6W3siaWQiOjEsIm5hbWUiOiJPbGluZGEifSx7ImlkIjoyLCJuYW1lIjoiUmVjaWZlIn0seyJpZCI6MywibmFtZSI6IkNhbWFyYWdpYmUifSx7ImlkIjo0LCJuYW1lIjoiSmFib2F0XHUwMGUzbyBkb3MgR3VhcmFyYXBlcyJ9XX0=','2014-10-28 16:21:02'),('pbmhurl5zhuje3k2q8zr7jnii4c01kmm','MzAxM2I1ZjcyN2QwMjczMTU2MGQxOGQ5NTZmNjgyOGY0ZWZjYmRiODp7ImNpdGllcyI6W3siaWQiOjEsIm5hbWUiOiJPbGluZGEifSx7ImlkIjoyLCJuYW1lIjoiUmVjaWZlIn0seyJpZCI6MywibmFtZSI6IkNhbWFyYWdpYmUifSx7ImlkIjo0LCJuYW1lIjoiSmFib2F0XHUwMGUzbyBkb3MgR3VhcmFyYXBlcyJ9XX0=','2014-10-22 17:52:10'),('pc8cnyp2j3u5yv2mnqbh2v5pklpuv4cz','YTY4YzBiMWJkNGJhNGZkNjQ1YTY2ZjE0YTQxMTExNjVhYjkyZDExNjp7ImNpdHkiOjIsImNpdGllcyI6W3siaWQiOjEsIm5hbWUiOiJPbGluZGEifSx7ImlkIjoyLCJuYW1lIjoiUmVjaWZlIn0seyJpZCI6MywibmFtZSI6IkNhbWFyYWdpYmUifSx7ImlkIjo0LCJuYW1lIjoiSmFib2F0XHUwMGUzbyBkb3MgR3VhcmFyYXBlcyJ9XSwidHlwZW9mZmVyIjoxfQ==','2014-10-29 11:30:04'),('pcj6mn2g51sk07brunwtf8h5peokmeha','MzAxM2I1ZjcyN2QwMjczMTU2MGQxOGQ5NTZmNjgyOGY0ZWZjYmRiODp7ImNpdGllcyI6W3siaWQiOjEsIm5hbWUiOiJPbGluZGEifSx7ImlkIjoyLCJuYW1lIjoiUmVjaWZlIn0seyJpZCI6MywibmFtZSI6IkNhbWFyYWdpYmUifSx7ImlkIjo0LCJuYW1lIjoiSmFib2F0XHUwMGUzbyBkb3MgR3VhcmFyYXBlcyJ9XX0=','2014-10-27 20:51:50'),('pdh0erkjyo5xadi26b1220nbzd57340w','MzAxM2I1ZjcyN2QwMjczMTU2MGQxOGQ5NTZmNjgyOGY0ZWZjYmRiODp7ImNpdGllcyI6W3siaWQiOjEsIm5hbWUiOiJPbGluZGEifSx7ImlkIjoyLCJuYW1lIjoiUmVjaWZlIn0seyJpZCI6MywibmFtZSI6IkNhbWFyYWdpYmUifSx7ImlkIjo0LCJuYW1lIjoiSmFib2F0XHUwMGUzbyBkb3MgR3VhcmFyYXBlcyJ9XX0=','2014-10-24 19:29:04'),('pg9q3arlxfycffo37t9nodo9uoyqzb8n','MzAxM2I1ZjcyN2QwMjczMTU2MGQxOGQ5NTZmNjgyOGY0ZWZjYmRiODp7ImNpdGllcyI6W3siaWQiOjEsIm5hbWUiOiJPbGluZGEifSx7ImlkIjoyLCJuYW1lIjoiUmVjaWZlIn0seyJpZCI6MywibmFtZSI6IkNhbWFyYWdpYmUifSx7ImlkIjo0LCJuYW1lIjoiSmFib2F0XHUwMGUzbyBkb3MgR3VhcmFyYXBlcyJ9XX0=','2014-10-24 19:32:59'),('pgfk17it9q3n07xstdljuftr4gbfs504','MzAxM2I1ZjcyN2QwMjczMTU2MGQxOGQ5NTZmNjgyOGY0ZWZjYmRiODp7ImNpdGllcyI6W3siaWQiOjEsIm5hbWUiOiJPbGluZGEifSx7ImlkIjoyLCJuYW1lIjoiUmVjaWZlIn0seyJpZCI6MywibmFtZSI6IkNhbWFyYWdpYmUifSx7ImlkIjo0LCJuYW1lIjoiSmFib2F0XHUwMGUzbyBkb3MgR3VhcmFyYXBlcyJ9XX0=','2014-10-27 20:38:39'),('ph0i2gxgvvsyzsfkwaxgynkrv1l6m93o','MzAxM2I1ZjcyN2QwMjczMTU2MGQxOGQ5NTZmNjgyOGY0ZWZjYmRiODp7ImNpdGllcyI6W3siaWQiOjEsIm5hbWUiOiJPbGluZGEifSx7ImlkIjoyLCJuYW1lIjoiUmVjaWZlIn0seyJpZCI6MywibmFtZSI6IkNhbWFyYWdpYmUifSx7ImlkIjo0LCJuYW1lIjoiSmFib2F0XHUwMGUzbyBkb3MgR3VhcmFyYXBlcyJ9XX0=','2014-10-22 20:50:54'),('phxxj78pm1xbdweu9q1107748ui14iu4','YTY4YzBiMWJkNGJhNGZkNjQ1YTY2ZjE0YTQxMTExNjVhYjkyZDExNjp7ImNpdHkiOjIsImNpdGllcyI6W3siaWQiOjEsIm5hbWUiOiJPbGluZGEifSx7ImlkIjoyLCJuYW1lIjoiUmVjaWZlIn0seyJpZCI6MywibmFtZSI6IkNhbWFyYWdpYmUifSx7ImlkIjo0LCJuYW1lIjoiSmFib2F0XHUwMGUzbyBkb3MgR3VhcmFyYXBlcyJ9XSwidHlwZW9mZmVyIjoxfQ==','2014-10-29 11:40:18'),('pik8tc020zmob5x06jgex8x2s7s55xyt','MzAxM2I1ZjcyN2QwMjczMTU2MGQxOGQ5NTZmNjgyOGY0ZWZjYmRiODp7ImNpdGllcyI6W3siaWQiOjEsIm5hbWUiOiJPbGluZGEifSx7ImlkIjoyLCJuYW1lIjoiUmVjaWZlIn0seyJpZCI6MywibmFtZSI6IkNhbWFyYWdpYmUifSx7ImlkIjo0LCJuYW1lIjoiSmFib2F0XHUwMGUzbyBkb3MgR3VhcmFyYXBlcyJ9XX0=','2014-10-22 15:41:03'),('piryxix7xdwk4tdps900yebnt7lcvd2g','YTY4YzBiMWJkNGJhNGZkNjQ1YTY2ZjE0YTQxMTExNjVhYjkyZDExNjp7ImNpdHkiOjIsImNpdGllcyI6W3siaWQiOjEsIm5hbWUiOiJPbGluZGEifSx7ImlkIjoyLCJuYW1lIjoiUmVjaWZlIn0seyJpZCI6MywibmFtZSI6IkNhbWFyYWdpYmUifSx7ImlkIjo0LCJuYW1lIjoiSmFib2F0XHUwMGUzbyBkb3MgR3VhcmFyYXBlcyJ9XSwidHlwZW9mZmVyIjoxfQ==','2014-10-28 16:24:29'),('pj72kpk17u604tzd8hh3y4zankuh2nck','MzAxM2I1ZjcyN2QwMjczMTU2MGQxOGQ5NTZmNjgyOGY0ZWZjYmRiODp7ImNpdGllcyI6W3siaWQiOjEsIm5hbWUiOiJPbGluZGEifSx7ImlkIjoyLCJuYW1lIjoiUmVjaWZlIn0seyJpZCI6MywibmFtZSI6IkNhbWFyYWdpYmUifSx7ImlkIjo0LCJuYW1lIjoiSmFib2F0XHUwMGUzbyBkb3MgR3VhcmFyYXBlcyJ9XX0=','2014-10-24 19:31:12'),('pjgysg83aemy3vbpiw5lck7t3bdxqqz2','MzAxM2I1ZjcyN2QwMjczMTU2MGQxOGQ5NTZmNjgyOGY0ZWZjYmRiODp7ImNpdGllcyI6W3siaWQiOjEsIm5hbWUiOiJPbGluZGEifSx7ImlkIjoyLCJuYW1lIjoiUmVjaWZlIn0seyJpZCI6MywibmFtZSI6IkNhbWFyYWdpYmUifSx7ImlkIjo0LCJuYW1lIjoiSmFib2F0XHUwMGUzbyBkb3MgR3VhcmFyYXBlcyJ9XX0=','2014-10-23 18:27:20'),('plav4d9ny5lvfv79b6rirrswy0mrebvm','MzAxM2I1ZjcyN2QwMjczMTU2MGQxOGQ5NTZmNjgyOGY0ZWZjYmRiODp7ImNpdGllcyI6W3siaWQiOjEsIm5hbWUiOiJPbGluZGEifSx7ImlkIjoyLCJuYW1lIjoiUmVjaWZlIn0seyJpZCI6MywibmFtZSI6IkNhbWFyYWdpYmUifSx7ImlkIjo0LCJuYW1lIjoiSmFib2F0XHUwMGUzbyBkb3MgR3VhcmFyYXBlcyJ9XX0=','2014-10-24 20:19:08'),('plbrfkdipw6ci2k5935sxtjn9txq47nm','MzAxM2I1ZjcyN2QwMjczMTU2MGQxOGQ5NTZmNjgyOGY0ZWZjYmRiODp7ImNpdGllcyI6W3siaWQiOjEsIm5hbWUiOiJPbGluZGEifSx7ImlkIjoyLCJuYW1lIjoiUmVjaWZlIn0seyJpZCI6MywibmFtZSI6IkNhbWFyYWdpYmUifSx7ImlkIjo0LCJuYW1lIjoiSmFib2F0XHUwMGUzbyBkb3MgR3VhcmFyYXBlcyJ9XX0=','2014-10-24 20:29:42'),('plvjjbfmleuglp16wnncmcbf7pgkt56z','MzAxM2I1ZjcyN2QwMjczMTU2MGQxOGQ5NTZmNjgyOGY0ZWZjYmRiODp7ImNpdGllcyI6W3siaWQiOjEsIm5hbWUiOiJPbGluZGEifSx7ImlkIjoyLCJuYW1lIjoiUmVjaWZlIn0seyJpZCI6MywibmFtZSI6IkNhbWFyYWdpYmUifSx7ImlkIjo0LCJuYW1lIjoiSmFib2F0XHUwMGUzbyBkb3MgR3VhcmFyYXBlcyJ9XX0=','2014-10-23 21:56:46'),('pn844esbqvpg70gsxzm7bovjhss1nc2p','MzAxM2I1ZjcyN2QwMjczMTU2MGQxOGQ5NTZmNjgyOGY0ZWZjYmRiODp7ImNpdGllcyI6W3siaWQiOjEsIm5hbWUiOiJPbGluZGEifSx7ImlkIjoyLCJuYW1lIjoiUmVjaWZlIn0seyJpZCI6MywibmFtZSI6IkNhbWFyYWdpYmUifSx7ImlkIjo0LCJuYW1lIjoiSmFib2F0XHUwMGUzbyBkb3MgR3VhcmFyYXBlcyJ9XX0=','2014-10-23 20:30:17'),('po8n3yz79q0tfapa38p0syh82djbko53','MzAxM2I1ZjcyN2QwMjczMTU2MGQxOGQ5NTZmNjgyOGY0ZWZjYmRiODp7ImNpdGllcyI6W3siaWQiOjEsIm5hbWUiOiJPbGluZGEifSx7ImlkIjoyLCJuYW1lIjoiUmVjaWZlIn0seyJpZCI6MywibmFtZSI6IkNhbWFyYWdpYmUifSx7ImlkIjo0LCJuYW1lIjoiSmFib2F0XHUwMGUzbyBkb3MgR3VhcmFyYXBlcyJ9XX0=','2014-10-24 20:24:29'),('pug8vt4038re96kquna54kxssa8mct3i','MzAxM2I1ZjcyN2QwMjczMTU2MGQxOGQ5NTZmNjgyOGY0ZWZjYmRiODp7ImNpdGllcyI6W3siaWQiOjEsIm5hbWUiOiJPbGluZGEifSx7ImlkIjoyLCJuYW1lIjoiUmVjaWZlIn0seyJpZCI6MywibmFtZSI6IkNhbWFyYWdpYmUifSx7ImlkIjo0LCJuYW1lIjoiSmFib2F0XHUwMGUzbyBkb3MgR3VhcmFyYXBlcyJ9XX0=','2014-10-27 22:46:28'),('pwpallfs84sx7hamjpmqc3yjup8gudue','MzAxM2I1ZjcyN2QwMjczMTU2MGQxOGQ5NTZmNjgyOGY0ZWZjYmRiODp7ImNpdGllcyI6W3siaWQiOjEsIm5hbWUiOiJPbGluZGEifSx7ImlkIjoyLCJuYW1lIjoiUmVjaWZlIn0seyJpZCI6MywibmFtZSI6IkNhbWFyYWdpYmUifSx7ImlkIjo0LCJuYW1lIjoiSmFib2F0XHUwMGUzbyBkb3MgR3VhcmFyYXBlcyJ9XX0=','2014-10-23 21:56:46'),('px10jqscylyk7xez6e4161bo8qh4idol','MzAxM2I1ZjcyN2QwMjczMTU2MGQxOGQ5NTZmNjgyOGY0ZWZjYmRiODp7ImNpdGllcyI6W3siaWQiOjEsIm5hbWUiOiJPbGluZGEifSx7ImlkIjoyLCJuYW1lIjoiUmVjaWZlIn0seyJpZCI6MywibmFtZSI6IkNhbWFyYWdpYmUifSx7ImlkIjo0LCJuYW1lIjoiSmFib2F0XHUwMGUzbyBkb3MgR3VhcmFyYXBlcyJ9XX0=','2014-10-27 21:08:57'),('py7dervekkaotf4ljng1umnuq8jxlug5','MzAxM2I1ZjcyN2QwMjczMTU2MGQxOGQ5NTZmNjgyOGY0ZWZjYmRiODp7ImNpdGllcyI6W3siaWQiOjEsIm5hbWUiOiJPbGluZGEifSx7ImlkIjoyLCJuYW1lIjoiUmVjaWZlIn0seyJpZCI6MywibmFtZSI6IkNhbWFyYWdpYmUifSx7ImlkIjo0LCJuYW1lIjoiSmFib2F0XHUwMGUzbyBkb3MgR3VhcmFyYXBlcyJ9XX0=','2014-10-23 18:10:49'),('pyabcrgebl5cz7j73hemzu8p2c3iiwry','YTY4YzBiMWJkNGJhNGZkNjQ1YTY2ZjE0YTQxMTExNjVhYjkyZDExNjp7ImNpdHkiOjIsImNpdGllcyI6W3siaWQiOjEsIm5hbWUiOiJPbGluZGEifSx7ImlkIjoyLCJuYW1lIjoiUmVjaWZlIn0seyJpZCI6MywibmFtZSI6IkNhbWFyYWdpYmUifSx7ImlkIjo0LCJuYW1lIjoiSmFib2F0XHUwMGUzbyBkb3MgR3VhcmFyYXBlcyJ9XSwidHlwZW9mZmVyIjoxfQ==','2014-10-29 11:39:11'),('pyg0iquaugs1xx3diad3b01mn4bxv92x','MzAxM2I1ZjcyN2QwMjczMTU2MGQxOGQ5NTZmNjgyOGY0ZWZjYmRiODp7ImNpdGllcyI6W3siaWQiOjEsIm5hbWUiOiJPbGluZGEifSx7ImlkIjoyLCJuYW1lIjoiUmVjaWZlIn0seyJpZCI6MywibmFtZSI6IkNhbWFyYWdpYmUifSx7ImlkIjo0LCJuYW1lIjoiSmFib2F0XHUwMGUzbyBkb3MgR3VhcmFyYXBlcyJ9XX0=','2014-10-24 19:33:55'),('q25kwtl5fepuak8zx1nibe978iowpykd','MzAxM2I1ZjcyN2QwMjczMTU2MGQxOGQ5NTZmNjgyOGY0ZWZjYmRiODp7ImNpdGllcyI6W3siaWQiOjEsIm5hbWUiOiJPbGluZGEifSx7ImlkIjoyLCJuYW1lIjoiUmVjaWZlIn0seyJpZCI6MywibmFtZSI6IkNhbWFyYWdpYmUifSx7ImlkIjo0LCJuYW1lIjoiSmFib2F0XHUwMGUzbyBkb3MgR3VhcmFyYXBlcyJ9XX0=','2014-10-23 21:31:44'),('q2ph68fgllrt9s86ki5wqogsk4downeu','MzAxM2I1ZjcyN2QwMjczMTU2MGQxOGQ5NTZmNjgyOGY0ZWZjYmRiODp7ImNpdGllcyI6W3siaWQiOjEsIm5hbWUiOiJPbGluZGEifSx7ImlkIjoyLCJuYW1lIjoiUmVjaWZlIn0seyJpZCI6MywibmFtZSI6IkNhbWFyYWdpYmUifSx7ImlkIjo0LCJuYW1lIjoiSmFib2F0XHUwMGUzbyBkb3MgR3VhcmFyYXBlcyJ9XX0=','2014-10-23 21:53:02'),('q3p3all4oluajl5tlpwulrwt6oxnc2tk','MzAxM2I1ZjcyN2QwMjczMTU2MGQxOGQ5NTZmNjgyOGY0ZWZjYmRiODp7ImNpdGllcyI6W3siaWQiOjEsIm5hbWUiOiJPbGluZGEifSx7ImlkIjoyLCJuYW1lIjoiUmVjaWZlIn0seyJpZCI6MywibmFtZSI6IkNhbWFyYWdpYmUifSx7ImlkIjo0LCJuYW1lIjoiSmFib2F0XHUwMGUzbyBkb3MgR3VhcmFyYXBlcyJ9XX0=','2014-10-22 18:33:45'),('q4vv55oz2rzlho2xcv0iv4iche72zpih','NWVmODRiM2M5MGY2ZDBiN2Y0N2I3OTNiYTZiYjI2NzIwMzBlMjkwODp7fQ==','2014-10-29 15:31:54'),('q6es698v2zf7dyv7l8rwxj0lil901nhf','MzAxM2I1ZjcyN2QwMjczMTU2MGQxOGQ5NTZmNjgyOGY0ZWZjYmRiODp7ImNpdGllcyI6W3siaWQiOjEsIm5hbWUiOiJPbGluZGEifSx7ImlkIjoyLCJuYW1lIjoiUmVjaWZlIn0seyJpZCI6MywibmFtZSI6IkNhbWFyYWdpYmUifSx7ImlkIjo0LCJuYW1lIjoiSmFib2F0XHUwMGUzbyBkb3MgR3VhcmFyYXBlcyJ9XX0=','2014-10-22 20:55:34'),('q8oe3oqisp5gjub8909c8daiizrjeld7','OTlkMjVkZTcxMTJhZGVmMWU4YjgyNDk5ZjUxYzg2NDdhZDlkY2I4Mjp7Il9zZXNzaW9uX2V4cGlyeSI6MCwiX2F1dGhfdXNlcl9oYXNoIjoiYjk3NmEwNjE1YWU4MDAwMDM0MDA0NGUyYjljNzg0NjJhMTRlMDQ0MyIsIl9hdXRoX3VzZXJfYmFja2VuZCI6ImFjY291bnQuYmFja2VuZHMuQWNjb3VudHNCYWNrZW5kLkFjY291bnRzQmFja2VuZCIsIl9hdXRoX3VzZXJfaWQiOjJ9','2014-10-13 13:36:32'),('q9ar867b7xhoons751kzbzy5ehyhq7f6','MzAxM2I1ZjcyN2QwMjczMTU2MGQxOGQ5NTZmNjgyOGY0ZWZjYmRiODp7ImNpdGllcyI6W3siaWQiOjEsIm5hbWUiOiJPbGluZGEifSx7ImlkIjoyLCJuYW1lIjoiUmVjaWZlIn0seyJpZCI6MywibmFtZSI6IkNhbWFyYWdpYmUifSx7ImlkIjo0LCJuYW1lIjoiSmFib2F0XHUwMGUzbyBkb3MgR3VhcmFyYXBlcyJ9XX0=','2014-10-27 16:58:54'),('q9xr6r1499ssqdjd0tj7fluwe0y075fy','MzAxM2I1ZjcyN2QwMjczMTU2MGQxOGQ5NTZmNjgyOGY0ZWZjYmRiODp7ImNpdGllcyI6W3siaWQiOjEsIm5hbWUiOiJPbGluZGEifSx7ImlkIjoyLCJuYW1lIjoiUmVjaWZlIn0seyJpZCI6MywibmFtZSI6IkNhbWFyYWdpYmUifSx7ImlkIjo0LCJuYW1lIjoiSmFib2F0XHUwMGUzbyBkb3MgR3VhcmFyYXBlcyJ9XX0=','2014-10-22 21:11:45'),('qb0wa9rc4ex9w4ame7jec5wy2ol9thss','MzAxM2I1ZjcyN2QwMjczMTU2MGQxOGQ5NTZmNjgyOGY0ZWZjYmRiODp7ImNpdGllcyI6W3siaWQiOjEsIm5hbWUiOiJPbGluZGEifSx7ImlkIjoyLCJuYW1lIjoiUmVjaWZlIn0seyJpZCI6MywibmFtZSI6IkNhbWFyYWdpYmUifSx7ImlkIjo0LCJuYW1lIjoiSmFib2F0XHUwMGUzbyBkb3MgR3VhcmFyYXBlcyJ9XX0=','2014-10-24 20:29:12'),('qbhmqqcx4temljc3nqoa40u6j5xcntv4','MzAxM2I1ZjcyN2QwMjczMTU2MGQxOGQ5NTZmNjgyOGY0ZWZjYmRiODp7ImNpdGllcyI6W3siaWQiOjEsIm5hbWUiOiJPbGluZGEifSx7ImlkIjoyLCJuYW1lIjoiUmVjaWZlIn0seyJpZCI6MywibmFtZSI6IkNhbWFyYWdpYmUifSx7ImlkIjo0LCJuYW1lIjoiSmFib2F0XHUwMGUzbyBkb3MgR3VhcmFyYXBlcyJ9XX0=','2014-10-22 18:22:21'),('qct3o37kupc56wu205xc7h1ds7lfnymn','MzAxM2I1ZjcyN2QwMjczMTU2MGQxOGQ5NTZmNjgyOGY0ZWZjYmRiODp7ImNpdGllcyI6W3siaWQiOjEsIm5hbWUiOiJPbGluZGEifSx7ImlkIjoyLCJuYW1lIjoiUmVjaWZlIn0seyJpZCI6MywibmFtZSI6IkNhbWFyYWdpYmUifSx7ImlkIjo0LCJuYW1lIjoiSmFib2F0XHUwMGUzbyBkb3MgR3VhcmFyYXBlcyJ9XX0=','2014-10-22 17:58:02'),('qdu2rtmofcejf2fb42l60lnbvaikmhtb','MzAxM2I1ZjcyN2QwMjczMTU2MGQxOGQ5NTZmNjgyOGY0ZWZjYmRiODp7ImNpdGllcyI6W3siaWQiOjEsIm5hbWUiOiJPbGluZGEifSx7ImlkIjoyLCJuYW1lIjoiUmVjaWZlIn0seyJpZCI6MywibmFtZSI6IkNhbWFyYWdpYmUifSx7ImlkIjo0LCJuYW1lIjoiSmFib2F0XHUwMGUzbyBkb3MgR3VhcmFyYXBlcyJ9XX0=','2014-10-27 16:37:41'),('qe6x0xef95fgx9f2f238ztle4v6u9ajs','YTY4YzBiMWJkNGJhNGZkNjQ1YTY2ZjE0YTQxMTExNjVhYjkyZDExNjp7ImNpdHkiOjIsImNpdGllcyI6W3siaWQiOjEsIm5hbWUiOiJPbGluZGEifSx7ImlkIjoyLCJuYW1lIjoiUmVjaWZlIn0seyJpZCI6MywibmFtZSI6IkNhbWFyYWdpYmUifSx7ImlkIjo0LCJuYW1lIjoiSmFib2F0XHUwMGUzbyBkb3MgR3VhcmFyYXBlcyJ9XSwidHlwZW9mZmVyIjoxfQ==','2014-10-28 16:24:16'),('qfzejvbpyno2qwknphyeqcusyk969aoh','MzAxM2I1ZjcyN2QwMjczMTU2MGQxOGQ5NTZmNjgyOGY0ZWZjYmRiODp7ImNpdGllcyI6W3siaWQiOjEsIm5hbWUiOiJPbGluZGEifSx7ImlkIjoyLCJuYW1lIjoiUmVjaWZlIn0seyJpZCI6MywibmFtZSI6IkNhbWFyYWdpYmUifSx7ImlkIjo0LCJuYW1lIjoiSmFib2F0XHUwMGUzbyBkb3MgR3VhcmFyYXBlcyJ9XX0=','2014-10-23 18:06:42'),('qg5q6qdffoedpaq69776z5d6reqvcsb3','YTY4YzBiMWJkNGJhNGZkNjQ1YTY2ZjE0YTQxMTExNjVhYjkyZDExNjp7ImNpdHkiOjIsImNpdGllcyI6W3siaWQiOjEsIm5hbWUiOiJPbGluZGEifSx7ImlkIjoyLCJuYW1lIjoiUmVjaWZlIn0seyJpZCI6MywibmFtZSI6IkNhbWFyYWdpYmUifSx7ImlkIjo0LCJuYW1lIjoiSmFib2F0XHUwMGUzbyBkb3MgR3VhcmFyYXBlcyJ9XSwidHlwZW9mZmVyIjoxfQ==','2014-11-06 11:35:57'),('qgsx6i4bbu8stugzfv3ng8tvrgb4at0r','MzAxM2I1ZjcyN2QwMjczMTU2MGQxOGQ5NTZmNjgyOGY0ZWZjYmRiODp7ImNpdGllcyI6W3siaWQiOjEsIm5hbWUiOiJPbGluZGEifSx7ImlkIjoyLCJuYW1lIjoiUmVjaWZlIn0seyJpZCI6MywibmFtZSI6IkNhbWFyYWdpYmUifSx7ImlkIjo0LCJuYW1lIjoiSmFib2F0XHUwMGUzbyBkb3MgR3VhcmFyYXBlcyJ9XX0=','2014-10-24 19:39:08'),('qid5chjjhi8h5yav9swc8wym8xwv31zi','NWVmODRiM2M5MGY2ZDBiN2Y0N2I3OTNiYTZiYjI2NzIwMzBlMjkwODp7fQ==','2014-11-10 18:34:30'),('qk2uckq46d78v0ixlxq5ezxl3law5x45','MzAxM2I1ZjcyN2QwMjczMTU2MGQxOGQ5NTZmNjgyOGY0ZWZjYmRiODp7ImNpdGllcyI6W3siaWQiOjEsIm5hbWUiOiJPbGluZGEifSx7ImlkIjoyLCJuYW1lIjoiUmVjaWZlIn0seyJpZCI6MywibmFtZSI6IkNhbWFyYWdpYmUifSx7ImlkIjo0LCJuYW1lIjoiSmFib2F0XHUwMGUzbyBkb3MgR3VhcmFyYXBlcyJ9XX0=','2014-10-23 20:59:20'),('qkfwac23dmctc66axdr2ap9lsw5adza3','MzAxM2I1ZjcyN2QwMjczMTU2MGQxOGQ5NTZmNjgyOGY0ZWZjYmRiODp7ImNpdGllcyI6W3siaWQiOjEsIm5hbWUiOiJPbGluZGEifSx7ImlkIjoyLCJuYW1lIjoiUmVjaWZlIn0seyJpZCI6MywibmFtZSI6IkNhbWFyYWdpYmUifSx7ImlkIjo0LCJuYW1lIjoiSmFib2F0XHUwMGUzbyBkb3MgR3VhcmFyYXBlcyJ9XX0=','2014-10-24 19:27:48'),('qkg9agjvlkmvxuzbm1dvvjv379ndet3g','MzAxM2I1ZjcyN2QwMjczMTU2MGQxOGQ5NTZmNjgyOGY0ZWZjYmRiODp7ImNpdGllcyI6W3siaWQiOjEsIm5hbWUiOiJPbGluZGEifSx7ImlkIjoyLCJuYW1lIjoiUmVjaWZlIn0seyJpZCI6MywibmFtZSI6IkNhbWFyYWdpYmUifSx7ImlkIjo0LCJuYW1lIjoiSmFib2F0XHUwMGUzbyBkb3MgR3VhcmFyYXBlcyJ9XX0=','2014-10-24 20:32:44'),('qmxymfpij61c45b8ackygtcwijejezg3','MzAxM2I1ZjcyN2QwMjczMTU2MGQxOGQ5NTZmNjgyOGY0ZWZjYmRiODp7ImNpdGllcyI6W3siaWQiOjEsIm5hbWUiOiJPbGluZGEifSx7ImlkIjoyLCJuYW1lIjoiUmVjaWZlIn0seyJpZCI6MywibmFtZSI6IkNhbWFyYWdpYmUifSx7ImlkIjo0LCJuYW1lIjoiSmFib2F0XHUwMGUzbyBkb3MgR3VhcmFyYXBlcyJ9XX0=','2014-10-24 19:43:54'),('qovti92ici54j66hqy06wo7engzoy6jn','MzAxM2I1ZjcyN2QwMjczMTU2MGQxOGQ5NTZmNjgyOGY0ZWZjYmRiODp7ImNpdGllcyI6W3siaWQiOjEsIm5hbWUiOiJPbGluZGEifSx7ImlkIjoyLCJuYW1lIjoiUmVjaWZlIn0seyJpZCI6MywibmFtZSI6IkNhbWFyYWdpYmUifSx7ImlkIjo0LCJuYW1lIjoiSmFib2F0XHUwMGUzbyBkb3MgR3VhcmFyYXBlcyJ9XX0=','2014-10-22 17:54:16'),('qpbrwkmnbunr5w4hn0vyj83eueh4653w','MzAxM2I1ZjcyN2QwMjczMTU2MGQxOGQ5NTZmNjgyOGY0ZWZjYmRiODp7ImNpdGllcyI6W3siaWQiOjEsIm5hbWUiOiJPbGluZGEifSx7ImlkIjoyLCJuYW1lIjoiUmVjaWZlIn0seyJpZCI6MywibmFtZSI6IkNhbWFyYWdpYmUifSx7ImlkIjo0LCJuYW1lIjoiSmFib2F0XHUwMGUzbyBkb3MgR3VhcmFyYXBlcyJ9XX0=','2014-10-24 20:36:20'),('qqb9swawymrxc9bjh8sp22b1inxv8ygw','MzAxM2I1ZjcyN2QwMjczMTU2MGQxOGQ5NTZmNjgyOGY0ZWZjYmRiODp7ImNpdGllcyI6W3siaWQiOjEsIm5hbWUiOiJPbGluZGEifSx7ImlkIjoyLCJuYW1lIjoiUmVjaWZlIn0seyJpZCI6MywibmFtZSI6IkNhbWFyYWdpYmUifSx7ImlkIjo0LCJuYW1lIjoiSmFib2F0XHUwMGUzbyBkb3MgR3VhcmFyYXBlcyJ9XX0=','2014-10-27 21:07:42'),('qsp7jxg9polfj7jfbsm1vytsg4jgd9mg','MzAxM2I1ZjcyN2QwMjczMTU2MGQxOGQ5NTZmNjgyOGY0ZWZjYmRiODp7ImNpdGllcyI6W3siaWQiOjEsIm5hbWUiOiJPbGluZGEifSx7ImlkIjoyLCJuYW1lIjoiUmVjaWZlIn0seyJpZCI6MywibmFtZSI6IkNhbWFyYWdpYmUifSx7ImlkIjo0LCJuYW1lIjoiSmFib2F0XHUwMGUzbyBkb3MgR3VhcmFyYXBlcyJ9XX0=','2014-10-27 17:03:14'),('qstfqxdh3zxgqtiefwayhf59clbbof1a','MzAxM2I1ZjcyN2QwMjczMTU2MGQxOGQ5NTZmNjgyOGY0ZWZjYmRiODp7ImNpdGllcyI6W3siaWQiOjEsIm5hbWUiOiJPbGluZGEifSx7ImlkIjoyLCJuYW1lIjoiUmVjaWZlIn0seyJpZCI6MywibmFtZSI6IkNhbWFyYWdpYmUifSx7ImlkIjo0LCJuYW1lIjoiSmFib2F0XHUwMGUzbyBkb3MgR3VhcmFyYXBlcyJ9XX0=','2014-10-23 20:31:46'),('qw8bxl4u05sb8ebc4fbvhbwsj85lw3qn','MzAxM2I1ZjcyN2QwMjczMTU2MGQxOGQ5NTZmNjgyOGY0ZWZjYmRiODp7ImNpdGllcyI6W3siaWQiOjEsIm5hbWUiOiJPbGluZGEifSx7ImlkIjoyLCJuYW1lIjoiUmVjaWZlIn0seyJpZCI6MywibmFtZSI6IkNhbWFyYWdpYmUifSx7ImlkIjo0LCJuYW1lIjoiSmFib2F0XHUwMGUzbyBkb3MgR3VhcmFyYXBlcyJ9XX0=','2014-10-23 21:53:42'),('qznrcxhmejhcpyxgu7oni3otie3u51sd','MzAxM2I1ZjcyN2QwMjczMTU2MGQxOGQ5NTZmNjgyOGY0ZWZjYmRiODp7ImNpdGllcyI6W3siaWQiOjEsIm5hbWUiOiJPbGluZGEifSx7ImlkIjoyLCJuYW1lIjoiUmVjaWZlIn0seyJpZCI6MywibmFtZSI6IkNhbWFyYWdpYmUifSx7ImlkIjo0LCJuYW1lIjoiSmFib2F0XHUwMGUzbyBkb3MgR3VhcmFyYXBlcyJ9XX0=','2014-10-24 19:38:49'),('r1wockz9n7g4rhcu6qc33th4uzc0v49m','MzAxM2I1ZjcyN2QwMjczMTU2MGQxOGQ5NTZmNjgyOGY0ZWZjYmRiODp7ImNpdGllcyI6W3siaWQiOjEsIm5hbWUiOiJPbGluZGEifSx7ImlkIjoyLCJuYW1lIjoiUmVjaWZlIn0seyJpZCI6MywibmFtZSI6IkNhbWFyYWdpYmUifSx7ImlkIjo0LCJuYW1lIjoiSmFib2F0XHUwMGUzbyBkb3MgR3VhcmFyYXBlcyJ9XX0=','2014-10-28 16:18:16'),('r4cw7a97e4l2r8o9vai6puozj0r1sdc1','NWVmODRiM2M5MGY2ZDBiN2Y0N2I3OTNiYTZiYjI2NzIwMzBlMjkwODp7fQ==','2014-10-29 15:31:27'),('r4thx9tyfpzixhclijmfusyj829nb5uj','MzAxM2I1ZjcyN2QwMjczMTU2MGQxOGQ5NTZmNjgyOGY0ZWZjYmRiODp7ImNpdGllcyI6W3siaWQiOjEsIm5hbWUiOiJPbGluZGEifSx7ImlkIjoyLCJuYW1lIjoiUmVjaWZlIn0seyJpZCI6MywibmFtZSI6IkNhbWFyYWdpYmUifSx7ImlkIjo0LCJuYW1lIjoiSmFib2F0XHUwMGUzbyBkb3MgR3VhcmFyYXBlcyJ9XX0=','2014-10-22 18:01:56'),('r50gyqddhe9g9d25642wibrqo5sbfhs3','YTY4YzBiMWJkNGJhNGZkNjQ1YTY2ZjE0YTQxMTExNjVhYjkyZDExNjp7ImNpdHkiOjIsImNpdGllcyI6W3siaWQiOjEsIm5hbWUiOiJPbGluZGEifSx7ImlkIjoyLCJuYW1lIjoiUmVjaWZlIn0seyJpZCI6MywibmFtZSI6IkNhbWFyYWdpYmUifSx7ImlkIjo0LCJuYW1lIjoiSmFib2F0XHUwMGUzbyBkb3MgR3VhcmFyYXBlcyJ9XSwidHlwZW9mZmVyIjoxfQ==','2014-10-29 11:30:34'),('r53wg8tqbqpm43pgbcy1aiwgws3kmcn0','MzAxM2I1ZjcyN2QwMjczMTU2MGQxOGQ5NTZmNjgyOGY0ZWZjYmRiODp7ImNpdGllcyI6W3siaWQiOjEsIm5hbWUiOiJPbGluZGEifSx7ImlkIjoyLCJuYW1lIjoiUmVjaWZlIn0seyJpZCI6MywibmFtZSI6IkNhbWFyYWdpYmUifSx7ImlkIjo0LCJuYW1lIjoiSmFib2F0XHUwMGUzbyBkb3MgR3VhcmFyYXBlcyJ9XX0=','2014-10-28 16:18:17'),('r6daixsn7slqp4dp81ghen9k8ktuvimb','MzAxM2I1ZjcyN2QwMjczMTU2MGQxOGQ5NTZmNjgyOGY0ZWZjYmRiODp7ImNpdGllcyI6W3siaWQiOjEsIm5hbWUiOiJPbGluZGEifSx7ImlkIjoyLCJuYW1lIjoiUmVjaWZlIn0seyJpZCI6MywibmFtZSI6IkNhbWFyYWdpYmUifSx7ImlkIjo0LCJuYW1lIjoiSmFib2F0XHUwMGUzbyBkb3MgR3VhcmFyYXBlcyJ9XX0=','2014-10-27 20:38:06'),('r6wc1dn4vk9mlq6vbvjwxpancjmny9se','YTY4YzBiMWJkNGJhNGZkNjQ1YTY2ZjE0YTQxMTExNjVhYjkyZDExNjp7ImNpdHkiOjIsImNpdGllcyI6W3siaWQiOjEsIm5hbWUiOiJPbGluZGEifSx7ImlkIjoyLCJuYW1lIjoiUmVjaWZlIn0seyJpZCI6MywibmFtZSI6IkNhbWFyYWdpYmUifSx7ImlkIjo0LCJuYW1lIjoiSmFib2F0XHUwMGUzbyBkb3MgR3VhcmFyYXBlcyJ9XSwidHlwZW9mZmVyIjoxfQ==','2014-10-29 11:29:37'),('r7e3x7hk8h4uzxv9j3fbegmdfdu9n47f','MzAxM2I1ZjcyN2QwMjczMTU2MGQxOGQ5NTZmNjgyOGY0ZWZjYmRiODp7ImNpdGllcyI6W3siaWQiOjEsIm5hbWUiOiJPbGluZGEifSx7ImlkIjoyLCJuYW1lIjoiUmVjaWZlIn0seyJpZCI6MywibmFtZSI6IkNhbWFyYWdpYmUifSx7ImlkIjo0LCJuYW1lIjoiSmFib2F0XHUwMGUzbyBkb3MgR3VhcmFyYXBlcyJ9XX0=','2014-10-27 20:38:40'),('r8kpcohb7jcfo5rijuakvnl8i625yinh','MzAxM2I1ZjcyN2QwMjczMTU2MGQxOGQ5NTZmNjgyOGY0ZWZjYmRiODp7ImNpdGllcyI6W3siaWQiOjEsIm5hbWUiOiJPbGluZGEifSx7ImlkIjoyLCJuYW1lIjoiUmVjaWZlIn0seyJpZCI6MywibmFtZSI6IkNhbWFyYWdpYmUifSx7ImlkIjo0LCJuYW1lIjoiSmFib2F0XHUwMGUzbyBkb3MgR3VhcmFyYXBlcyJ9XX0=','2014-10-24 20:15:09'),('r98kjknl0spu84n27tjna2hbtkhw8xm7','MzAxM2I1ZjcyN2QwMjczMTU2MGQxOGQ5NTZmNjgyOGY0ZWZjYmRiODp7ImNpdGllcyI6W3siaWQiOjEsIm5hbWUiOiJPbGluZGEifSx7ImlkIjoyLCJuYW1lIjoiUmVjaWZlIn0seyJpZCI6MywibmFtZSI6IkNhbWFyYWdpYmUifSx7ImlkIjo0LCJuYW1lIjoiSmFib2F0XHUwMGUzbyBkb3MgR3VhcmFyYXBlcyJ9XX0=','2014-10-27 20:29:40'),('rb02ex9sj38bh8o9yhqpmjltvc67puc4','MzAxM2I1ZjcyN2QwMjczMTU2MGQxOGQ5NTZmNjgyOGY0ZWZjYmRiODp7ImNpdGllcyI6W3siaWQiOjEsIm5hbWUiOiJPbGluZGEifSx7ImlkIjoyLCJuYW1lIjoiUmVjaWZlIn0seyJpZCI6MywibmFtZSI6IkNhbWFyYWdpYmUifSx7ImlkIjo0LCJuYW1lIjoiSmFib2F0XHUwMGUzbyBkb3MgR3VhcmFyYXBlcyJ9XX0=','2014-10-28 16:17:14'),('rbbwi3lqkbsa86u08vqx5tswu1e818un','MzAxM2I1ZjcyN2QwMjczMTU2MGQxOGQ5NTZmNjgyOGY0ZWZjYmRiODp7ImNpdGllcyI6W3siaWQiOjEsIm5hbWUiOiJPbGluZGEifSx7ImlkIjoyLCJuYW1lIjoiUmVjaWZlIn0seyJpZCI6MywibmFtZSI6IkNhbWFyYWdpYmUifSx7ImlkIjo0LCJuYW1lIjoiSmFib2F0XHUwMGUzbyBkb3MgR3VhcmFyYXBlcyJ9XX0=','2014-10-24 19:43:26'),('rbig2zfhuoeaitd6k5h8g81cxidoc13p','YzAzMzhmMzcxMTk5ZDlhYmNiMDQ0MmJlMWY3NjdmMzliZDhhY2Y0MTp7ImNpdHkiOjIsIl9hdXRoX3VzZXJfaGFzaCI6ImMxYTg1OTFmMTFlYzc0NjJkZTFhNDBmMzc2NjA3NTY4ODIyOGE0ZmMiLCJfYXV0aF91c2VyX2lkIjoxLCJfYXV0aF91c2VyX2JhY2tlbmQiOiJkamFuZ28uY29udHJpYi5hdXRoLmJhY2tlbmRzLk1vZGVsQmFja2VuZCIsInR5cGVvZmZlciI6MSwiY2l0aWVzIjpbeyJpZCI6MSwibmFtZSI6Ik9saW5kYSJ9LHsiaWQiOjIsIm5hbWUiOiJSZWNpZmUifSx7ImlkIjozLCJuYW1lIjoiQ2FtYXJhZ2liZSJ9LHsiaWQiOjQsIm5hbWUiOiJKYWJvYXRcdTAwZTNvIGRvcyBHdWFyYXJhcGVzIn1dfQ==','2014-11-13 17:35:10'),('rccb36exivpg4m6qea08x51ek3yw0i2o','YTY4YzBiMWJkNGJhNGZkNjQ1YTY2ZjE0YTQxMTExNjVhYjkyZDExNjp7ImNpdHkiOjIsImNpdGllcyI6W3siaWQiOjEsIm5hbWUiOiJPbGluZGEifSx7ImlkIjoyLCJuYW1lIjoiUmVjaWZlIn0seyJpZCI6MywibmFtZSI6IkNhbWFyYWdpYmUifSx7ImlkIjo0LCJuYW1lIjoiSmFib2F0XHUwMGUzbyBkb3MgR3VhcmFyYXBlcyJ9XSwidHlwZW9mZmVyIjoxfQ==','2014-10-29 11:30:54'),('rd7blbni92gxbppzvu431qep4t66o89u','MzAxM2I1ZjcyN2QwMjczMTU2MGQxOGQ5NTZmNjgyOGY0ZWZjYmRiODp7ImNpdGllcyI6W3siaWQiOjEsIm5hbWUiOiJPbGluZGEifSx7ImlkIjoyLCJuYW1lIjoiUmVjaWZlIn0seyJpZCI6MywibmFtZSI6IkNhbWFyYWdpYmUifSx7ImlkIjo0LCJuYW1lIjoiSmFib2F0XHUwMGUzbyBkb3MgR3VhcmFyYXBlcyJ9XX0=','2014-10-23 21:17:25'),('rdjm401a6r06p0dht6xr5ubpsw6m85v7','MzAxM2I1ZjcyN2QwMjczMTU2MGQxOGQ5NTZmNjgyOGY0ZWZjYmRiODp7ImNpdGllcyI6W3siaWQiOjEsIm5hbWUiOiJPbGluZGEifSx7ImlkIjoyLCJuYW1lIjoiUmVjaWZlIn0seyJpZCI6MywibmFtZSI6IkNhbWFyYWdpYmUifSx7ImlkIjo0LCJuYW1lIjoiSmFib2F0XHUwMGUzbyBkb3MgR3VhcmFyYXBlcyJ9XX0=','2014-10-22 18:52:24'),('rh1t7youpe27q4lzpdtl0vszektmjcy5','MzAxM2I1ZjcyN2QwMjczMTU2MGQxOGQ5NTZmNjgyOGY0ZWZjYmRiODp7ImNpdGllcyI6W3siaWQiOjEsIm5hbWUiOiJPbGluZGEifSx7ImlkIjoyLCJuYW1lIjoiUmVjaWZlIn0seyJpZCI6MywibmFtZSI6IkNhbWFyYWdpYmUifSx7ImlkIjo0LCJuYW1lIjoiSmFib2F0XHUwMGUzbyBkb3MgR3VhcmFyYXBlcyJ9XX0=','2014-10-24 19:44:23'),('rhbzshjkm0sdq2n11mtoo03dpbqasgd2','MzAxM2I1ZjcyN2QwMjczMTU2MGQxOGQ5NTZmNjgyOGY0ZWZjYmRiODp7ImNpdGllcyI6W3siaWQiOjEsIm5hbWUiOiJPbGluZGEifSx7ImlkIjoyLCJuYW1lIjoiUmVjaWZlIn0seyJpZCI6MywibmFtZSI6IkNhbWFyYWdpYmUifSx7ImlkIjo0LCJuYW1lIjoiSmFib2F0XHUwMGUzbyBkb3MgR3VhcmFyYXBlcyJ9XX0=','2014-10-23 21:53:42'),('rhefvwyqk568k0g2rup13lhc5nsfqrw7','MzAxM2I1ZjcyN2QwMjczMTU2MGQxOGQ5NTZmNjgyOGY0ZWZjYmRiODp7ImNpdGllcyI6W3siaWQiOjEsIm5hbWUiOiJPbGluZGEifSx7ImlkIjoyLCJuYW1lIjoiUmVjaWZlIn0seyJpZCI6MywibmFtZSI6IkNhbWFyYWdpYmUifSx7ImlkIjo0LCJuYW1lIjoiSmFib2F0XHUwMGUzbyBkb3MgR3VhcmFyYXBlcyJ9XX0=','2014-10-28 16:18:28'),('rhg7b3v4kz924hnhwcdpma1h8k4pb973','YTY4YzBiMWJkNGJhNGZkNjQ1YTY2ZjE0YTQxMTExNjVhYjkyZDExNjp7ImNpdHkiOjIsImNpdGllcyI6W3siaWQiOjEsIm5hbWUiOiJPbGluZGEifSx7ImlkIjoyLCJuYW1lIjoiUmVjaWZlIn0seyJpZCI6MywibmFtZSI6IkNhbWFyYWdpYmUifSx7ImlkIjo0LCJuYW1lIjoiSmFib2F0XHUwMGUzbyBkb3MgR3VhcmFyYXBlcyJ9XSwidHlwZW9mZmVyIjoxfQ==','2014-10-29 11:30:44'),('rk727hts1v5gp13186dmafrdc1e0pcbz','MzAxM2I1ZjcyN2QwMjczMTU2MGQxOGQ5NTZmNjgyOGY0ZWZjYmRiODp7ImNpdGllcyI6W3siaWQiOjEsIm5hbWUiOiJPbGluZGEifSx7ImlkIjoyLCJuYW1lIjoiUmVjaWZlIn0seyJpZCI6MywibmFtZSI6IkNhbWFyYWdpYmUifSx7ImlkIjo0LCJuYW1lIjoiSmFib2F0XHUwMGUzbyBkb3MgR3VhcmFyYXBlcyJ9XX0=','2014-10-22 15:40:08'),('rklwiovrn8gljgrlso9a96moo1n6q918','YTY4YzBiMWJkNGJhNGZkNjQ1YTY2ZjE0YTQxMTExNjVhYjkyZDExNjp7ImNpdHkiOjIsImNpdGllcyI6W3siaWQiOjEsIm5hbWUiOiJPbGluZGEifSx7ImlkIjoyLCJuYW1lIjoiUmVjaWZlIn0seyJpZCI6MywibmFtZSI6IkNhbWFyYWdpYmUifSx7ImlkIjo0LCJuYW1lIjoiSmFib2F0XHUwMGUzbyBkb3MgR3VhcmFyYXBlcyJ9XSwidHlwZW9mZmVyIjoxfQ==','2014-10-29 10:48:54'),('rlattzoyh47z3q1d39fbd699de95a5y7','MzAxM2I1ZjcyN2QwMjczMTU2MGQxOGQ5NTZmNjgyOGY0ZWZjYmRiODp7ImNpdGllcyI6W3siaWQiOjEsIm5hbWUiOiJPbGluZGEifSx7ImlkIjoyLCJuYW1lIjoiUmVjaWZlIn0seyJpZCI6MywibmFtZSI6IkNhbWFyYWdpYmUifSx7ImlkIjo0LCJuYW1lIjoiSmFib2F0XHUwMGUzbyBkb3MgR3VhcmFyYXBlcyJ9XX0=','2014-10-27 17:00:41'),('rmo3j8kgxa7dxgltrlg5q0voyjwh3asg','NTEwMjllZWExZDc2MTQ0ODEzNzQ1OWNkZDE5YmQyMmY1NWM5YjlhZDp7Il9hdXRoX3VzZXJfYmFja2VuZCI6ImFjY291bnQuYmFja2VuZHMuRW1haWxCYWNrZW5kLkVtYWlsQmFja2VuZCIsIl9hdXRoX3VzZXJfaGFzaCI6ImY3YzJkYTI3MTNkYmVlMzAzODM4NTIwZmE4YzQ5NmM3ZjkxZTQ4MGEiLCJpbnZpdGUiOiJNVFpBUUdNM05HUTVOMkl3TVdVPSIsIl9hdXRoX3VzZXJfaWQiOjl9','2014-10-15 15:24:53'),('rtdhul3hilfifaixj9dqytwy8iswetgo','YTY4YzBiMWJkNGJhNGZkNjQ1YTY2ZjE0YTQxMTExNjVhYjkyZDExNjp7ImNpdHkiOjIsImNpdGllcyI6W3siaWQiOjEsIm5hbWUiOiJPbGluZGEifSx7ImlkIjoyLCJuYW1lIjoiUmVjaWZlIn0seyJpZCI6MywibmFtZSI6IkNhbWFyYWdpYmUifSx7ImlkIjo0LCJuYW1lIjoiSmFib2F0XHUwMGUzbyBkb3MgR3VhcmFyYXBlcyJ9XSwidHlwZW9mZmVyIjoxfQ==','2014-10-28 16:24:16'),('rufydg2ys9fkit1sjqug4tnk0iiotdm9','MzAxM2I1ZjcyN2QwMjczMTU2MGQxOGQ5NTZmNjgyOGY0ZWZjYmRiODp7ImNpdGllcyI6W3siaWQiOjEsIm5hbWUiOiJPbGluZGEifSx7ImlkIjoyLCJuYW1lIjoiUmVjaWZlIn0seyJpZCI6MywibmFtZSI6IkNhbWFyYWdpYmUifSx7ImlkIjo0LCJuYW1lIjoiSmFib2F0XHUwMGUzbyBkb3MgR3VhcmFyYXBlcyJ9XX0=','2014-10-24 20:19:18'),('rwqagzb1bu399sk9tmmqmx21659x1chz','MzAxM2I1ZjcyN2QwMjczMTU2MGQxOGQ5NTZmNjgyOGY0ZWZjYmRiODp7ImNpdGllcyI6W3siaWQiOjEsIm5hbWUiOiJPbGluZGEifSx7ImlkIjoyLCJuYW1lIjoiUmVjaWZlIn0seyJpZCI6MywibmFtZSI6IkNhbWFyYWdpYmUifSx7ImlkIjo0LCJuYW1lIjoiSmFib2F0XHUwMGUzbyBkb3MgR3VhcmFyYXBlcyJ9XX0=','2014-10-24 19:34:48'),('ryjp4qyfeiwymgkat2qj8z5nco9gkzig','MzAxM2I1ZjcyN2QwMjczMTU2MGQxOGQ5NTZmNjgyOGY0ZWZjYmRiODp7ImNpdGllcyI6W3siaWQiOjEsIm5hbWUiOiJPbGluZGEifSx7ImlkIjoyLCJuYW1lIjoiUmVjaWZlIn0seyJpZCI6MywibmFtZSI6IkNhbWFyYWdpYmUifSx7ImlkIjo0LCJuYW1lIjoiSmFib2F0XHUwMGUzbyBkb3MgR3VhcmFyYXBlcyJ9XX0=','2014-10-23 20:33:01'),('rz1dvns9xkyvrb3dggpzq3bhgyljzjor','MzAxM2I1ZjcyN2QwMjczMTU2MGQxOGQ5NTZmNjgyOGY0ZWZjYmRiODp7ImNpdGllcyI6W3siaWQiOjEsIm5hbWUiOiJPbGluZGEifSx7ImlkIjoyLCJuYW1lIjoiUmVjaWZlIn0seyJpZCI6MywibmFtZSI6IkNhbWFyYWdpYmUifSx7ImlkIjo0LCJuYW1lIjoiSmFib2F0XHUwMGUzbyBkb3MgR3VhcmFyYXBlcyJ9XX0=','2014-10-23 17:59:58'),('s0m55yol3yecrvlvfrlim98o71dgs3ca','YTY4YzBiMWJkNGJhNGZkNjQ1YTY2ZjE0YTQxMTExNjVhYjkyZDExNjp7ImNpdHkiOjIsImNpdGllcyI6W3siaWQiOjEsIm5hbWUiOiJPbGluZGEifSx7ImlkIjoyLCJuYW1lIjoiUmVjaWZlIn0seyJpZCI6MywibmFtZSI6IkNhbWFyYWdpYmUifSx7ImlkIjo0LCJuYW1lIjoiSmFib2F0XHUwMGUzbyBkb3MgR3VhcmFyYXBlcyJ9XSwidHlwZW9mZmVyIjoxfQ==','2014-10-29 11:13:44'),('s0m8ygp5tw2zftalxjqg0c3c4g15ppam','MzAxM2I1ZjcyN2QwMjczMTU2MGQxOGQ5NTZmNjgyOGY0ZWZjYmRiODp7ImNpdGllcyI6W3siaWQiOjEsIm5hbWUiOiJPbGluZGEifSx7ImlkIjoyLCJuYW1lIjoiUmVjaWZlIn0seyJpZCI6MywibmFtZSI6IkNhbWFyYWdpYmUifSx7ImlkIjo0LCJuYW1lIjoiSmFib2F0XHUwMGUzbyBkb3MgR3VhcmFyYXBlcyJ9XX0=','2014-10-23 17:57:40'),('s0q6kemr7kfgift7gn2ghgjbx7lkkam7','MzAxM2I1ZjcyN2QwMjczMTU2MGQxOGQ5NTZmNjgyOGY0ZWZjYmRiODp7ImNpdGllcyI6W3siaWQiOjEsIm5hbWUiOiJPbGluZGEifSx7ImlkIjoyLCJuYW1lIjoiUmVjaWZlIn0seyJpZCI6MywibmFtZSI6IkNhbWFyYWdpYmUifSx7ImlkIjo0LCJuYW1lIjoiSmFib2F0XHUwMGUzbyBkb3MgR3VhcmFyYXBlcyJ9XX0=','2014-10-24 20:29:04'),('s12fpe8z0ooq6bq4dg91g9b8kzonb64g','MzAxM2I1ZjcyN2QwMjczMTU2MGQxOGQ5NTZmNjgyOGY0ZWZjYmRiODp7ImNpdGllcyI6W3siaWQiOjEsIm5hbWUiOiJPbGluZGEifSx7ImlkIjoyLCJuYW1lIjoiUmVjaWZlIn0seyJpZCI6MywibmFtZSI6IkNhbWFyYWdpYmUifSx7ImlkIjo0LCJuYW1lIjoiSmFib2F0XHUwMGUzbyBkb3MgR3VhcmFyYXBlcyJ9XX0=','2014-10-24 20:29:26'),('s1td86lvxtyj1jtryum41ct7ew10shx7','OWMwNGI3Y2NlN2ExNjVjZGY1ZjkwNDE1ZDUxN2EwODY1ZTVkNTI0Mzp7ImNpdHkiOjIsIl9hdXRoX3VzZXJfaGFzaCI6IjUxYjY5ZGVhOTA3NmQ5MjIxNDMyOWZjNjc4ZmRjYjkzZTU0MDVjY2QiLCJfYXV0aF91c2VyX2lkIjoyLCJfYXV0aF91c2VyX2JhY2tlbmQiOiJhY2NvdW50LmJhY2tlbmRzLkFjY291bnRzQmFja2VuZC5BY2NvdW50c0JhY2tlbmQiLCJ0eXBlb2ZmZXIiOjEsIl9zZXNzaW9uX2V4cGlyeSI6MCwiY2l0aWVzIjpbeyJpZCI6MSwibmFtZSI6Ik9saW5kYSJ9LHsiaWQiOjIsIm5hbWUiOiJSZWNpZmUifSx7ImlkIjozLCJuYW1lIjoiQ2FtYXJhZ2liZSJ9LHsiaWQiOjQsIm5hbWUiOiJKYWJvYXRcdTAwZTNvIGRvcyBHdWFyYXJhcGVzIn1dfQ==','2014-11-10 18:00:20'),('s1wmma194bn57ohubterkf9gzqk69ibt','MzAxM2I1ZjcyN2QwMjczMTU2MGQxOGQ5NTZmNjgyOGY0ZWZjYmRiODp7ImNpdGllcyI6W3siaWQiOjEsIm5hbWUiOiJPbGluZGEifSx7ImlkIjoyLCJuYW1lIjoiUmVjaWZlIn0seyJpZCI6MywibmFtZSI6IkNhbWFyYWdpYmUifSx7ImlkIjo0LCJuYW1lIjoiSmFib2F0XHUwMGUzbyBkb3MgR3VhcmFyYXBlcyJ9XX0=','2014-10-24 20:29:17'),('s1z5nteyhfudxh8l2hmhec21267jjywx','MzAxM2I1ZjcyN2QwMjczMTU2MGQxOGQ5NTZmNjgyOGY0ZWZjYmRiODp7ImNpdGllcyI6W3siaWQiOjEsIm5hbWUiOiJPbGluZGEifSx7ImlkIjoyLCJuYW1lIjoiUmVjaWZlIn0seyJpZCI6MywibmFtZSI6IkNhbWFyYWdpYmUifSx7ImlkIjo0LCJuYW1lIjoiSmFib2F0XHUwMGUzbyBkb3MgR3VhcmFyYXBlcyJ9XX0=','2014-10-24 19:39:22'),('s2ac7o4c1a6earbm44lxowygz5gw3zd3','MzAxM2I1ZjcyN2QwMjczMTU2MGQxOGQ5NTZmNjgyOGY0ZWZjYmRiODp7ImNpdGllcyI6W3siaWQiOjEsIm5hbWUiOiJPbGluZGEifSx7ImlkIjoyLCJuYW1lIjoiUmVjaWZlIn0seyJpZCI6MywibmFtZSI6IkNhbWFyYWdpYmUifSx7ImlkIjo0LCJuYW1lIjoiSmFib2F0XHUwMGUzbyBkb3MgR3VhcmFyYXBlcyJ9XX0=','2014-10-22 18:51:45'),('s2lk5zikapw65bz5w340z52k5fk0e6rm','MzAxM2I1ZjcyN2QwMjczMTU2MGQxOGQ5NTZmNjgyOGY0ZWZjYmRiODp7ImNpdGllcyI6W3siaWQiOjEsIm5hbWUiOiJPbGluZGEifSx7ImlkIjoyLCJuYW1lIjoiUmVjaWZlIn0seyJpZCI6MywibmFtZSI6IkNhbWFyYWdpYmUifSx7ImlkIjo0LCJuYW1lIjoiSmFib2F0XHUwMGUzbyBkb3MgR3VhcmFyYXBlcyJ9XX0=','2014-10-24 19:44:58'),('s3920ngzj9b4zajraeplan193vczrm9m','MzAxM2I1ZjcyN2QwMjczMTU2MGQxOGQ5NTZmNjgyOGY0ZWZjYmRiODp7ImNpdGllcyI6W3siaWQiOjEsIm5hbWUiOiJPbGluZGEifSx7ImlkIjoyLCJuYW1lIjoiUmVjaWZlIn0seyJpZCI6MywibmFtZSI6IkNhbWFyYWdpYmUifSx7ImlkIjo0LCJuYW1lIjoiSmFib2F0XHUwMGUzbyBkb3MgR3VhcmFyYXBlcyJ9XX0=','2014-10-24 20:11:58'),('s3h5kmmayvd42406uvy4uwude7wfd6yc','MzAxM2I1ZjcyN2QwMjczMTU2MGQxOGQ5NTZmNjgyOGY0ZWZjYmRiODp7ImNpdGllcyI6W3siaWQiOjEsIm5hbWUiOiJPbGluZGEifSx7ImlkIjoyLCJuYW1lIjoiUmVjaWZlIn0seyJpZCI6MywibmFtZSI6IkNhbWFyYWdpYmUifSx7ImlkIjo0LCJuYW1lIjoiSmFib2F0XHUwMGUzbyBkb3MgR3VhcmFyYXBlcyJ9XX0=','2014-10-22 17:58:03'),('s4ksruxjt9v7s2g2ocnrj4o4esiowxmj','MzAxM2I1ZjcyN2QwMjczMTU2MGQxOGQ5NTZmNjgyOGY0ZWZjYmRiODp7ImNpdGllcyI6W3siaWQiOjEsIm5hbWUiOiJPbGluZGEifSx7ImlkIjoyLCJuYW1lIjoiUmVjaWZlIn0seyJpZCI6MywibmFtZSI6IkNhbWFyYWdpYmUifSx7ImlkIjo0LCJuYW1lIjoiSmFib2F0XHUwMGUzbyBkb3MgR3VhcmFyYXBlcyJ9XX0=','2014-10-22 18:43:58'),('s5u6wic8353m2y8yl34iqde5yhi9odsf','ZjcyMTljY2YwZDk2ODAzZjFmZDQ0NDg5M2E1NTg1Y2NlNjU2MDE5Njp7ImNpdHkiOjIsImNpdGllcyI6W3siaWQiOjEsIm5hbWUiOiJPbGluZGEifSx7ImlkIjoyLCJuYW1lIjoiUmVjaWZlIn0seyJpZCI6MywibmFtZSI6IkNhbWFyYWdpYmUifSx7ImlkIjo0LCJuYW1lIjoiSmFib2F0XHUwMGUzbyBkb3MgR3VhcmFyYXBlcyJ9XSwidHlwZW9mZmVyIjoyfQ==','2014-10-29 14:24:56'),('s6st74ko2ql704f59wx4nd4b5vwyu006','MzAxM2I1ZjcyN2QwMjczMTU2MGQxOGQ5NTZmNjgyOGY0ZWZjYmRiODp7ImNpdGllcyI6W3siaWQiOjEsIm5hbWUiOiJPbGluZGEifSx7ImlkIjoyLCJuYW1lIjoiUmVjaWZlIn0seyJpZCI6MywibmFtZSI6IkNhbWFyYWdpYmUifSx7ImlkIjo0LCJuYW1lIjoiSmFib2F0XHUwMGUzbyBkb3MgR3VhcmFyYXBlcyJ9XX0=','2014-10-22 21:11:53'),('s8i1c9vtftnctftmdu1tpq64sp2nlwmm','MzAxM2I1ZjcyN2QwMjczMTU2MGQxOGQ5NTZmNjgyOGY0ZWZjYmRiODp7ImNpdGllcyI6W3siaWQiOjEsIm5hbWUiOiJPbGluZGEifSx7ImlkIjoyLCJuYW1lIjoiUmVjaWZlIn0seyJpZCI6MywibmFtZSI6IkNhbWFyYWdpYmUifSx7ImlkIjo0LCJuYW1lIjoiSmFib2F0XHUwMGUzbyBkb3MgR3VhcmFyYXBlcyJ9XX0=','2014-10-22 17:57:44'),('s9dvkrllng2bquccl9xxmrs608fkz8vr','MzAxM2I1ZjcyN2QwMjczMTU2MGQxOGQ5NTZmNjgyOGY0ZWZjYmRiODp7ImNpdGllcyI6W3siaWQiOjEsIm5hbWUiOiJPbGluZGEifSx7ImlkIjoyLCJuYW1lIjoiUmVjaWZlIn0seyJpZCI6MywibmFtZSI6IkNhbWFyYWdpYmUifSx7ImlkIjo0LCJuYW1lIjoiSmFib2F0XHUwMGUzbyBkb3MgR3VhcmFyYXBlcyJ9XX0=','2014-10-23 22:26:23'),('s9ti6pvqs2ol2xbjyftt1ouna1jjtt6o','MzAxM2I1ZjcyN2QwMjczMTU2MGQxOGQ5NTZmNjgyOGY0ZWZjYmRiODp7ImNpdGllcyI6W3siaWQiOjEsIm5hbWUiOiJPbGluZGEifSx7ImlkIjoyLCJuYW1lIjoiUmVjaWZlIn0seyJpZCI6MywibmFtZSI6IkNhbWFyYWdpYmUifSx7ImlkIjo0LCJuYW1lIjoiSmFib2F0XHUwMGUzbyBkb3MgR3VhcmFyYXBlcyJ9XX0=','2014-10-22 17:49:34'),('sa9gwbnm2b6lb4cw9mpoy8jp6uh731vq','MzAxM2I1ZjcyN2QwMjczMTU2MGQxOGQ5NTZmNjgyOGY0ZWZjYmRiODp7ImNpdGllcyI6W3siaWQiOjEsIm5hbWUiOiJPbGluZGEifSx7ImlkIjoyLCJuYW1lIjoiUmVjaWZlIn0seyJpZCI6MywibmFtZSI6IkNhbWFyYWdpYmUifSx7ImlkIjo0LCJuYW1lIjoiSmFib2F0XHUwMGUzbyBkb3MgR3VhcmFyYXBlcyJ9XX0=','2014-10-28 16:17:22'),('sd10kok91u9ssjh7fngwpp3hwoskizb1','MzAxM2I1ZjcyN2QwMjczMTU2MGQxOGQ5NTZmNjgyOGY0ZWZjYmRiODp7ImNpdGllcyI6W3siaWQiOjEsIm5hbWUiOiJPbGluZGEifSx7ImlkIjoyLCJuYW1lIjoiUmVjaWZlIn0seyJpZCI6MywibmFtZSI6IkNhbWFyYWdpYmUifSx7ImlkIjo0LCJuYW1lIjoiSmFib2F0XHUwMGUzbyBkb3MgR3VhcmFyYXBlcyJ9XX0=','2014-10-27 21:06:33'),('sf7kgqi9kuf5ulocujes5ugcbxnvmiag','MzAxM2I1ZjcyN2QwMjczMTU2MGQxOGQ5NTZmNjgyOGY0ZWZjYmRiODp7ImNpdGllcyI6W3siaWQiOjEsIm5hbWUiOiJPbGluZGEifSx7ImlkIjoyLCJuYW1lIjoiUmVjaWZlIn0seyJpZCI6MywibmFtZSI6IkNhbWFyYWdpYmUifSx7ImlkIjo0LCJuYW1lIjoiSmFib2F0XHUwMGUzbyBkb3MgR3VhcmFyYXBlcyJ9XX0=','2014-10-24 19:43:36'),('sftjnvdb56d99ph8gbplxehm0d8ceny2','MzAxM2I1ZjcyN2QwMjczMTU2MGQxOGQ5NTZmNjgyOGY0ZWZjYmRiODp7ImNpdGllcyI6W3siaWQiOjEsIm5hbWUiOiJPbGluZGEifSx7ImlkIjoyLCJuYW1lIjoiUmVjaWZlIn0seyJpZCI6MywibmFtZSI6IkNhbWFyYWdpYmUifSx7ImlkIjo0LCJuYW1lIjoiSmFib2F0XHUwMGUzbyBkb3MgR3VhcmFyYXBlcyJ9XX0=','2014-10-24 19:27:49'),('sg86o7yu1j61u8nc2cowoiknezmxg7cc','MzAxM2I1ZjcyN2QwMjczMTU2MGQxOGQ5NTZmNjgyOGY0ZWZjYmRiODp7ImNpdGllcyI6W3siaWQiOjEsIm5hbWUiOiJPbGluZGEifSx7ImlkIjoyLCJuYW1lIjoiUmVjaWZlIn0seyJpZCI6MywibmFtZSI6IkNhbWFyYWdpYmUifSx7ImlkIjo0LCJuYW1lIjoiSmFib2F0XHUwMGUzbyBkb3MgR3VhcmFyYXBlcyJ9XX0=','2014-10-23 20:43:32'),('shw6noy5bs5bb6hsnrq03e1x60amskjk','MzAxM2I1ZjcyN2QwMjczMTU2MGQxOGQ5NTZmNjgyOGY0ZWZjYmRiODp7ImNpdGllcyI6W3siaWQiOjEsIm5hbWUiOiJPbGluZGEifSx7ImlkIjoyLCJuYW1lIjoiUmVjaWZlIn0seyJpZCI6MywibmFtZSI6IkNhbWFyYWdpYmUifSx7ImlkIjo0LCJuYW1lIjoiSmFib2F0XHUwMGUzbyBkb3MgR3VhcmFyYXBlcyJ9XX0=','2014-10-23 21:17:37'),('si8jbbjorhcbn9961ohcar6bve04thhk','MzAxM2I1ZjcyN2QwMjczMTU2MGQxOGQ5NTZmNjgyOGY0ZWZjYmRiODp7ImNpdGllcyI6W3siaWQiOjEsIm5hbWUiOiJPbGluZGEifSx7ImlkIjoyLCJuYW1lIjoiUmVjaWZlIn0seyJpZCI6MywibmFtZSI6IkNhbWFyYWdpYmUifSx7ImlkIjo0LCJuYW1lIjoiSmFib2F0XHUwMGUzbyBkb3MgR3VhcmFyYXBlcyJ9XX0=','2014-10-22 17:54:34'),('sj2lt7ryufhsobj4hf3ukyggdwu34k5g','MzAxM2I1ZjcyN2QwMjczMTU2MGQxOGQ5NTZmNjgyOGY0ZWZjYmRiODp7ImNpdGllcyI6W3siaWQiOjEsIm5hbWUiOiJPbGluZGEifSx7ImlkIjoyLCJuYW1lIjoiUmVjaWZlIn0seyJpZCI6MywibmFtZSI6IkNhbWFyYWdpYmUifSx7ImlkIjo0LCJuYW1lIjoiSmFib2F0XHUwMGUzbyBkb3MgR3VhcmFyYXBlcyJ9XX0=','2014-10-28 16:17:00'),('sl6k75c4wkkry41t31svmq3pklt5bd2s','MzAxM2I1ZjcyN2QwMjczMTU2MGQxOGQ5NTZmNjgyOGY0ZWZjYmRiODp7ImNpdGllcyI6W3siaWQiOjEsIm5hbWUiOiJPbGluZGEifSx7ImlkIjoyLCJuYW1lIjoiUmVjaWZlIn0seyJpZCI6MywibmFtZSI6IkNhbWFyYWdpYmUifSx7ImlkIjo0LCJuYW1lIjoiSmFib2F0XHUwMGUzbyBkb3MgR3VhcmFyYXBlcyJ9XX0=','2014-10-22 16:39:29'),('sml7ya94pnotfrzgzguj1c95jyg6c1vn','MzAxM2I1ZjcyN2QwMjczMTU2MGQxOGQ5NTZmNjgyOGY0ZWZjYmRiODp7ImNpdGllcyI6W3siaWQiOjEsIm5hbWUiOiJPbGluZGEifSx7ImlkIjoyLCJuYW1lIjoiUmVjaWZlIn0seyJpZCI6MywibmFtZSI6IkNhbWFyYWdpYmUifSx7ImlkIjo0LCJuYW1lIjoiSmFib2F0XHUwMGUzbyBkb3MgR3VhcmFyYXBlcyJ9XX0=','2014-10-27 20:53:25'),('snzjubiay8e175h5fdl7wl3mi1h9h6v1','MzAxM2I1ZjcyN2QwMjczMTU2MGQxOGQ5NTZmNjgyOGY0ZWZjYmRiODp7ImNpdGllcyI6W3siaWQiOjEsIm5hbWUiOiJPbGluZGEifSx7ImlkIjoyLCJuYW1lIjoiUmVjaWZlIn0seyJpZCI6MywibmFtZSI6IkNhbWFyYWdpYmUifSx7ImlkIjo0LCJuYW1lIjoiSmFib2F0XHUwMGUzbyBkb3MgR3VhcmFyYXBlcyJ9XX0=','2014-10-22 20:56:58'),('sq2tkrk7k9gdj1hmzthtry7aqe3l464q','NjMxZDQ2MmJkYWRlNDgwMmZmNWRmYTAyMWE5MDYzMzUxMDdhYjUzNzp7InR5cGVvZmZlciI6Mn0=','2014-10-29 15:31:24'),('sqc8lmsikg0n85sjkc5lg2j03pst6qaf','MzAxM2I1ZjcyN2QwMjczMTU2MGQxOGQ5NTZmNjgyOGY0ZWZjYmRiODp7ImNpdGllcyI6W3siaWQiOjEsIm5hbWUiOiJPbGluZGEifSx7ImlkIjoyLCJuYW1lIjoiUmVjaWZlIn0seyJpZCI6MywibmFtZSI6IkNhbWFyYWdpYmUifSx7ImlkIjo0LCJuYW1lIjoiSmFib2F0XHUwMGUzbyBkb3MgR3VhcmFyYXBlcyJ9XX0=','2014-10-23 18:00:48'),('srofmf4r89bp8s1qaygyrhxhwfe5wk4t','MzAxM2I1ZjcyN2QwMjczMTU2MGQxOGQ5NTZmNjgyOGY0ZWZjYmRiODp7ImNpdGllcyI6W3siaWQiOjEsIm5hbWUiOiJPbGluZGEifSx7ImlkIjoyLCJuYW1lIjoiUmVjaWZlIn0seyJpZCI6MywibmFtZSI6IkNhbWFyYWdpYmUifSx7ImlkIjo0LCJuYW1lIjoiSmFib2F0XHUwMGUzbyBkb3MgR3VhcmFyYXBlcyJ9XX0=','2014-10-24 20:12:36'),('sujam21pdx08w1tjilmis87csx764g77','MzAxM2I1ZjcyN2QwMjczMTU2MGQxOGQ5NTZmNjgyOGY0ZWZjYmRiODp7ImNpdGllcyI6W3siaWQiOjEsIm5hbWUiOiJPbGluZGEifSx7ImlkIjoyLCJuYW1lIjoiUmVjaWZlIn0seyJpZCI6MywibmFtZSI6IkNhbWFyYWdpYmUifSx7ImlkIjo0LCJuYW1lIjoiSmFib2F0XHUwMGUzbyBkb3MgR3VhcmFyYXBlcyJ9XX0=','2014-10-27 20:38:40'),('sukko7uquvhfl7gmix7wkuzqgzhgzj6n','MzAxM2I1ZjcyN2QwMjczMTU2MGQxOGQ5NTZmNjgyOGY0ZWZjYmRiODp7ImNpdGllcyI6W3siaWQiOjEsIm5hbWUiOiJPbGluZGEifSx7ImlkIjoyLCJuYW1lIjoiUmVjaWZlIn0seyJpZCI6MywibmFtZSI6IkNhbWFyYWdpYmUifSx7ImlkIjo0LCJuYW1lIjoiSmFib2F0XHUwMGUzbyBkb3MgR3VhcmFyYXBlcyJ9XX0=','2014-10-24 20:14:33'),('swb6tvwfwb5ez3qgjp6z468lzl72nrzm','MzAxM2I1ZjcyN2QwMjczMTU2MGQxOGQ5NTZmNjgyOGY0ZWZjYmRiODp7ImNpdGllcyI6W3siaWQiOjEsIm5hbWUiOiJPbGluZGEifSx7ImlkIjoyLCJuYW1lIjoiUmVjaWZlIn0seyJpZCI6MywibmFtZSI6IkNhbWFyYWdpYmUifSx7ImlkIjo0LCJuYW1lIjoiSmFib2F0XHUwMGUzbyBkb3MgR3VhcmFyYXBlcyJ9XX0=','2014-10-23 20:33:41'),('swvut0cgddmbs27h3xtmof18gqvkaas3','MzAxM2I1ZjcyN2QwMjczMTU2MGQxOGQ5NTZmNjgyOGY0ZWZjYmRiODp7ImNpdGllcyI6W3siaWQiOjEsIm5hbWUiOiJPbGluZGEifSx7ImlkIjoyLCJuYW1lIjoiUmVjaWZlIn0seyJpZCI6MywibmFtZSI6IkNhbWFyYWdpYmUifSx7ImlkIjo0LCJuYW1lIjoiSmFib2F0XHUwMGUzbyBkb3MgR3VhcmFyYXBlcyJ9XX0=','2014-10-22 18:50:10'),('sygxew0skdiynkkrdq09hbtyb6lkjmry','MzAxM2I1ZjcyN2QwMjczMTU2MGQxOGQ5NTZmNjgyOGY0ZWZjYmRiODp7ImNpdGllcyI6W3siaWQiOjEsIm5hbWUiOiJPbGluZGEifSx7ImlkIjoyLCJuYW1lIjoiUmVjaWZlIn0seyJpZCI6MywibmFtZSI6IkNhbWFyYWdpYmUifSx7ImlkIjo0LCJuYW1lIjoiSmFib2F0XHUwMGUzbyBkb3MgR3VhcmFyYXBlcyJ9XX0=','2014-10-27 20:27:30'),('sysx01skpmmjokc5e6xegqlk9r2uk1lp','YTY4YzBiMWJkNGJhNGZkNjQ1YTY2ZjE0YTQxMTExNjVhYjkyZDExNjp7ImNpdHkiOjIsImNpdGllcyI6W3siaWQiOjEsIm5hbWUiOiJPbGluZGEifSx7ImlkIjoyLCJuYW1lIjoiUmVjaWZlIn0seyJpZCI6MywibmFtZSI6IkNhbWFyYWdpYmUifSx7ImlkIjo0LCJuYW1lIjoiSmFib2F0XHUwMGUzbyBkb3MgR3VhcmFyYXBlcyJ9XSwidHlwZW9mZmVyIjoxfQ==','2014-10-30 18:06:41'),('t2debyxm4mvlpse2mx2pws8ocym7txsc','MzAxM2I1ZjcyN2QwMjczMTU2MGQxOGQ5NTZmNjgyOGY0ZWZjYmRiODp7ImNpdGllcyI6W3siaWQiOjEsIm5hbWUiOiJPbGluZGEifSx7ImlkIjoyLCJuYW1lIjoiUmVjaWZlIn0seyJpZCI6MywibmFtZSI6IkNhbWFyYWdpYmUifSx7ImlkIjo0LCJuYW1lIjoiSmFib2F0XHUwMGUzbyBkb3MgR3VhcmFyYXBlcyJ9XX0=','2014-10-24 19:42:32'),('t2s9i8kqenut7hvyler246cxsldzivfj','ZjcyMTljY2YwZDk2ODAzZjFmZDQ0NDg5M2E1NTg1Y2NlNjU2MDE5Njp7ImNpdHkiOjIsImNpdGllcyI6W3siaWQiOjEsIm5hbWUiOiJPbGluZGEifSx7ImlkIjoyLCJuYW1lIjoiUmVjaWZlIn0seyJpZCI6MywibmFtZSI6IkNhbWFyYWdpYmUifSx7ImlkIjo0LCJuYW1lIjoiSmFib2F0XHUwMGUzbyBkb3MgR3VhcmFyYXBlcyJ9XSwidHlwZW9mZmVyIjoyfQ==','2014-10-29 11:41:14'),('t2w4o0wae5ttmfk7ayfb271tgh4j6nwr','MzAxM2I1ZjcyN2QwMjczMTU2MGQxOGQ5NTZmNjgyOGY0ZWZjYmRiODp7ImNpdGllcyI6W3siaWQiOjEsIm5hbWUiOiJPbGluZGEifSx7ImlkIjoyLCJuYW1lIjoiUmVjaWZlIn0seyJpZCI6MywibmFtZSI6IkNhbWFyYWdpYmUifSx7ImlkIjo0LCJuYW1lIjoiSmFib2F0XHUwMGUzbyBkb3MgR3VhcmFyYXBlcyJ9XX0=','2014-10-22 18:43:25'),('t4w9zz5dqohchwhdzfipr5q918v0kll6','YzIwYTMyMDljMjg1MTdiNzJiOWZlYzJhNzI2ZDk0MTQwYTBhYjkwZjp7ImNpdHkiOjMsImNpdGllcyI6W3siaWQiOjEsIm5hbWUiOiJPbGluZGEifSx7ImlkIjoyLCJuYW1lIjoiUmVjaWZlIn0seyJpZCI6MywibmFtZSI6IkNhbWFyYWdpYmUifSx7ImlkIjo0LCJuYW1lIjoiSmFib2F0XHUwMGUzbyBkb3MgR3VhcmFyYXBlcyJ9XSwidHlwZW9mZmVyIjoxfQ==','2014-10-29 11:45:49'),('t6ufe8wtk1ve5txo6p1cd0wrvx5hk0bz','MzAxM2I1ZjcyN2QwMjczMTU2MGQxOGQ5NTZmNjgyOGY0ZWZjYmRiODp7ImNpdGllcyI6W3siaWQiOjEsIm5hbWUiOiJPbGluZGEifSx7ImlkIjoyLCJuYW1lIjoiUmVjaWZlIn0seyJpZCI6MywibmFtZSI6IkNhbWFyYWdpYmUifSx7ImlkIjo0LCJuYW1lIjoiSmFib2F0XHUwMGUzbyBkb3MgR3VhcmFyYXBlcyJ9XX0=','2014-10-23 21:57:01'),('tc0sld8j8cxeocof7usgfod13103a8ey','MzAxM2I1ZjcyN2QwMjczMTU2MGQxOGQ5NTZmNjgyOGY0ZWZjYmRiODp7ImNpdGllcyI6W3siaWQiOjEsIm5hbWUiOiJPbGluZGEifSx7ImlkIjoyLCJuYW1lIjoiUmVjaWZlIn0seyJpZCI6MywibmFtZSI6IkNhbWFyYWdpYmUifSx7ImlkIjo0LCJuYW1lIjoiSmFib2F0XHUwMGUzbyBkb3MgR3VhcmFyYXBlcyJ9XX0=','2014-10-22 18:08:02'),('tc1fbv96fogspzk2ufhk2ycx09r2r56z','MzAxM2I1ZjcyN2QwMjczMTU2MGQxOGQ5NTZmNjgyOGY0ZWZjYmRiODp7ImNpdGllcyI6W3siaWQiOjEsIm5hbWUiOiJPbGluZGEifSx7ImlkIjoyLCJuYW1lIjoiUmVjaWZlIn0seyJpZCI6MywibmFtZSI6IkNhbWFyYWdpYmUifSx7ImlkIjo0LCJuYW1lIjoiSmFib2F0XHUwMGUzbyBkb3MgR3VhcmFyYXBlcyJ9XX0=','2014-10-28 16:17:25'),('tc9wajavui79hxy5bqv9fmd3paqdb87s','MzAxM2I1ZjcyN2QwMjczMTU2MGQxOGQ5NTZmNjgyOGY0ZWZjYmRiODp7ImNpdGllcyI6W3siaWQiOjEsIm5hbWUiOiJPbGluZGEifSx7ImlkIjoyLCJuYW1lIjoiUmVjaWZlIn0seyJpZCI6MywibmFtZSI6IkNhbWFyYWdpYmUifSx7ImlkIjo0LCJuYW1lIjoiSmFib2F0XHUwMGUzbyBkb3MgR3VhcmFyYXBlcyJ9XX0=','2014-10-22 18:50:09'),('tcvbvl4ot9vx0f7kl9qdnm5gf2xj9p0v','MzAxM2I1ZjcyN2QwMjczMTU2MGQxOGQ5NTZmNjgyOGY0ZWZjYmRiODp7ImNpdGllcyI6W3siaWQiOjEsIm5hbWUiOiJPbGluZGEifSx7ImlkIjoyLCJuYW1lIjoiUmVjaWZlIn0seyJpZCI6MywibmFtZSI6IkNhbWFyYWdpYmUifSx7ImlkIjo0LCJuYW1lIjoiSmFib2F0XHUwMGUzbyBkb3MgR3VhcmFyYXBlcyJ9XX0=','2014-10-24 20:23:21'),('te2ssjy7g12hgq4c6pibrv9s8ejcgv9y','YTY4YzBiMWJkNGJhNGZkNjQ1YTY2ZjE0YTQxMTExNjVhYjkyZDExNjp7ImNpdHkiOjIsImNpdGllcyI6W3siaWQiOjEsIm5hbWUiOiJPbGluZGEifSx7ImlkIjoyLCJuYW1lIjoiUmVjaWZlIn0seyJpZCI6MywibmFtZSI6IkNhbWFyYWdpYmUifSx7ImlkIjo0LCJuYW1lIjoiSmFib2F0XHUwMGUzbyBkb3MgR3VhcmFyYXBlcyJ9XSwidHlwZW9mZmVyIjoxfQ==','2014-10-29 11:40:11'),('tfnvja36lbb0b91hb80qm8v0r8o6pohh','MzAxM2I1ZjcyN2QwMjczMTU2MGQxOGQ5NTZmNjgyOGY0ZWZjYmRiODp7ImNpdGllcyI6W3siaWQiOjEsIm5hbWUiOiJPbGluZGEifSx7ImlkIjoyLCJuYW1lIjoiUmVjaWZlIn0seyJpZCI6MywibmFtZSI6IkNhbWFyYWdpYmUifSx7ImlkIjo0LCJuYW1lIjoiSmFib2F0XHUwMGUzbyBkb3MgR3VhcmFyYXBlcyJ9XX0=','2014-10-24 19:33:55'),('tfw971gvtb9c8v4cfsu8xu56hfmz9d7e','MzAxM2I1ZjcyN2QwMjczMTU2MGQxOGQ5NTZmNjgyOGY0ZWZjYmRiODp7ImNpdGllcyI6W3siaWQiOjEsIm5hbWUiOiJPbGluZGEifSx7ImlkIjoyLCJuYW1lIjoiUmVjaWZlIn0seyJpZCI6MywibmFtZSI6IkNhbWFyYWdpYmUifSx7ImlkIjo0LCJuYW1lIjoiSmFib2F0XHUwMGUzbyBkb3MgR3VhcmFyYXBlcyJ9XX0=','2014-10-23 21:01:27'),('tgl3dn0c6vlv77x69qb49e945g8vnob4','MzAxM2I1ZjcyN2QwMjczMTU2MGQxOGQ5NTZmNjgyOGY0ZWZjYmRiODp7ImNpdGllcyI6W3siaWQiOjEsIm5hbWUiOiJPbGluZGEifSx7ImlkIjoyLCJuYW1lIjoiUmVjaWZlIn0seyJpZCI6MywibmFtZSI6IkNhbWFyYWdpYmUifSx7ImlkIjo0LCJuYW1lIjoiSmFib2F0XHUwMGUzbyBkb3MgR3VhcmFyYXBlcyJ9XX0=','2014-10-22 17:57:37'),('tjj60cqonxoib46odz9g6oomhoq98uhp','MzAxM2I1ZjcyN2QwMjczMTU2MGQxOGQ5NTZmNjgyOGY0ZWZjYmRiODp7ImNpdGllcyI6W3siaWQiOjEsIm5hbWUiOiJPbGluZGEifSx7ImlkIjoyLCJuYW1lIjoiUmVjaWZlIn0seyJpZCI6MywibmFtZSI6IkNhbWFyYWdpYmUifSx7ImlkIjo0LCJuYW1lIjoiSmFib2F0XHUwMGUzbyBkb3MgR3VhcmFyYXBlcyJ9XX0=','2014-10-27 16:40:40'),('tkreplivmsv39eis3e8ww60y2nag92fn','MzAxM2I1ZjcyN2QwMjczMTU2MGQxOGQ5NTZmNjgyOGY0ZWZjYmRiODp7ImNpdGllcyI6W3siaWQiOjEsIm5hbWUiOiJPbGluZGEifSx7ImlkIjoyLCJuYW1lIjoiUmVjaWZlIn0seyJpZCI6MywibmFtZSI6IkNhbWFyYWdpYmUifSx7ImlkIjo0LCJuYW1lIjoiSmFib2F0XHUwMGUzbyBkb3MgR3VhcmFyYXBlcyJ9XX0=','2014-10-24 19:44:09'),('tn6kv73oruubmvvb1rtlaikt2h13e3op','MzAxM2I1ZjcyN2QwMjczMTU2MGQxOGQ5NTZmNjgyOGY0ZWZjYmRiODp7ImNpdGllcyI6W3siaWQiOjEsIm5hbWUiOiJPbGluZGEifSx7ImlkIjoyLCJuYW1lIjoiUmVjaWZlIn0seyJpZCI6MywibmFtZSI6IkNhbWFyYWdpYmUifSx7ImlkIjo0LCJuYW1lIjoiSmFib2F0XHUwMGUzbyBkb3MgR3VhcmFyYXBlcyJ9XX0=','2014-10-27 16:37:41'),('tnmdzsvfxk6nfp0au7abc1nx1ux464oi','YzAzMzhmMzcxMTk5ZDlhYmNiMDQ0MmJlMWY3NjdmMzliZDhhY2Y0MTp7ImNpdHkiOjIsIl9hdXRoX3VzZXJfaGFzaCI6ImMxYTg1OTFmMTFlYzc0NjJkZTFhNDBmMzc2NjA3NTY4ODIyOGE0ZmMiLCJfYXV0aF91c2VyX2lkIjoxLCJfYXV0aF91c2VyX2JhY2tlbmQiOiJkamFuZ28uY29udHJpYi5hdXRoLmJhY2tlbmRzLk1vZGVsQmFja2VuZCIsInR5cGVvZmZlciI6MSwiY2l0aWVzIjpbeyJpZCI6MSwibmFtZSI6Ik9saW5kYSJ9LHsiaWQiOjIsIm5hbWUiOiJSZWNpZmUifSx7ImlkIjozLCJuYW1lIjoiQ2FtYXJhZ2liZSJ9LHsiaWQiOjQsIm5hbWUiOiJKYWJvYXRcdTAwZTNvIGRvcyBHdWFyYXJhcGVzIn1dfQ==','2014-11-06 11:36:03'),('toxkrrzd623qorpjgo0s57bts676mswg','MzAxM2I1ZjcyN2QwMjczMTU2MGQxOGQ5NTZmNjgyOGY0ZWZjYmRiODp7ImNpdGllcyI6W3siaWQiOjEsIm5hbWUiOiJPbGluZGEifSx7ImlkIjoyLCJuYW1lIjoiUmVjaWZlIn0seyJpZCI6MywibmFtZSI6IkNhbWFyYWdpYmUifSx7ImlkIjo0LCJuYW1lIjoiSmFib2F0XHUwMGUzbyBkb3MgR3VhcmFyYXBlcyJ9XX0=','2014-10-24 19:45:08'),('tpbsc4gze3vnhhknjwmq54ohiovv5b5p','MzAxM2I1ZjcyN2QwMjczMTU2MGQxOGQ5NTZmNjgyOGY0ZWZjYmRiODp7ImNpdGllcyI6W3siaWQiOjEsIm5hbWUiOiJPbGluZGEifSx7ImlkIjoyLCJuYW1lIjoiUmVjaWZlIn0seyJpZCI6MywibmFtZSI6IkNhbWFyYWdpYmUifSx7ImlkIjo0LCJuYW1lIjoiSmFib2F0XHUwMGUzbyBkb3MgR3VhcmFyYXBlcyJ9XX0=','2014-10-22 18:51:42'),('tpkck72vsl0tmrg3ym38sr3z5ow1gouo','MzAxM2I1ZjcyN2QwMjczMTU2MGQxOGQ5NTZmNjgyOGY0ZWZjYmRiODp7ImNpdGllcyI6W3siaWQiOjEsIm5hbWUiOiJPbGluZGEifSx7ImlkIjoyLCJuYW1lIjoiUmVjaWZlIn0seyJpZCI6MywibmFtZSI6IkNhbWFyYWdpYmUifSx7ImlkIjo0LCJuYW1lIjoiSmFib2F0XHUwMGUzbyBkb3MgR3VhcmFyYXBlcyJ9XX0=','2014-10-27 21:08:58'),('trsz7w2lbur1q5q50kqbk776iac7474i','MzAxM2I1ZjcyN2QwMjczMTU2MGQxOGQ5NTZmNjgyOGY0ZWZjYmRiODp7ImNpdGllcyI6W3siaWQiOjEsIm5hbWUiOiJPbGluZGEifSx7ImlkIjoyLCJuYW1lIjoiUmVjaWZlIn0seyJpZCI6MywibmFtZSI6IkNhbWFyYWdpYmUifSx7ImlkIjo0LCJuYW1lIjoiSmFib2F0XHUwMGUzbyBkb3MgR3VhcmFyYXBlcyJ9XX0=','2014-10-22 17:49:02'),('ts6qufdgd7a4o9lqqtavx2ejcnmq4qc5','MzAxM2I1ZjcyN2QwMjczMTU2MGQxOGQ5NTZmNjgyOGY0ZWZjYmRiODp7ImNpdGllcyI6W3siaWQiOjEsIm5hbWUiOiJPbGluZGEifSx7ImlkIjoyLCJuYW1lIjoiUmVjaWZlIn0seyJpZCI6MywibmFtZSI6IkNhbWFyYWdpYmUifSx7ImlkIjo0LCJuYW1lIjoiSmFib2F0XHUwMGUzbyBkb3MgR3VhcmFyYXBlcyJ9XX0=','2014-10-27 22:46:27'),('tycbnimiexgu1sn45i7c2f8vsa1xfuv5','MzAxM2I1ZjcyN2QwMjczMTU2MGQxOGQ5NTZmNjgyOGY0ZWZjYmRiODp7ImNpdGllcyI6W3siaWQiOjEsIm5hbWUiOiJPbGluZGEifSx7ImlkIjoyLCJuYW1lIjoiUmVjaWZlIn0seyJpZCI6MywibmFtZSI6IkNhbWFyYWdpYmUifSx7ImlkIjo0LCJuYW1lIjoiSmFib2F0XHUwMGUzbyBkb3MgR3VhcmFyYXBlcyJ9XX0=','2014-10-22 18:36:39'),('tztry0jiwgwz6mmjhq6pefh8l01pye04','YTY4YzBiMWJkNGJhNGZkNjQ1YTY2ZjE0YTQxMTExNjVhYjkyZDExNjp7ImNpdHkiOjIsImNpdGllcyI6W3siaWQiOjEsIm5hbWUiOiJPbGluZGEifSx7ImlkIjoyLCJuYW1lIjoiUmVjaWZlIn0seyJpZCI6MywibmFtZSI6IkNhbWFyYWdpYmUifSx7ImlkIjo0LCJuYW1lIjoiSmFib2F0XHUwMGUzbyBkb3MgR3VhcmFyYXBlcyJ9XSwidHlwZW9mZmVyIjoxfQ==','2014-10-29 11:23:00'),('u1qjm073u1hh386w4zckmzzcpah5kt2m','MzAxM2I1ZjcyN2QwMjczMTU2MGQxOGQ5NTZmNjgyOGY0ZWZjYmRiODp7ImNpdGllcyI6W3siaWQiOjEsIm5hbWUiOiJPbGluZGEifSx7ImlkIjoyLCJuYW1lIjoiUmVjaWZlIn0seyJpZCI6MywibmFtZSI6IkNhbWFyYWdpYmUifSx7ImlkIjo0LCJuYW1lIjoiSmFib2F0XHUwMGUzbyBkb3MgR3VhcmFyYXBlcyJ9XX0=','2014-10-22 18:22:22'),('u3rx7b0afxnkkhsjs06yzi7wg365o8u3','YTY4YzBiMWJkNGJhNGZkNjQ1YTY2ZjE0YTQxMTExNjVhYjkyZDExNjp7ImNpdHkiOjIsImNpdGllcyI6W3siaWQiOjEsIm5hbWUiOiJPbGluZGEifSx7ImlkIjoyLCJuYW1lIjoiUmVjaWZlIn0seyJpZCI6MywibmFtZSI6IkNhbWFyYWdpYmUifSx7ImlkIjo0LCJuYW1lIjoiSmFib2F0XHUwMGUzbyBkb3MgR3VhcmFyYXBlcyJ9XSwidHlwZW9mZmVyIjoxfQ==','2014-10-29 11:30:43'),('u5b408ihwogs3lt2m3xmbv2yhefoj6s2','MzAxM2I1ZjcyN2QwMjczMTU2MGQxOGQ5NTZmNjgyOGY0ZWZjYmRiODp7ImNpdGllcyI6W3siaWQiOjEsIm5hbWUiOiJPbGluZGEifSx7ImlkIjoyLCJuYW1lIjoiUmVjaWZlIn0seyJpZCI6MywibmFtZSI6IkNhbWFyYWdpYmUifSx7ImlkIjo0LCJuYW1lIjoiSmFib2F0XHUwMGUzbyBkb3MgR3VhcmFyYXBlcyJ9XX0=','2014-10-22 18:43:59'),('u5ifepnzwgzgpyamme1cpkrxc7ydyu5g','YTY4YzBiMWJkNGJhNGZkNjQ1YTY2ZjE0YTQxMTExNjVhYjkyZDExNjp7ImNpdHkiOjIsImNpdGllcyI6W3siaWQiOjEsIm5hbWUiOiJPbGluZGEifSx7ImlkIjoyLCJuYW1lIjoiUmVjaWZlIn0seyJpZCI6MywibmFtZSI6IkNhbWFyYWdpYmUifSx7ImlkIjo0LCJuYW1lIjoiSmFib2F0XHUwMGUzbyBkb3MgR3VhcmFyYXBlcyJ9XSwidHlwZW9mZmVyIjoxfQ==','2014-10-29 11:19:21'),('uact5vp9jt7tbefpi8kkrznavsvitwdp','MzAxM2I1ZjcyN2QwMjczMTU2MGQxOGQ5NTZmNjgyOGY0ZWZjYmRiODp7ImNpdGllcyI6W3siaWQiOjEsIm5hbWUiOiJPbGluZGEifSx7ImlkIjoyLCJuYW1lIjoiUmVjaWZlIn0seyJpZCI6MywibmFtZSI6IkNhbWFyYWdpYmUifSx7ImlkIjo0LCJuYW1lIjoiSmFib2F0XHUwMGUzbyBkb3MgR3VhcmFyYXBlcyJ9XX0=','2014-10-23 18:02:08'),('ub3htvecf0v0qr6ruh07n47nfget9ih1','NWVmODRiM2M5MGY2ZDBiN2Y0N2I3OTNiYTZiYjI2NzIwMzBlMjkwODp7fQ==','2014-10-29 15:31:20'),('ucyy5un77xbgj9gtgbsqa8h4o0ahsq9a','MzAxM2I1ZjcyN2QwMjczMTU2MGQxOGQ5NTZmNjgyOGY0ZWZjYmRiODp7ImNpdGllcyI6W3siaWQiOjEsIm5hbWUiOiJPbGluZGEifSx7ImlkIjoyLCJuYW1lIjoiUmVjaWZlIn0seyJpZCI6MywibmFtZSI6IkNhbWFyYWdpYmUifSx7ImlkIjo0LCJuYW1lIjoiSmFib2F0XHUwMGUzbyBkb3MgR3VhcmFyYXBlcyJ9XX0=','2014-10-27 20:28:47'),('uepmfmqx2l7iyae55w5dugftzwf7u6p4','YTY4YzBiMWJkNGJhNGZkNjQ1YTY2ZjE0YTQxMTExNjVhYjkyZDExNjp7ImNpdHkiOjIsImNpdGllcyI6W3siaWQiOjEsIm5hbWUiOiJPbGluZGEifSx7ImlkIjoyLCJuYW1lIjoiUmVjaWZlIn0seyJpZCI6MywibmFtZSI6IkNhbWFyYWdpYmUifSx7ImlkIjo0LCJuYW1lIjoiSmFib2F0XHUwMGUzbyBkb3MgR3VhcmFyYXBlcyJ9XSwidHlwZW9mZmVyIjoxfQ==','2014-10-29 11:41:47'),('ufy39huu5iw0z02p4gl5v9uhehv1s2am','MzAxM2I1ZjcyN2QwMjczMTU2MGQxOGQ5NTZmNjgyOGY0ZWZjYmRiODp7ImNpdGllcyI6W3siaWQiOjEsIm5hbWUiOiJPbGluZGEifSx7ImlkIjoyLCJuYW1lIjoiUmVjaWZlIn0seyJpZCI6MywibmFtZSI6IkNhbWFyYWdpYmUifSx7ImlkIjo0LCJuYW1lIjoiSmFib2F0XHUwMGUzbyBkb3MgR3VhcmFyYXBlcyJ9XX0=','2014-10-22 20:57:15'),('uim84rwnklsq3vxc792gb6zxhuu5aua9','MzAxM2I1ZjcyN2QwMjczMTU2MGQxOGQ5NTZmNjgyOGY0ZWZjYmRiODp7ImNpdGllcyI6W3siaWQiOjEsIm5hbWUiOiJPbGluZGEifSx7ImlkIjoyLCJuYW1lIjoiUmVjaWZlIn0seyJpZCI6MywibmFtZSI6IkNhbWFyYWdpYmUifSx7ImlkIjo0LCJuYW1lIjoiSmFib2F0XHUwMGUzbyBkb3MgR3VhcmFyYXBlcyJ9XX0=','2014-10-24 19:45:12'),('ujjxu541nyz2lm7oexlj5w078zvtj5hx','MzAxM2I1ZjcyN2QwMjczMTU2MGQxOGQ5NTZmNjgyOGY0ZWZjYmRiODp7ImNpdGllcyI6W3siaWQiOjEsIm5hbWUiOiJPbGluZGEifSx7ImlkIjoyLCJuYW1lIjoiUmVjaWZlIn0seyJpZCI6MywibmFtZSI6IkNhbWFyYWdpYmUifSx7ImlkIjo0LCJuYW1lIjoiSmFib2F0XHUwMGUzbyBkb3MgR3VhcmFyYXBlcyJ9XX0=','2014-10-27 20:37:37'),('ulvz5y7j3601fcu0ugpwo7f82oo239x4','MzAxM2I1ZjcyN2QwMjczMTU2MGQxOGQ5NTZmNjgyOGY0ZWZjYmRiODp7ImNpdGllcyI6W3siaWQiOjEsIm5hbWUiOiJPbGluZGEifSx7ImlkIjoyLCJuYW1lIjoiUmVjaWZlIn0seyJpZCI6MywibmFtZSI6IkNhbWFyYWdpYmUifSx7ImlkIjo0LCJuYW1lIjoiSmFib2F0XHUwMGUzbyBkb3MgR3VhcmFyYXBlcyJ9XX0=','2014-10-22 18:07:50'),('ulz78lwgbau6vbpc03xc41thsnamnm7p','MzAxM2I1ZjcyN2QwMjczMTU2MGQxOGQ5NTZmNjgyOGY0ZWZjYmRiODp7ImNpdGllcyI6W3siaWQiOjEsIm5hbWUiOiJPbGluZGEifSx7ImlkIjoyLCJuYW1lIjoiUmVjaWZlIn0seyJpZCI6MywibmFtZSI6IkNhbWFyYWdpYmUifSx7ImlkIjo0LCJuYW1lIjoiSmFib2F0XHUwMGUzbyBkb3MgR3VhcmFyYXBlcyJ9XX0=','2014-10-23 18:06:43'),('un267nj60vahwyzjluookxlf916jzo61','MzAxM2I1ZjcyN2QwMjczMTU2MGQxOGQ5NTZmNjgyOGY0ZWZjYmRiODp7ImNpdGllcyI6W3siaWQiOjEsIm5hbWUiOiJPbGluZGEifSx7ImlkIjoyLCJuYW1lIjoiUmVjaWZlIn0seyJpZCI6MywibmFtZSI6IkNhbWFyYWdpYmUifSx7ImlkIjo0LCJuYW1lIjoiSmFib2F0XHUwMGUzbyBkb3MgR3VhcmFyYXBlcyJ9XX0=','2014-10-24 19:39:38'),('unukx89ff0m6o4xs2d9bscr9xpt1tg9c','MzAxM2I1ZjcyN2QwMjczMTU2MGQxOGQ5NTZmNjgyOGY0ZWZjYmRiODp7ImNpdGllcyI6W3siaWQiOjEsIm5hbWUiOiJPbGluZGEifSx7ImlkIjoyLCJuYW1lIjoiUmVjaWZlIn0seyJpZCI6MywibmFtZSI6IkNhbWFyYWdpYmUifSx7ImlkIjo0LCJuYW1lIjoiSmFib2F0XHUwMGUzbyBkb3MgR3VhcmFyYXBlcyJ9XX0=','2014-10-24 19:43:20'),('up400k8jqr1dco8q0k7ywa8o4axlgq4f','MzAxM2I1ZjcyN2QwMjczMTU2MGQxOGQ5NTZmNjgyOGY0ZWZjYmRiODp7ImNpdGllcyI6W3siaWQiOjEsIm5hbWUiOiJPbGluZGEifSx7ImlkIjoyLCJuYW1lIjoiUmVjaWZlIn0seyJpZCI6MywibmFtZSI6IkNhbWFyYWdpYmUifSx7ImlkIjo0LCJuYW1lIjoiSmFib2F0XHUwMGUzbyBkb3MgR3VhcmFyYXBlcyJ9XX0=','2014-10-24 20:14:56'),('upa5nsclcmtgiyxdfldqxbdjuvl1tp6k','NWVmODRiM2M5MGY2ZDBiN2Y0N2I3OTNiYTZiYjI2NzIwMzBlMjkwODp7fQ==','2014-10-15 13:14:17'),('upn5komald7xx2priyxasrf8zupzxrl2','YTY4YzBiMWJkNGJhNGZkNjQ1YTY2ZjE0YTQxMTExNjVhYjkyZDExNjp7ImNpdHkiOjIsImNpdGllcyI6W3siaWQiOjEsIm5hbWUiOiJPbGluZGEifSx7ImlkIjoyLCJuYW1lIjoiUmVjaWZlIn0seyJpZCI6MywibmFtZSI6IkNhbWFyYWdpYmUifSx7ImlkIjo0LCJuYW1lIjoiSmFib2F0XHUwMGUzbyBkb3MgR3VhcmFyYXBlcyJ9XSwidHlwZW9mZmVyIjoxfQ==','2014-10-15 11:55:37'),('uq8ruc9p90w8sgvcfe10ur1hp71p7s6u','MzAxM2I1ZjcyN2QwMjczMTU2MGQxOGQ5NTZmNjgyOGY0ZWZjYmRiODp7ImNpdGllcyI6W3siaWQiOjEsIm5hbWUiOiJPbGluZGEifSx7ImlkIjoyLCJuYW1lIjoiUmVjaWZlIn0seyJpZCI6MywibmFtZSI6IkNhbWFyYWdpYmUifSx7ImlkIjo0LCJuYW1lIjoiSmFib2F0XHUwMGUzbyBkb3MgR3VhcmFyYXBlcyJ9XX0=','2014-10-22 21:12:23'),('uqf0cw7uynicm5ojrrt0kpj95338lt3j','YTY4YzBiMWJkNGJhNGZkNjQ1YTY2ZjE0YTQxMTExNjVhYjkyZDExNjp7ImNpdHkiOjIsImNpdGllcyI6W3siaWQiOjEsIm5hbWUiOiJPbGluZGEifSx7ImlkIjoyLCJuYW1lIjoiUmVjaWZlIn0seyJpZCI6MywibmFtZSI6IkNhbWFyYWdpYmUifSx7ImlkIjo0LCJuYW1lIjoiSmFib2F0XHUwMGUzbyBkb3MgR3VhcmFyYXBlcyJ9XSwidHlwZW9mZmVyIjoxfQ==','2014-10-29 11:31:14'),('urbumtk6hhqszxoejj6mmtujrsmgweva','MzAxM2I1ZjcyN2QwMjczMTU2MGQxOGQ5NTZmNjgyOGY0ZWZjYmRiODp7ImNpdGllcyI6W3siaWQiOjEsIm5hbWUiOiJPbGluZGEifSx7ImlkIjoyLCJuYW1lIjoiUmVjaWZlIn0seyJpZCI6MywibmFtZSI6IkNhbWFyYWdpYmUifSx7ImlkIjo0LCJuYW1lIjoiSmFib2F0XHUwMGUzbyBkb3MgR3VhcmFyYXBlcyJ9XX0=','2014-10-23 20:59:21'),('urdud9zoggxw5xouxtwzvj1t3xxynol7','MzAxM2I1ZjcyN2QwMjczMTU2MGQxOGQ5NTZmNjgyOGY0ZWZjYmRiODp7ImNpdGllcyI6W3siaWQiOjEsIm5hbWUiOiJPbGluZGEifSx7ImlkIjoyLCJuYW1lIjoiUmVjaWZlIn0seyJpZCI6MywibmFtZSI6IkNhbWFyYWdpYmUifSx7ImlkIjo0LCJuYW1lIjoiSmFib2F0XHUwMGUzbyBkb3MgR3VhcmFyYXBlcyJ9XX0=','2014-10-27 22:45:39'),('uu0n2rqnqpgpqtpsk1ijzj07cas0i3m9','MzAxM2I1ZjcyN2QwMjczMTU2MGQxOGQ5NTZmNjgyOGY0ZWZjYmRiODp7ImNpdGllcyI6W3siaWQiOjEsIm5hbWUiOiJPbGluZGEifSx7ImlkIjoyLCJuYW1lIjoiUmVjaWZlIn0seyJpZCI6MywibmFtZSI6IkNhbWFyYWdpYmUifSx7ImlkIjo0LCJuYW1lIjoiSmFib2F0XHUwMGUzbyBkb3MgR3VhcmFyYXBlcyJ9XX0=','2014-10-24 19:45:19'),('uyu5k7y2u3ogshpwjf4iyn797zv4z4ja','YTY4YzBiMWJkNGJhNGZkNjQ1YTY2ZjE0YTQxMTExNjVhYjkyZDExNjp7ImNpdHkiOjIsImNpdGllcyI6W3siaWQiOjEsIm5hbWUiOiJPbGluZGEifSx7ImlkIjoyLCJuYW1lIjoiUmVjaWZlIn0seyJpZCI6MywibmFtZSI6IkNhbWFyYWdpYmUifSx7ImlkIjo0LCJuYW1lIjoiSmFib2F0XHUwMGUzbyBkb3MgR3VhcmFyYXBlcyJ9XSwidHlwZW9mZmVyIjoxfQ==','2014-10-29 11:22:40'),('uzqdvu8ybtlvjtx0ius505j9eq2c1gds','MzAxM2I1ZjcyN2QwMjczMTU2MGQxOGQ5NTZmNjgyOGY0ZWZjYmRiODp7ImNpdGllcyI6W3siaWQiOjEsIm5hbWUiOiJPbGluZGEifSx7ImlkIjoyLCJuYW1lIjoiUmVjaWZlIn0seyJpZCI6MywibmFtZSI6IkNhbWFyYWdpYmUifSx7ImlkIjo0LCJuYW1lIjoiSmFib2F0XHUwMGUzbyBkb3MgR3VhcmFyYXBlcyJ9XX0=','2014-10-28 16:17:25'),('v0wfb78yboyoqcliko7axh0gqce6putv','MzAxM2I1ZjcyN2QwMjczMTU2MGQxOGQ5NTZmNjgyOGY0ZWZjYmRiODp7ImNpdGllcyI6W3siaWQiOjEsIm5hbWUiOiJPbGluZGEifSx7ImlkIjoyLCJuYW1lIjoiUmVjaWZlIn0seyJpZCI6MywibmFtZSI6IkNhbWFyYWdpYmUifSx7ImlkIjo0LCJuYW1lIjoiSmFib2F0XHUwMGUzbyBkb3MgR3VhcmFyYXBlcyJ9XX0=','2014-10-28 16:19:50'),('v547dl3jl9nwnk4uzhciwat5oy3p5075','MzAxM2I1ZjcyN2QwMjczMTU2MGQxOGQ5NTZmNjgyOGY0ZWZjYmRiODp7ImNpdGllcyI6W3siaWQiOjEsIm5hbWUiOiJPbGluZGEifSx7ImlkIjoyLCJuYW1lIjoiUmVjaWZlIn0seyJpZCI6MywibmFtZSI6IkNhbWFyYWdpYmUifSx7ImlkIjo0LCJuYW1lIjoiSmFib2F0XHUwMGUzbyBkb3MgR3VhcmFyYXBlcyJ9XX0=','2014-10-27 20:29:07'),('v57wlfgfj6i9mv1vge5vv31ajye2ekgu','MzAxM2I1ZjcyN2QwMjczMTU2MGQxOGQ5NTZmNjgyOGY0ZWZjYmRiODp7ImNpdGllcyI6W3siaWQiOjEsIm5hbWUiOiJPbGluZGEifSx7ImlkIjoyLCJuYW1lIjoiUmVjaWZlIn0seyJpZCI6MywibmFtZSI6IkNhbWFyYWdpYmUifSx7ImlkIjo0LCJuYW1lIjoiSmFib2F0XHUwMGUzbyBkb3MgR3VhcmFyYXBlcyJ9XX0=','2014-10-27 20:29:40'),('v5e6ti7fioibelgbfodywe4qcigjqsq0','YTY4YzBiMWJkNGJhNGZkNjQ1YTY2ZjE0YTQxMTExNjVhYjkyZDExNjp7ImNpdHkiOjIsImNpdGllcyI6W3siaWQiOjEsIm5hbWUiOiJPbGluZGEifSx7ImlkIjoyLCJuYW1lIjoiUmVjaWZlIn0seyJpZCI6MywibmFtZSI6IkNhbWFyYWdpYmUifSx7ImlkIjo0LCJuYW1lIjoiSmFib2F0XHUwMGUzbyBkb3MgR3VhcmFyYXBlcyJ9XSwidHlwZW9mZmVyIjoxfQ==','2014-10-29 11:30:53'),('v5te3ibmiq07ckkodop2meq8v8twemdg','MzAxM2I1ZjcyN2QwMjczMTU2MGQxOGQ5NTZmNjgyOGY0ZWZjYmRiODp7ImNpdGllcyI6W3siaWQiOjEsIm5hbWUiOiJPbGluZGEifSx7ImlkIjoyLCJuYW1lIjoiUmVjaWZlIn0seyJpZCI6MywibmFtZSI6IkNhbWFyYWdpYmUifSx7ImlkIjo0LCJuYW1lIjoiSmFib2F0XHUwMGUzbyBkb3MgR3VhcmFyYXBlcyJ9XX0=','2014-10-24 20:29:26'),('v5uqagla12edffs7f2u435l9votieuxn','YTY4YzBiMWJkNGJhNGZkNjQ1YTY2ZjE0YTQxMTExNjVhYjkyZDExNjp7ImNpdHkiOjIsImNpdGllcyI6W3siaWQiOjEsIm5hbWUiOiJPbGluZGEifSx7ImlkIjoyLCJuYW1lIjoiUmVjaWZlIn0seyJpZCI6MywibmFtZSI6IkNhbWFyYWdpYmUifSx7ImlkIjo0LCJuYW1lIjoiSmFib2F0XHUwMGUzbyBkb3MgR3VhcmFyYXBlcyJ9XSwidHlwZW9mZmVyIjoxfQ==','2014-10-29 11:40:41'),('v7ozr4rq0qtbnsq6o2qit0rbycx8llo2','NjMxZDQ2MmJkYWRlNDgwMmZmNWRmYTAyMWE5MDYzMzUxMDdhYjUzNzp7InR5cGVvZmZlciI6Mn0=','2014-10-29 15:32:25'),('va0qzl9m7iey60vt51w7leh4k7xhe7gf','YTY4YzBiMWJkNGJhNGZkNjQ1YTY2ZjE0YTQxMTExNjVhYjkyZDExNjp7ImNpdHkiOjIsImNpdGllcyI6W3siaWQiOjEsIm5hbWUiOiJPbGluZGEifSx7ImlkIjoyLCJuYW1lIjoiUmVjaWZlIn0seyJpZCI6MywibmFtZSI6IkNhbWFyYWdpYmUifSx7ImlkIjo0LCJuYW1lIjoiSmFib2F0XHUwMGUzbyBkb3MgR3VhcmFyYXBlcyJ9XSwidHlwZW9mZmVyIjoxfQ==','2014-11-05 11:37:51'),('vb5mpfnflbk6d12219gwlxqa9twlbvf9','MzAxM2I1ZjcyN2QwMjczMTU2MGQxOGQ5NTZmNjgyOGY0ZWZjYmRiODp7ImNpdGllcyI6W3siaWQiOjEsIm5hbWUiOiJPbGluZGEifSx7ImlkIjoyLCJuYW1lIjoiUmVjaWZlIn0seyJpZCI6MywibmFtZSI6IkNhbWFyYWdpYmUifSx7ImlkIjo0LCJuYW1lIjoiSmFib2F0XHUwMGUzbyBkb3MgR3VhcmFyYXBlcyJ9XX0=','2014-10-22 17:49:34'),('vhaablxz1ok7h71ib2jw684yvwzrydk6','MzAxM2I1ZjcyN2QwMjczMTU2MGQxOGQ5NTZmNjgyOGY0ZWZjYmRiODp7ImNpdGllcyI6W3siaWQiOjEsIm5hbWUiOiJPbGluZGEifSx7ImlkIjoyLCJuYW1lIjoiUmVjaWZlIn0seyJpZCI6MywibmFtZSI6IkNhbWFyYWdpYmUifSx7ImlkIjo0LCJuYW1lIjoiSmFib2F0XHUwMGUzbyBkb3MgR3VhcmFyYXBlcyJ9XX0=','2014-10-22 17:49:40'),('vhzjjccubhwesvckftmkidcd8jxwm65b','MzAxM2I1ZjcyN2QwMjczMTU2MGQxOGQ5NTZmNjgyOGY0ZWZjYmRiODp7ImNpdGllcyI6W3siaWQiOjEsIm5hbWUiOiJPbGluZGEifSx7ImlkIjoyLCJuYW1lIjoiUmVjaWZlIn0seyJpZCI6MywibmFtZSI6IkNhbWFyYWdpYmUifSx7ImlkIjo0LCJuYW1lIjoiSmFib2F0XHUwMGUzbyBkb3MgR3VhcmFyYXBlcyJ9XX0=','2014-10-23 17:59:58'),('vlcce94gkglxiw7hg5fs4v2ta58f24dh','MzAxM2I1ZjcyN2QwMjczMTU2MGQxOGQ5NTZmNjgyOGY0ZWZjYmRiODp7ImNpdGllcyI6W3siaWQiOjEsIm5hbWUiOiJPbGluZGEifSx7ImlkIjoyLCJuYW1lIjoiUmVjaWZlIn0seyJpZCI6MywibmFtZSI6IkNhbWFyYWdpYmUifSx7ImlkIjo0LCJuYW1lIjoiSmFib2F0XHUwMGUzbyBkb3MgR3VhcmFyYXBlcyJ9XX0=','2014-10-23 21:11:29'),('vmr3alq8lxk02a7l8v5ahd81l57frx42','MzAxM2I1ZjcyN2QwMjczMTU2MGQxOGQ5NTZmNjgyOGY0ZWZjYmRiODp7ImNpdGllcyI6W3siaWQiOjEsIm5hbWUiOiJPbGluZGEifSx7ImlkIjoyLCJuYW1lIjoiUmVjaWZlIn0seyJpZCI6MywibmFtZSI6IkNhbWFyYWdpYmUifSx7ImlkIjo0LCJuYW1lIjoiSmFib2F0XHUwMGUzbyBkb3MgR3VhcmFyYXBlcyJ9XX0=','2014-10-27 17:00:40'),('vo7nkcbzksw22c2xyvoiomujt12y7thj','MzAxM2I1ZjcyN2QwMjczMTU2MGQxOGQ5NTZmNjgyOGY0ZWZjYmRiODp7ImNpdGllcyI6W3siaWQiOjEsIm5hbWUiOiJPbGluZGEifSx7ImlkIjoyLCJuYW1lIjoiUmVjaWZlIn0seyJpZCI6MywibmFtZSI6IkNhbWFyYWdpYmUifSx7ImlkIjo0LCJuYW1lIjoiSmFib2F0XHUwMGUzbyBkb3MgR3VhcmFyYXBlcyJ9XX0=','2014-10-27 21:08:26'),('vqjca0zj1g192spcbx4ucvpg4qinubnb','MzAxM2I1ZjcyN2QwMjczMTU2MGQxOGQ5NTZmNjgyOGY0ZWZjYmRiODp7ImNpdGllcyI6W3siaWQiOjEsIm5hbWUiOiJPbGluZGEifSx7ImlkIjoyLCJuYW1lIjoiUmVjaWZlIn0seyJpZCI6MywibmFtZSI6IkNhbWFyYWdpYmUifSx7ImlkIjo0LCJuYW1lIjoiSmFib2F0XHUwMGUzbyBkb3MgR3VhcmFyYXBlcyJ9XX0=','2014-10-22 18:36:38'),('vs4uz5n2u2ndcnfo1s80kkzhnpoxwcox','YTY4YzBiMWJkNGJhNGZkNjQ1YTY2ZjE0YTQxMTExNjVhYjkyZDExNjp7ImNpdHkiOjIsImNpdGllcyI6W3siaWQiOjEsIm5hbWUiOiJPbGluZGEifSx7ImlkIjoyLCJuYW1lIjoiUmVjaWZlIn0seyJpZCI6MywibmFtZSI6IkNhbWFyYWdpYmUifSx7ImlkIjo0LCJuYW1lIjoiSmFib2F0XHUwMGUzbyBkb3MgR3VhcmFyYXBlcyJ9XSwidHlwZW9mZmVyIjoxfQ==','2014-10-29 11:40:41'),('vxfq655dmvjk4kytraiaieggiqe8nu2i','MzAxM2I1ZjcyN2QwMjczMTU2MGQxOGQ5NTZmNjgyOGY0ZWZjYmRiODp7ImNpdGllcyI6W3siaWQiOjEsIm5hbWUiOiJPbGluZGEifSx7ImlkIjoyLCJuYW1lIjoiUmVjaWZlIn0seyJpZCI6MywibmFtZSI6IkNhbWFyYWdpYmUifSx7ImlkIjo0LCJuYW1lIjoiSmFib2F0XHUwMGUzbyBkb3MgR3VhcmFyYXBlcyJ9XX0=','2014-10-24 20:32:43'),('vzsiyhgvth1e89lx9gwqannth5nq3z8t','MzAxM2I1ZjcyN2QwMjczMTU2MGQxOGQ5NTZmNjgyOGY0ZWZjYmRiODp7ImNpdGllcyI6W3siaWQiOjEsIm5hbWUiOiJPbGluZGEifSx7ImlkIjoyLCJuYW1lIjoiUmVjaWZlIn0seyJpZCI6MywibmFtZSI6IkNhbWFyYWdpYmUifSx7ImlkIjo0LCJuYW1lIjoiSmFib2F0XHUwMGUzbyBkb3MgR3VhcmFyYXBlcyJ9XX0=','2014-10-23 17:42:47'),('w08pgj85d8wshei36cy4t49czsrigiz5','MzAxM2I1ZjcyN2QwMjczMTU2MGQxOGQ5NTZmNjgyOGY0ZWZjYmRiODp7ImNpdGllcyI6W3siaWQiOjEsIm5hbWUiOiJPbGluZGEifSx7ImlkIjoyLCJuYW1lIjoiUmVjaWZlIn0seyJpZCI6MywibmFtZSI6IkNhbWFyYWdpYmUifSx7ImlkIjo0LCJuYW1lIjoiSmFib2F0XHUwMGUzbyBkb3MgR3VhcmFyYXBlcyJ9XX0=','2014-10-22 17:54:15'),('w1m85ldvoqoy6aw39e9hiccp9561g7sb','MzAxM2I1ZjcyN2QwMjczMTU2MGQxOGQ5NTZmNjgyOGY0ZWZjYmRiODp7ImNpdGllcyI6W3siaWQiOjEsIm5hbWUiOiJPbGluZGEifSx7ImlkIjoyLCJuYW1lIjoiUmVjaWZlIn0seyJpZCI6MywibmFtZSI6IkNhbWFyYWdpYmUifSx7ImlkIjo0LCJuYW1lIjoiSmFib2F0XHUwMGUzbyBkb3MgR3VhcmFyYXBlcyJ9XX0=','2014-10-24 20:15:08'),('w3uhsrtcsm0evhn52wpvdeqf1pdusr7m','MzAxM2I1ZjcyN2QwMjczMTU2MGQxOGQ5NTZmNjgyOGY0ZWZjYmRiODp7ImNpdGllcyI6W3siaWQiOjEsIm5hbWUiOiJPbGluZGEifSx7ImlkIjoyLCJuYW1lIjoiUmVjaWZlIn0seyJpZCI6MywibmFtZSI6IkNhbWFyYWdpYmUifSx7ImlkIjo0LCJuYW1lIjoiSmFib2F0XHUwMGUzbyBkb3MgR3VhcmFyYXBlcyJ9XX0=','2014-10-24 19:43:27'),('w4s7zz4qtkgcmaem3bcoaqhns3jg44tl','NWE4N2Q1OTUxYzUzMzNiZWU4ODBlZWYxMDNkN2VjNjgzNzIxY2M2Nzp7ImNpdHkiOjIsImNpdGllcyI6W3siaWQiOjEsIm5hbWUiOiJPbGluZGEifSx7ImlkIjoyLCJuYW1lIjoiUmVjaWZlIn0seyJpZCI6MywibmFtZSI6IkNhbWFyYWdpYmUifSx7ImlkIjo0LCJuYW1lIjoiSmFib2F0XHUwMGUzbyBkb3MgR3VhcmFyYXBlcyJ9XSwiX2F1dGhfdXNlcl9pZCI6MiwiX2F1dGhfdXNlcl9iYWNrZW5kIjoiYWNjb3VudC5iYWNrZW5kcy5BY2NvdW50c0JhY2tlbmQuQWNjb3VudHNCYWNrZW5kIiwidHlwZW9mZmVyIjoxLCJfc2Vzc2lvbl9leHBpcnkiOjAsIl9hdXRoX3VzZXJfaGFzaCI6ImI5NzZhMDYxNWFlODAwMDAzNDAwNDRlMmI5Yzc4NDYyYTE0ZTA0NDMifQ==','2014-10-29 17:33:32'),('w4v9mgw2uj6k1a0qwa6ymp2pinnegw9h','YTY4YzBiMWJkNGJhNGZkNjQ1YTY2ZjE0YTQxMTExNjVhYjkyZDExNjp7ImNpdHkiOjIsImNpdGllcyI6W3siaWQiOjEsIm5hbWUiOiJPbGluZGEifSx7ImlkIjoyLCJuYW1lIjoiUmVjaWZlIn0seyJpZCI6MywibmFtZSI6IkNhbWFyYWdpYmUifSx7ImlkIjo0LCJuYW1lIjoiSmFib2F0XHUwMGUzbyBkb3MgR3VhcmFyYXBlcyJ9XSwidHlwZW9mZmVyIjoxfQ==','2014-10-29 11:30:54'),('w7buwbz0x9q2nn1ic1i1kdizwtl7ultx','MDBjYTNjYTljNzc4NjUwMTdhNzIwMTM3ZjQ4MDM5YzE5ZDgwZTk3Njp7Il9hdXRoX3VzZXJfaGFzaCI6ImMxYTg1OTFmMTFlYzc0NjJkZTFhNDBmMzc2NjA3NTY4ODIyOGE0ZmMiLCJfYXV0aF91c2VyX2JhY2tlbmQiOiJkamFuZ28uY29udHJpYi5hdXRoLmJhY2tlbmRzLk1vZGVsQmFja2VuZCIsIl9hdXRoX3VzZXJfaWQiOjF9','2014-10-15 19:47:10'),('w7dc0co959kuocml6n512cfatm6iwvq7','MzAxM2I1ZjcyN2QwMjczMTU2MGQxOGQ5NTZmNjgyOGY0ZWZjYmRiODp7ImNpdGllcyI6W3siaWQiOjEsIm5hbWUiOiJPbGluZGEifSx7ImlkIjoyLCJuYW1lIjoiUmVjaWZlIn0seyJpZCI6MywibmFtZSI6IkNhbWFyYWdpYmUifSx7ImlkIjo0LCJuYW1lIjoiSmFib2F0XHUwMGUzbyBkb3MgR3VhcmFyYXBlcyJ9XX0=','2014-10-23 18:23:06'),('w7pvbhuap59l13b04ngoe7l709ayp7cb','MzAxM2I1ZjcyN2QwMjczMTU2MGQxOGQ5NTZmNjgyOGY0ZWZjYmRiODp7ImNpdGllcyI6W3siaWQiOjEsIm5hbWUiOiJPbGluZGEifSx7ImlkIjoyLCJuYW1lIjoiUmVjaWZlIn0seyJpZCI6MywibmFtZSI6IkNhbWFyYWdpYmUifSx7ImlkIjo0LCJuYW1lIjoiSmFib2F0XHUwMGUzbyBkb3MgR3VhcmFyYXBlcyJ9XX0=','2014-10-23 21:11:24'),('w98d48rbckpmj93iy6mvmioos4dtgmqk','MzAxM2I1ZjcyN2QwMjczMTU2MGQxOGQ5NTZmNjgyOGY0ZWZjYmRiODp7ImNpdGllcyI6W3siaWQiOjEsIm5hbWUiOiJPbGluZGEifSx7ImlkIjoyLCJuYW1lIjoiUmVjaWZlIn0seyJpZCI6MywibmFtZSI6IkNhbWFyYWdpYmUifSx7ImlkIjo0LCJuYW1lIjoiSmFib2F0XHUwMGUzbyBkb3MgR3VhcmFyYXBlcyJ9XX0=','2014-10-22 18:52:25'),('wahrahjrsw9s0hwywei91lm2lsqoxvg1','YTY4YzBiMWJkNGJhNGZkNjQ1YTY2ZjE0YTQxMTExNjVhYjkyZDExNjp7ImNpdHkiOjIsImNpdGllcyI6W3siaWQiOjEsIm5hbWUiOiJPbGluZGEifSx7ImlkIjoyLCJuYW1lIjoiUmVjaWZlIn0seyJpZCI6MywibmFtZSI6IkNhbWFyYWdpYmUifSx7ImlkIjo0LCJuYW1lIjoiSmFib2F0XHUwMGUzbyBkb3MgR3VhcmFyYXBlcyJ9XSwidHlwZW9mZmVyIjoxfQ==','2014-11-04 18:38:17'),('waz5if6xe53hjn6meeixtngowgy6uhb9','NWVmODRiM2M5MGY2ZDBiN2Y0N2I3OTNiYTZiYjI2NzIwMzBlMjkwODp7fQ==','2014-10-29 15:31:59'),('wb40oh8vl7i7ygr089xvptmvlmoxsg2p','YTY4YzBiMWJkNGJhNGZkNjQ1YTY2ZjE0YTQxMTExNjVhYjkyZDExNjp7ImNpdHkiOjIsImNpdGllcyI6W3siaWQiOjEsIm5hbWUiOiJPbGluZGEifSx7ImlkIjoyLCJuYW1lIjoiUmVjaWZlIn0seyJpZCI6MywibmFtZSI6IkNhbWFyYWdpYmUifSx7ImlkIjo0LCJuYW1lIjoiSmFib2F0XHUwMGUzbyBkb3MgR3VhcmFyYXBlcyJ9XSwidHlwZW9mZmVyIjoxfQ==','2014-10-29 11:19:21'),('wbcgyzytjb82vwxi87pt4hoza6inbhs9','MzAxM2I1ZjcyN2QwMjczMTU2MGQxOGQ5NTZmNjgyOGY0ZWZjYmRiODp7ImNpdGllcyI6W3siaWQiOjEsIm5hbWUiOiJPbGluZGEifSx7ImlkIjoyLCJuYW1lIjoiUmVjaWZlIn0seyJpZCI6MywibmFtZSI6IkNhbWFyYWdpYmUifSx7ImlkIjo0LCJuYW1lIjoiSmFib2F0XHUwMGUzbyBkb3MgR3VhcmFyYXBlcyJ9XX0=','2014-10-23 22:26:23'),('wbg83k56th364mcu280bkasrrdld0yk1','MzAxM2I1ZjcyN2QwMjczMTU2MGQxOGQ5NTZmNjgyOGY0ZWZjYmRiODp7ImNpdGllcyI6W3siaWQiOjEsIm5hbWUiOiJPbGluZGEifSx7ImlkIjoyLCJuYW1lIjoiUmVjaWZlIn0seyJpZCI6MywibmFtZSI6IkNhbWFyYWdpYmUifSx7ImlkIjo0LCJuYW1lIjoiSmFib2F0XHUwMGUzbyBkb3MgR3VhcmFyYXBlcyJ9XX0=','2014-10-28 16:19:50'),('wcdpxwrx3489q3nl3nxunfdr0rwq20r8','YTY4YzBiMWJkNGJhNGZkNjQ1YTY2ZjE0YTQxMTExNjVhYjkyZDExNjp7ImNpdHkiOjIsImNpdGllcyI6W3siaWQiOjEsIm5hbWUiOiJPbGluZGEifSx7ImlkIjoyLCJuYW1lIjoiUmVjaWZlIn0seyJpZCI6MywibmFtZSI6IkNhbWFyYWdpYmUifSx7ImlkIjo0LCJuYW1lIjoiSmFib2F0XHUwMGUzbyBkb3MgR3VhcmFyYXBlcyJ9XSwidHlwZW9mZmVyIjoxfQ==','2014-10-29 11:29:54'),('wcppbzyyfde6to717nweh6jmkwl0rpv3','MzAxM2I1ZjcyN2QwMjczMTU2MGQxOGQ5NTZmNjgyOGY0ZWZjYmRiODp7ImNpdGllcyI6W3siaWQiOjEsIm5hbWUiOiJPbGluZGEifSx7ImlkIjoyLCJuYW1lIjoiUmVjaWZlIn0seyJpZCI6MywibmFtZSI6IkNhbWFyYWdpYmUifSx7ImlkIjo0LCJuYW1lIjoiSmFib2F0XHUwMGUzbyBkb3MgR3VhcmFyYXBlcyJ9XX0=','2014-10-24 20:35:58'),('wedw3mfyo7m8vq1cb1atgyhqvgon3p6i','MzAxM2I1ZjcyN2QwMjczMTU2MGQxOGQ5NTZmNjgyOGY0ZWZjYmRiODp7ImNpdGllcyI6W3siaWQiOjEsIm5hbWUiOiJPbGluZGEifSx7ImlkIjoyLCJuYW1lIjoiUmVjaWZlIn0seyJpZCI6MywibmFtZSI6IkNhbWFyYWdpYmUifSx7ImlkIjo0LCJuYW1lIjoiSmFib2F0XHUwMGUzbyBkb3MgR3VhcmFyYXBlcyJ9XX0=','2014-10-27 20:32:33'),('wfw0udzg2xmxfj0j7yw99t2kpdvx3qp8','MzAxM2I1ZjcyN2QwMjczMTU2MGQxOGQ5NTZmNjgyOGY0ZWZjYmRiODp7ImNpdGllcyI6W3siaWQiOjEsIm5hbWUiOiJPbGluZGEifSx7ImlkIjoyLCJuYW1lIjoiUmVjaWZlIn0seyJpZCI6MywibmFtZSI6IkNhbWFyYWdpYmUifSx7ImlkIjo0LCJuYW1lIjoiSmFib2F0XHUwMGUzbyBkb3MgR3VhcmFyYXBlcyJ9XX0=','2014-10-23 18:22:12'),('wfw96v5bl5bjcrvpmlax0wq078o62als','MzAxM2I1ZjcyN2QwMjczMTU2MGQxOGQ5NTZmNjgyOGY0ZWZjYmRiODp7ImNpdGllcyI6W3siaWQiOjEsIm5hbWUiOiJPbGluZGEifSx7ImlkIjoyLCJuYW1lIjoiUmVjaWZlIn0seyJpZCI6MywibmFtZSI6IkNhbWFyYWdpYmUifSx7ImlkIjo0LCJuYW1lIjoiSmFib2F0XHUwMGUzbyBkb3MgR3VhcmFyYXBlcyJ9XX0=','2014-10-23 18:22:47'),('wiik7kinu47aeiwyq3pzav892gmnpmx1','MzAxM2I1ZjcyN2QwMjczMTU2MGQxOGQ5NTZmNjgyOGY0ZWZjYmRiODp7ImNpdGllcyI6W3siaWQiOjEsIm5hbWUiOiJPbGluZGEifSx7ImlkIjoyLCJuYW1lIjoiUmVjaWZlIn0seyJpZCI6MywibmFtZSI6IkNhbWFyYWdpYmUifSx7ImlkIjo0LCJuYW1lIjoiSmFib2F0XHUwMGUzbyBkb3MgR3VhcmFyYXBlcyJ9XX0=','2014-10-27 17:03:14'),('wjbzx08ztiy4rx25nb2g3hjb8iymarn9','YTY4YzBiMWJkNGJhNGZkNjQ1YTY2ZjE0YTQxMTExNjVhYjkyZDExNjp7ImNpdHkiOjIsImNpdGllcyI6W3siaWQiOjEsIm5hbWUiOiJPbGluZGEifSx7ImlkIjoyLCJuYW1lIjoiUmVjaWZlIn0seyJpZCI6MywibmFtZSI6IkNhbWFyYWdpYmUifSx7ImlkIjo0LCJuYW1lIjoiSmFib2F0XHUwMGUzbyBkb3MgR3VhcmFyYXBlcyJ9XSwidHlwZW9mZmVyIjoxfQ==','2014-10-29 11:40:41'),('wjeo5np9ajqnow6r0m9kxx4vkewkwvgr','MzAxM2I1ZjcyN2QwMjczMTU2MGQxOGQ5NTZmNjgyOGY0ZWZjYmRiODp7ImNpdGllcyI6W3siaWQiOjEsIm5hbWUiOiJPbGluZGEifSx7ImlkIjoyLCJuYW1lIjoiUmVjaWZlIn0seyJpZCI6MywibmFtZSI6IkNhbWFyYWdpYmUifSx7ImlkIjo0LCJuYW1lIjoiSmFib2F0XHUwMGUzbyBkb3MgR3VhcmFyYXBlcyJ9XX0=','2014-10-24 20:24:32'),('wkfrhm7p5l1mzca6qnqkeki3vmlkz1iv','MzAxM2I1ZjcyN2QwMjczMTU2MGQxOGQ5NTZmNjgyOGY0ZWZjYmRiODp7ImNpdGllcyI6W3siaWQiOjEsIm5hbWUiOiJPbGluZGEifSx7ImlkIjoyLCJuYW1lIjoiUmVjaWZlIn0seyJpZCI6MywibmFtZSI6IkNhbWFyYWdpYmUifSx7ImlkIjo0LCJuYW1lIjoiSmFib2F0XHUwMGUzbyBkb3MgR3VhcmFyYXBlcyJ9XX0=','2014-10-22 15:36:04'),('wl1nivec579bgs0kykkpbpxoc36dozj7','MzAxM2I1ZjcyN2QwMjczMTU2MGQxOGQ5NTZmNjgyOGY0ZWZjYmRiODp7ImNpdGllcyI6W3siaWQiOjEsIm5hbWUiOiJPbGluZGEifSx7ImlkIjoyLCJuYW1lIjoiUmVjaWZlIn0seyJpZCI6MywibmFtZSI6IkNhbWFyYWdpYmUifSx7ImlkIjo0LCJuYW1lIjoiSmFib2F0XHUwMGUzbyBkb3MgR3VhcmFyYXBlcyJ9XX0=','2014-10-23 20:49:18'),('wnbom95ziu6sn0udypz0urtoe6qgjgwa','MTVhMDA1MDY4Yzg5OTk5NGQ3OTRkMjI5YzE3Yjc1MThiMzM3NGM2ZDp7ImNpdHkiOjIsIl9hdXRoX3VzZXJfaGFzaCI6IjlhYmI3NmUyZGQzNmM3MzhlM2Q4OGE0MGQ3ODFmYmUzOTUyMWQ1OTYiLCJfYXV0aF91c2VyX2lkIjoyLCJfYXV0aF91c2VyX2JhY2tlbmQiOiJhY2NvdW50LmJhY2tlbmRzLkFjY291bnRzQmFja2VuZC5BY2NvdW50c0JhY2tlbmQiLCJ0eXBlb2ZmZXIiOjEsIl9zZXNzaW9uX2V4cGlyeSI6MCwiY2l0aWVzIjpbeyJpZCI6MSwibmFtZSI6Ik9saW5kYSJ9LHsiaWQiOjIsIm5hbWUiOiJSZWNpZmUifSx7ImlkIjozLCJuYW1lIjoiQ2FtYXJhZ2liZSJ9LHsiaWQiOjQsIm5hbWUiOiJKYWJvYXRcdTAwZTNvIGRvcyBHdWFyYXJhcGVzIn1dfQ==','2014-11-17 14:55:58'),('wo60aetun96k1wtmv2xc71z97jg7kflw','MzAxM2I1ZjcyN2QwMjczMTU2MGQxOGQ5NTZmNjgyOGY0ZWZjYmRiODp7ImNpdGllcyI6W3siaWQiOjEsIm5hbWUiOiJPbGluZGEifSx7ImlkIjoyLCJuYW1lIjoiUmVjaWZlIn0seyJpZCI6MywibmFtZSI6IkNhbWFyYWdpYmUifSx7ImlkIjo0LCJuYW1lIjoiSmFib2F0XHUwMGUzbyBkb3MgR3VhcmFyYXBlcyJ9XX0=','2014-10-24 20:34:24'),('wpsc7buh62jzgj8g1dy6vnzu1rzyarvz','YTY4YzBiMWJkNGJhNGZkNjQ1YTY2ZjE0YTQxMTExNjVhYjkyZDExNjp7ImNpdHkiOjIsImNpdGllcyI6W3siaWQiOjEsIm5hbWUiOiJPbGluZGEifSx7ImlkIjoyLCJuYW1lIjoiUmVjaWZlIn0seyJpZCI6MywibmFtZSI6IkNhbWFyYWdpYmUifSx7ImlkIjo0LCJuYW1lIjoiSmFib2F0XHUwMGUzbyBkb3MgR3VhcmFyYXBlcyJ9XSwidHlwZW9mZmVyIjoxfQ==','2014-10-29 11:17:13'),('wsuare5re068bsnqt2itejcvlw5e3gtg','MzAxM2I1ZjcyN2QwMjczMTU2MGQxOGQ5NTZmNjgyOGY0ZWZjYmRiODp7ImNpdGllcyI6W3siaWQiOjEsIm5hbWUiOiJPbGluZGEifSx7ImlkIjoyLCJuYW1lIjoiUmVjaWZlIn0seyJpZCI6MywibmFtZSI6IkNhbWFyYWdpYmUifSx7ImlkIjo0LCJuYW1lIjoiSmFib2F0XHUwMGUzbyBkb3MgR3VhcmFyYXBlcyJ9XX0=','2014-10-24 19:43:47'),('wu30fjym8ht61g8g1997ro08h1xkibx6','ZjcyMTljY2YwZDk2ODAzZjFmZDQ0NDg5M2E1NTg1Y2NlNjU2MDE5Njp7ImNpdHkiOjIsImNpdGllcyI6W3siaWQiOjEsIm5hbWUiOiJPbGluZGEifSx7ImlkIjoyLCJuYW1lIjoiUmVjaWZlIn0seyJpZCI6MywibmFtZSI6IkNhbWFyYWdpYmUifSx7ImlkIjo0LCJuYW1lIjoiSmFib2F0XHUwMGUzbyBkb3MgR3VhcmFyYXBlcyJ9XSwidHlwZW9mZmVyIjoyfQ==','2014-10-29 11:22:59'),('wu42w8c5kxj5e2bshfsa7cx8ydroqvvz','OTlkMjVkZTcxMTJhZGVmMWU4YjgyNDk5ZjUxYzg2NDdhZDlkY2I4Mjp7Il9zZXNzaW9uX2V4cGlyeSI6MCwiX2F1dGhfdXNlcl9oYXNoIjoiYjk3NmEwNjE1YWU4MDAwMDM0MDA0NGUyYjljNzg0NjJhMTRlMDQ0MyIsIl9hdXRoX3VzZXJfYmFja2VuZCI6ImFjY291bnQuYmFja2VuZHMuQWNjb3VudHNCYWNrZW5kLkFjY291bnRzQmFja2VuZCIsIl9hdXRoX3VzZXJfaWQiOjJ9','2014-10-21 13:13:48'),('wv59pukmnnffahn341q7plldh1c5obov','MzAxM2I1ZjcyN2QwMjczMTU2MGQxOGQ5NTZmNjgyOGY0ZWZjYmRiODp7ImNpdGllcyI6W3siaWQiOjEsIm5hbWUiOiJPbGluZGEifSx7ImlkIjoyLCJuYW1lIjoiUmVjaWZlIn0seyJpZCI6MywibmFtZSI6IkNhbWFyYWdpYmUifSx7ImlkIjo0LCJuYW1lIjoiSmFib2F0XHUwMGUzbyBkb3MgR3VhcmFyYXBlcyJ9XX0=','2014-10-23 21:33:43'),('wvbaconxze62kz8ufl38ocydq88z6p4l','MzAxM2I1ZjcyN2QwMjczMTU2MGQxOGQ5NTZmNjgyOGY0ZWZjYmRiODp7ImNpdGllcyI6W3siaWQiOjEsIm5hbWUiOiJPbGluZGEifSx7ImlkIjoyLCJuYW1lIjoiUmVjaWZlIn0seyJpZCI6MywibmFtZSI6IkNhbWFyYWdpYmUifSx7ImlkIjo0LCJuYW1lIjoiSmFib2F0XHUwMGUzbyBkb3MgR3VhcmFyYXBlcyJ9XX0=','2014-10-24 20:14:56'),('wxldv62j9h5gz20ihzz18eidadyw15aa','NWVmODRiM2M5MGY2ZDBiN2Y0N2I3OTNiYTZiYjI2NzIwMzBlMjkwODp7fQ==','2014-10-29 15:32:27'),('wyj50jhnsxglrpcss8t92npysdyjcy28','MzAxM2I1ZjcyN2QwMjczMTU2MGQxOGQ5NTZmNjgyOGY0ZWZjYmRiODp7ImNpdGllcyI6W3siaWQiOjEsIm5hbWUiOiJPbGluZGEifSx7ImlkIjoyLCJuYW1lIjoiUmVjaWZlIn0seyJpZCI6MywibmFtZSI6IkNhbWFyYWdpYmUifSx7ImlkIjo0LCJuYW1lIjoiSmFib2F0XHUwMGUzbyBkb3MgR3VhcmFyYXBlcyJ9XX0=','2014-10-22 21:04:45'),('x0cn0049khh14fziphuepbtz2z6o3xsj','MzAxM2I1ZjcyN2QwMjczMTU2MGQxOGQ5NTZmNjgyOGY0ZWZjYmRiODp7ImNpdGllcyI6W3siaWQiOjEsIm5hbWUiOiJPbGluZGEifSx7ImlkIjoyLCJuYW1lIjoiUmVjaWZlIn0seyJpZCI6MywibmFtZSI6IkNhbWFyYWdpYmUifSx7ImlkIjo0LCJuYW1lIjoiSmFib2F0XHUwMGUzbyBkb3MgR3VhcmFyYXBlcyJ9XX0=','2014-10-24 20:30:37'),('x1j60ridwe0tvvafh1ky0u62wwn8sgjd','MzAxM2I1ZjcyN2QwMjczMTU2MGQxOGQ5NTZmNjgyOGY0ZWZjYmRiODp7ImNpdGllcyI6W3siaWQiOjEsIm5hbWUiOiJPbGluZGEifSx7ImlkIjoyLCJuYW1lIjoiUmVjaWZlIn0seyJpZCI6MywibmFtZSI6IkNhbWFyYWdpYmUifSx7ImlkIjo0LCJuYW1lIjoiSmFib2F0XHUwMGUzbyBkb3MgR3VhcmFyYXBlcyJ9XX0=','2014-10-23 20:16:25'),('x2jzpfdsnsah37wbav586ce9aypt9b7c','ZjcyMTljY2YwZDk2ODAzZjFmZDQ0NDg5M2E1NTg1Y2NlNjU2MDE5Njp7ImNpdHkiOjIsImNpdGllcyI6W3siaWQiOjEsIm5hbWUiOiJPbGluZGEifSx7ImlkIjoyLCJuYW1lIjoiUmVjaWZlIn0seyJpZCI6MywibmFtZSI6IkNhbWFyYWdpYmUifSx7ImlkIjo0LCJuYW1lIjoiSmFib2F0XHUwMGUzbyBkb3MgR3VhcmFyYXBlcyJ9XSwidHlwZW9mZmVyIjoyfQ==','2014-10-29 11:41:50'),('x35uhfl8wqnfbt1x9jvs14k4x4tq94da','MzAxM2I1ZjcyN2QwMjczMTU2MGQxOGQ5NTZmNjgyOGY0ZWZjYmRiODp7ImNpdGllcyI6W3siaWQiOjEsIm5hbWUiOiJPbGluZGEifSx7ImlkIjoyLCJuYW1lIjoiUmVjaWZlIn0seyJpZCI6MywibmFtZSI6IkNhbWFyYWdpYmUifSx7ImlkIjo0LCJuYW1lIjoiSmFib2F0XHUwMGUzbyBkb3MgR3VhcmFyYXBlcyJ9XX0=','2014-10-24 20:18:59'),('x36aq1m2rb42ncfz3i7i99o6b84k7j8k','MzAxM2I1ZjcyN2QwMjczMTU2MGQxOGQ5NTZmNjgyOGY0ZWZjYmRiODp7ImNpdGllcyI6W3siaWQiOjEsIm5hbWUiOiJPbGluZGEifSx7ImlkIjoyLCJuYW1lIjoiUmVjaWZlIn0seyJpZCI6MywibmFtZSI6IkNhbWFyYWdpYmUifSx7ImlkIjo0LCJuYW1lIjoiSmFib2F0XHUwMGUzbyBkb3MgR3VhcmFyYXBlcyJ9XX0=','2014-10-22 18:22:22'),('x786l1viy4irht512fibix7jircg86lg','YTY4YzBiMWJkNGJhNGZkNjQ1YTY2ZjE0YTQxMTExNjVhYjkyZDExNjp7ImNpdHkiOjIsImNpdGllcyI6W3siaWQiOjEsIm5hbWUiOiJPbGluZGEifSx7ImlkIjoyLCJuYW1lIjoiUmVjaWZlIn0seyJpZCI6MywibmFtZSI6IkNhbWFyYWdpYmUifSx7ImlkIjo0LCJuYW1lIjoiSmFib2F0XHUwMGUzbyBkb3MgR3VhcmFyYXBlcyJ9XSwidHlwZW9mZmVyIjoxfQ==','2014-10-29 11:31:15'),('x8xqocjyta5rmj3qj89jl724utekexfc','NWVmODRiM2M5MGY2ZDBiN2Y0N2I3OTNiYTZiYjI2NzIwMzBlMjkwODp7fQ==','2014-10-29 11:13:07'),('xbk0h31ia7t12tp5zk1wc4h4aaqo3f3m','YTY4YzBiMWJkNGJhNGZkNjQ1YTY2ZjE0YTQxMTExNjVhYjkyZDExNjp7ImNpdHkiOjIsImNpdGllcyI6W3siaWQiOjEsIm5hbWUiOiJPbGluZGEifSx7ImlkIjoyLCJuYW1lIjoiUmVjaWZlIn0seyJpZCI6MywibmFtZSI6IkNhbWFyYWdpYmUifSx7ImlkIjo0LCJuYW1lIjoiSmFib2F0XHUwMGUzbyBkb3MgR3VhcmFyYXBlcyJ9XSwidHlwZW9mZmVyIjoxfQ==','2014-10-29 11:13:44'),('xc5ja6acalthp115aokf6srl2u0oxk2u','MzAxM2I1ZjcyN2QwMjczMTU2MGQxOGQ5NTZmNjgyOGY0ZWZjYmRiODp7ImNpdGllcyI6W3siaWQiOjEsIm5hbWUiOiJPbGluZGEifSx7ImlkIjoyLCJuYW1lIjoiUmVjaWZlIn0seyJpZCI6MywibmFtZSI6IkNhbWFyYWdpYmUifSx7ImlkIjo0LCJuYW1lIjoiSmFib2F0XHUwMGUzbyBkb3MgR3VhcmFyYXBlcyJ9XX0=','2014-10-28 16:18:16'),('xc9mndu04d8p9l8rilu1i56jv8m2xg58','MzAxM2I1ZjcyN2QwMjczMTU2MGQxOGQ5NTZmNjgyOGY0ZWZjYmRiODp7ImNpdGllcyI6W3siaWQiOjEsIm5hbWUiOiJPbGluZGEifSx7ImlkIjoyLCJuYW1lIjoiUmVjaWZlIn0seyJpZCI6MywibmFtZSI6IkNhbWFyYWdpYmUifSx7ImlkIjo0LCJuYW1lIjoiSmFib2F0XHUwMGUzbyBkb3MgR3VhcmFyYXBlcyJ9XX0=','2014-10-24 20:20:47'),('xcw4wjjhm89kaxxp7o10m5ru0d8cgetu','YTY4YzBiMWJkNGJhNGZkNjQ1YTY2ZjE0YTQxMTExNjVhYjkyZDExNjp7ImNpdHkiOjIsImNpdGllcyI6W3siaWQiOjEsIm5hbWUiOiJPbGluZGEifSx7ImlkIjoyLCJuYW1lIjoiUmVjaWZlIn0seyJpZCI6MywibmFtZSI6IkNhbWFyYWdpYmUifSx7ImlkIjo0LCJuYW1lIjoiSmFib2F0XHUwMGUzbyBkb3MgR3VhcmFyYXBlcyJ9XSwidHlwZW9mZmVyIjoxfQ==','2014-10-29 11:13:44'),('xd7z7oy10eojuijjj2h26jervvxv48sp','MzAxM2I1ZjcyN2QwMjczMTU2MGQxOGQ5NTZmNjgyOGY0ZWZjYmRiODp7ImNpdGllcyI6W3siaWQiOjEsIm5hbWUiOiJPbGluZGEifSx7ImlkIjoyLCJuYW1lIjoiUmVjaWZlIn0seyJpZCI6MywibmFtZSI6IkNhbWFyYWdpYmUifSx7ImlkIjo0LCJuYW1lIjoiSmFib2F0XHUwMGUzbyBkb3MgR3VhcmFyYXBlcyJ9XX0=','2014-10-24 20:24:30'),('xgo5a13vpvyxojrg42x259nid4ll1zvt','MzAxM2I1ZjcyN2QwMjczMTU2MGQxOGQ5NTZmNjgyOGY0ZWZjYmRiODp7ImNpdGllcyI6W3siaWQiOjEsIm5hbWUiOiJPbGluZGEifSx7ImlkIjoyLCJuYW1lIjoiUmVjaWZlIn0seyJpZCI6MywibmFtZSI6IkNhbWFyYWdpYmUifSx7ImlkIjo0LCJuYW1lIjoiSmFib2F0XHUwMGUzbyBkb3MgR3VhcmFyYXBlcyJ9XX0=','2014-10-22 15:29:21'),('xic9k8ezcbao5fnhihvdgntd9r4k84mi','MzAxM2I1ZjcyN2QwMjczMTU2MGQxOGQ5NTZmNjgyOGY0ZWZjYmRiODp7ImNpdGllcyI6W3siaWQiOjEsIm5hbWUiOiJPbGluZGEifSx7ImlkIjoyLCJuYW1lIjoiUmVjaWZlIn0seyJpZCI6MywibmFtZSI6IkNhbWFyYWdpYmUifSx7ImlkIjo0LCJuYW1lIjoiSmFib2F0XHUwMGUzbyBkb3MgR3VhcmFyYXBlcyJ9XX0=','2014-10-22 15:41:02'),('xiqw17mmo8vbvpcphe295cqx1jzovgoi','MzAxM2I1ZjcyN2QwMjczMTU2MGQxOGQ5NTZmNjgyOGY0ZWZjYmRiODp7ImNpdGllcyI6W3siaWQiOjEsIm5hbWUiOiJPbGluZGEifSx7ImlkIjoyLCJuYW1lIjoiUmVjaWZlIn0seyJpZCI6MywibmFtZSI6IkNhbWFyYWdpYmUifSx7ImlkIjo0LCJuYW1lIjoiSmFib2F0XHUwMGUzbyBkb3MgR3VhcmFyYXBlcyJ9XX0=','2014-10-23 18:09:52'),('xjndbkpf1rqlqsqbe90pmqrr2gmxlc7d','ZjcyMTljY2YwZDk2ODAzZjFmZDQ0NDg5M2E1NTg1Y2NlNjU2MDE5Njp7ImNpdHkiOjIsImNpdGllcyI6W3siaWQiOjEsIm5hbWUiOiJPbGluZGEifSx7ImlkIjoyLCJuYW1lIjoiUmVjaWZlIn0seyJpZCI6MywibmFtZSI6IkNhbWFyYWdpYmUifSx7ImlkIjo0LCJuYW1lIjoiSmFib2F0XHUwMGUzbyBkb3MgR3VhcmFyYXBlcyJ9XSwidHlwZW9mZmVyIjoyfQ==','2014-10-29 11:31:06'),('xnfk1yka5fdhaupr4vo0c7gchraf65vc','MzAxM2I1ZjcyN2QwMjczMTU2MGQxOGQ5NTZmNjgyOGY0ZWZjYmRiODp7ImNpdGllcyI6W3siaWQiOjEsIm5hbWUiOiJPbGluZGEifSx7ImlkIjoyLCJuYW1lIjoiUmVjaWZlIn0seyJpZCI6MywibmFtZSI6IkNhbWFyYWdpYmUifSx7ImlkIjo0LCJuYW1lIjoiSmFib2F0XHUwMGUzbyBkb3MgR3VhcmFyYXBlcyJ9XX0=','2014-10-24 20:32:44'),('xqcdsx41tmar6yxmjh5exqe12ev2tlom','MzAxM2I1ZjcyN2QwMjczMTU2MGQxOGQ5NTZmNjgyOGY0ZWZjYmRiODp7ImNpdGllcyI6W3siaWQiOjEsIm5hbWUiOiJPbGluZGEifSx7ImlkIjoyLCJuYW1lIjoiUmVjaWZlIn0seyJpZCI6MywibmFtZSI6IkNhbWFyYWdpYmUifSx7ImlkIjo0LCJuYW1lIjoiSmFib2F0XHUwMGUzbyBkb3MgR3VhcmFyYXBlcyJ9XX0=','2014-10-22 18:47:43'),('xqvkbmqfegk7bd8vb2r5d8un0xjft7z2','YTY4YzBiMWJkNGJhNGZkNjQ1YTY2ZjE0YTQxMTExNjVhYjkyZDExNjp7ImNpdHkiOjIsImNpdGllcyI6W3siaWQiOjEsIm5hbWUiOiJPbGluZGEifSx7ImlkIjoyLCJuYW1lIjoiUmVjaWZlIn0seyJpZCI6MywibmFtZSI6IkNhbWFyYWdpYmUifSx7ImlkIjo0LCJuYW1lIjoiSmFib2F0XHUwMGUzbyBkb3MgR3VhcmFyYXBlcyJ9XSwidHlwZW9mZmVyIjoxfQ==','2014-10-29 10:48:50'),('xreu62w3h5tqqx0eygw1ijooy2k3pxjv','MzAxM2I1ZjcyN2QwMjczMTU2MGQxOGQ5NTZmNjgyOGY0ZWZjYmRiODp7ImNpdGllcyI6W3siaWQiOjEsIm5hbWUiOiJPbGluZGEifSx7ImlkIjoyLCJuYW1lIjoiUmVjaWZlIn0seyJpZCI6MywibmFtZSI6IkNhbWFyYWdpYmUifSx7ImlkIjo0LCJuYW1lIjoiSmFib2F0XHUwMGUzbyBkb3MgR3VhcmFyYXBlcyJ9XX0=','2014-10-23 20:35:14'),('xro2pl6xbtijvwunhy5jp9ji7pgiwjzs','MzAxM2I1ZjcyN2QwMjczMTU2MGQxOGQ5NTZmNjgyOGY0ZWZjYmRiODp7ImNpdGllcyI6W3siaWQiOjEsIm5hbWUiOiJPbGluZGEifSx7ImlkIjoyLCJuYW1lIjoiUmVjaWZlIn0seyJpZCI6MywibmFtZSI6IkNhbWFyYWdpYmUifSx7ImlkIjo0LCJuYW1lIjoiSmFib2F0XHUwMGUzbyBkb3MgR3VhcmFyYXBlcyJ9XX0=','2014-10-28 16:17:00'),('xsz21h2niia2t3x1sivzpo7cg4ggshws','YTY4YzBiMWJkNGJhNGZkNjQ1YTY2ZjE0YTQxMTExNjVhYjkyZDExNjp7ImNpdHkiOjIsImNpdGllcyI6W3siaWQiOjEsIm5hbWUiOiJPbGluZGEifSx7ImlkIjoyLCJuYW1lIjoiUmVjaWZlIn0seyJpZCI6MywibmFtZSI6IkNhbWFyYWdpYmUifSx7ImlkIjo0LCJuYW1lIjoiSmFib2F0XHUwMGUzbyBkb3MgR3VhcmFyYXBlcyJ9XSwidHlwZW9mZmVyIjoxfQ==','2014-10-29 11:16:58'),('xty9vvje80gj5wmrxp4k3ojf2wl7r6dl','YTY4YzBiMWJkNGJhNGZkNjQ1YTY2ZjE0YTQxMTExNjVhYjkyZDExNjp7ImNpdHkiOjIsImNpdGllcyI6W3siaWQiOjEsIm5hbWUiOiJPbGluZGEifSx7ImlkIjoyLCJuYW1lIjoiUmVjaWZlIn0seyJpZCI6MywibmFtZSI6IkNhbWFyYWdpYmUifSx7ImlkIjo0LCJuYW1lIjoiSmFib2F0XHUwMGUzbyBkb3MgR3VhcmFyYXBlcyJ9XSwidHlwZW9mZmVyIjoxfQ==','2014-10-29 11:29:54'),('xuqt28dbubcbhtn5udz8z3t9adp5vwv6','MzAxM2I1ZjcyN2QwMjczMTU2MGQxOGQ5NTZmNjgyOGY0ZWZjYmRiODp7ImNpdGllcyI6W3siaWQiOjEsIm5hbWUiOiJPbGluZGEifSx7ImlkIjoyLCJuYW1lIjoiUmVjaWZlIn0seyJpZCI6MywibmFtZSI6IkNhbWFyYWdpYmUifSx7ImlkIjo0LCJuYW1lIjoiSmFib2F0XHUwMGUzbyBkb3MgR3VhcmFyYXBlcyJ9XX0=','2014-10-22 17:57:38'),('xz3dl0458lwuv095fisp0th04dpvkw06','MzAxM2I1ZjcyN2QwMjczMTU2MGQxOGQ5NTZmNjgyOGY0ZWZjYmRiODp7ImNpdGllcyI6W3siaWQiOjEsIm5hbWUiOiJPbGluZGEifSx7ImlkIjoyLCJuYW1lIjoiUmVjaWZlIn0seyJpZCI6MywibmFtZSI6IkNhbWFyYWdpYmUifSx7ImlkIjo0LCJuYW1lIjoiSmFib2F0XHUwMGUzbyBkb3MgR3VhcmFyYXBlcyJ9XX0=','2014-10-23 21:33:55'),('y0s7ixt0ckmi5q1w8b629yiv8jysbmzf','MzAxM2I1ZjcyN2QwMjczMTU2MGQxOGQ5NTZmNjgyOGY0ZWZjYmRiODp7ImNpdGllcyI6W3siaWQiOjEsIm5hbWUiOiJPbGluZGEifSx7ImlkIjoyLCJuYW1lIjoiUmVjaWZlIn0seyJpZCI6MywibmFtZSI6IkNhbWFyYWdpYmUifSx7ImlkIjo0LCJuYW1lIjoiSmFib2F0XHUwMGUzbyBkb3MgR3VhcmFyYXBlcyJ9XX0=','2014-10-22 21:10:44'),('y1604nzhvrqalffhd6d8uwgz3rhct9l6','MzAxM2I1ZjcyN2QwMjczMTU2MGQxOGQ5NTZmNjgyOGY0ZWZjYmRiODp7ImNpdGllcyI6W3siaWQiOjEsIm5hbWUiOiJPbGluZGEifSx7ImlkIjoyLCJuYW1lIjoiUmVjaWZlIn0seyJpZCI6MywibmFtZSI6IkNhbWFyYWdpYmUifSx7ImlkIjo0LCJuYW1lIjoiSmFib2F0XHUwMGUzbyBkb3MgR3VhcmFyYXBlcyJ9XX0=','2014-10-23 21:56:24'),('y1z1m0sqzc1epcx763dsapa4pxt6svl5','YTY4YzBiMWJkNGJhNGZkNjQ1YTY2ZjE0YTQxMTExNjVhYjkyZDExNjp7ImNpdHkiOjIsImNpdGllcyI6W3siaWQiOjEsIm5hbWUiOiJPbGluZGEifSx7ImlkIjoyLCJuYW1lIjoiUmVjaWZlIn0seyJpZCI6MywibmFtZSI6IkNhbWFyYWdpYmUifSx7ImlkIjo0LCJuYW1lIjoiSmFib2F0XHUwMGUzbyBkb3MgR3VhcmFyYXBlcyJ9XSwidHlwZW9mZmVyIjoxfQ==','2014-10-29 10:49:01'),('y5m4djbengb8ihc5d9y5r6kjc628m8o7','MzAxM2I1ZjcyN2QwMjczMTU2MGQxOGQ5NTZmNjgyOGY0ZWZjYmRiODp7ImNpdGllcyI6W3siaWQiOjEsIm5hbWUiOiJPbGluZGEifSx7ImlkIjoyLCJuYW1lIjoiUmVjaWZlIn0seyJpZCI6MywibmFtZSI6IkNhbWFyYWdpYmUifSx7ImlkIjo0LCJuYW1lIjoiSmFib2F0XHUwMGUzbyBkb3MgR3VhcmFyYXBlcyJ9XX0=','2014-10-24 19:38:44'),('yakbwmp5z1yzj2bjj7hekvgktdrq0u2j','MzAxM2I1ZjcyN2QwMjczMTU2MGQxOGQ5NTZmNjgyOGY0ZWZjYmRiODp7ImNpdGllcyI6W3siaWQiOjEsIm5hbWUiOiJPbGluZGEifSx7ImlkIjoyLCJuYW1lIjoiUmVjaWZlIn0seyJpZCI6MywibmFtZSI6IkNhbWFyYWdpYmUifSx7ImlkIjo0LCJuYW1lIjoiSmFib2F0XHUwMGUzbyBkb3MgR3VhcmFyYXBlcyJ9XX0=','2014-10-22 18:22:32'),('yaug2z27iwbqjzvaeomm8hhu3wypbzed','MzAxM2I1ZjcyN2QwMjczMTU2MGQxOGQ5NTZmNjgyOGY0ZWZjYmRiODp7ImNpdGllcyI6W3siaWQiOjEsIm5hbWUiOiJPbGluZGEifSx7ImlkIjoyLCJuYW1lIjoiUmVjaWZlIn0seyJpZCI6MywibmFtZSI6IkNhbWFyYWdpYmUifSx7ImlkIjo0LCJuYW1lIjoiSmFib2F0XHUwMGUzbyBkb3MgR3VhcmFyYXBlcyJ9XX0=','2014-10-23 20:30:16'),('yb4e80hg25kyltlvjf1kmetjlqxqolem','MzAxM2I1ZjcyN2QwMjczMTU2MGQxOGQ5NTZmNjgyOGY0ZWZjYmRiODp7ImNpdGllcyI6W3siaWQiOjEsIm5hbWUiOiJPbGluZGEifSx7ImlkIjoyLCJuYW1lIjoiUmVjaWZlIn0seyJpZCI6MywibmFtZSI6IkNhbWFyYWdpYmUifSx7ImlkIjo0LCJuYW1lIjoiSmFib2F0XHUwMGUzbyBkb3MgR3VhcmFyYXBlcyJ9XX0=','2014-10-23 21:57:01'),('yczh732c2h16qh2mwb0r80rzeez3c377','MzAxM2I1ZjcyN2QwMjczMTU2MGQxOGQ5NTZmNjgyOGY0ZWZjYmRiODp7ImNpdGllcyI6W3siaWQiOjEsIm5hbWUiOiJPbGluZGEifSx7ImlkIjoyLCJuYW1lIjoiUmVjaWZlIn0seyJpZCI6MywibmFtZSI6IkNhbWFyYWdpYmUifSx7ImlkIjo0LCJuYW1lIjoiSmFib2F0XHUwMGUzbyBkb3MgR3VhcmFyYXBlcyJ9XX0=','2014-10-23 18:02:09'),('yd193r0x95qdzo8ohfcd49f8bqjnmuu9','MzAxM2I1ZjcyN2QwMjczMTU2MGQxOGQ5NTZmNjgyOGY0ZWZjYmRiODp7ImNpdGllcyI6W3siaWQiOjEsIm5hbWUiOiJPbGluZGEifSx7ImlkIjoyLCJuYW1lIjoiUmVjaWZlIn0seyJpZCI6MywibmFtZSI6IkNhbWFyYWdpYmUifSx7ImlkIjo0LCJuYW1lIjoiSmFib2F0XHUwMGUzbyBkb3MgR3VhcmFyYXBlcyJ9XX0=','2014-10-23 20:31:12'),('ydz041splzvvqpteruonv08f6sjy1oko','MzAxM2I1ZjcyN2QwMjczMTU2MGQxOGQ5NTZmNjgyOGY0ZWZjYmRiODp7ImNpdGllcyI6W3siaWQiOjEsIm5hbWUiOiJPbGluZGEifSx7ImlkIjoyLCJuYW1lIjoiUmVjaWZlIn0seyJpZCI6MywibmFtZSI6IkNhbWFyYWdpYmUifSx7ImlkIjo0LCJuYW1lIjoiSmFib2F0XHUwMGUzbyBkb3MgR3VhcmFyYXBlcyJ9XX0=','2014-10-27 22:46:32'),('ye1x7aq9okkbtxlmdenf178771efh6ao','MzAxM2I1ZjcyN2QwMjczMTU2MGQxOGQ5NTZmNjgyOGY0ZWZjYmRiODp7ImNpdGllcyI6W3siaWQiOjEsIm5hbWUiOiJPbGluZGEifSx7ImlkIjoyLCJuYW1lIjoiUmVjaWZlIn0seyJpZCI6MywibmFtZSI6IkNhbWFyYWdpYmUifSx7ImlkIjo0LCJuYW1lIjoiSmFib2F0XHUwMGUzbyBkb3MgR3VhcmFyYXBlcyJ9XX0=','2014-10-22 15:37:11'),('yf1zppfdxghl98rgp7dnj8hus8zqjfoz','MzAxM2I1ZjcyN2QwMjczMTU2MGQxOGQ5NTZmNjgyOGY0ZWZjYmRiODp7ImNpdGllcyI6W3siaWQiOjEsIm5hbWUiOiJPbGluZGEifSx7ImlkIjoyLCJuYW1lIjoiUmVjaWZlIn0seyJpZCI6MywibmFtZSI6IkNhbWFyYWdpYmUifSx7ImlkIjo0LCJuYW1lIjoiSmFib2F0XHUwMGUzbyBkb3MgR3VhcmFyYXBlcyJ9XX0=','2014-10-23 21:53:02'),('ygvk7nxjieggzkg8o2bniiyzwk8q2ng1','MzAxM2I1ZjcyN2QwMjczMTU2MGQxOGQ5NTZmNjgyOGY0ZWZjYmRiODp7ImNpdGllcyI6W3siaWQiOjEsIm5hbWUiOiJPbGluZGEifSx7ImlkIjoyLCJuYW1lIjoiUmVjaWZlIn0seyJpZCI6MywibmFtZSI6IkNhbWFyYWdpYmUifSx7ImlkIjo0LCJuYW1lIjoiSmFib2F0XHUwMGUzbyBkb3MgR3VhcmFyYXBlcyJ9XX0=','2014-10-23 21:17:26'),('yiqswg046u7aq9ecb6pbow71n9n0b8at','MzAxM2I1ZjcyN2QwMjczMTU2MGQxOGQ5NTZmNjgyOGY0ZWZjYmRiODp7ImNpdGllcyI6W3siaWQiOjEsIm5hbWUiOiJPbGluZGEifSx7ImlkIjoyLCJuYW1lIjoiUmVjaWZlIn0seyJpZCI6MywibmFtZSI6IkNhbWFyYWdpYmUifSx7ImlkIjo0LCJuYW1lIjoiSmFib2F0XHUwMGUzbyBkb3MgR3VhcmFyYXBlcyJ9XX0=','2014-10-28 16:20:27'),('yjyxotvucb0z78yg7eb5t22hx187ehy2','MzAxM2I1ZjcyN2QwMjczMTU2MGQxOGQ5NTZmNjgyOGY0ZWZjYmRiODp7ImNpdGllcyI6W3siaWQiOjEsIm5hbWUiOiJPbGluZGEifSx7ImlkIjoyLCJuYW1lIjoiUmVjaWZlIn0seyJpZCI6MywibmFtZSI6IkNhbWFyYWdpYmUifSx7ImlkIjo0LCJuYW1lIjoiSmFib2F0XHUwMGUzbyBkb3MgR3VhcmFyYXBlcyJ9XX0=','2014-10-23 20:21:27'),('ylf2jus8qd8t32x76vrqcbl5ez5aldbh','YTY4YzBiMWJkNGJhNGZkNjQ1YTY2ZjE0YTQxMTExNjVhYjkyZDExNjp7ImNpdHkiOjIsImNpdGllcyI6W3siaWQiOjEsIm5hbWUiOiJPbGluZGEifSx7ImlkIjoyLCJuYW1lIjoiUmVjaWZlIn0seyJpZCI6MywibmFtZSI6IkNhbWFyYWdpYmUifSx7ImlkIjo0LCJuYW1lIjoiSmFib2F0XHUwMGUzbyBkb3MgR3VhcmFyYXBlcyJ9XSwidHlwZW9mZmVyIjoxfQ==','2014-10-29 11:30:04'),('ym9bp5o8us58aotcvui7pydpdrsm4okj','MzAxM2I1ZjcyN2QwMjczMTU2MGQxOGQ5NTZmNjgyOGY0ZWZjYmRiODp7ImNpdGllcyI6W3siaWQiOjEsIm5hbWUiOiJPbGluZGEifSx7ImlkIjoyLCJuYW1lIjoiUmVjaWZlIn0seyJpZCI6MywibmFtZSI6IkNhbWFyYWdpYmUifSx7ImlkIjo0LCJuYW1lIjoiSmFib2F0XHUwMGUzbyBkb3MgR3VhcmFyYXBlcyJ9XX0=','2014-10-23 18:09:51'),('ym9x8lb1drlb2amwdi6wu3aepl6ca2uq','MzAxM2I1ZjcyN2QwMjczMTU2MGQxOGQ5NTZmNjgyOGY0ZWZjYmRiODp7ImNpdGllcyI6W3siaWQiOjEsIm5hbWUiOiJPbGluZGEifSx7ImlkIjoyLCJuYW1lIjoiUmVjaWZlIn0seyJpZCI6MywibmFtZSI6IkNhbWFyYWdpYmUifSx7ImlkIjo0LCJuYW1lIjoiSmFib2F0XHUwMGUzbyBkb3MgR3VhcmFyYXBlcyJ9XX0=','2014-10-22 21:11:44'),('ymgokr7se0d0c5act1e0haenydjub35i','MzAxM2I1ZjcyN2QwMjczMTU2MGQxOGQ5NTZmNjgyOGY0ZWZjYmRiODp7ImNpdGllcyI6W3siaWQiOjEsIm5hbWUiOiJPbGluZGEifSx7ImlkIjoyLCJuYW1lIjoiUmVjaWZlIn0seyJpZCI6MywibmFtZSI6IkNhbWFyYWdpYmUifSx7ImlkIjo0LCJuYW1lIjoiSmFib2F0XHUwMGUzbyBkb3MgR3VhcmFyYXBlcyJ9XX0=','2014-10-24 20:29:41'),('ymnocoyof3e6zsrkliuxvsommknjg9by','NWVmODRiM2M5MGY2ZDBiN2Y0N2I3OTNiYTZiYjI2NzIwMzBlMjkwODp7fQ==','2014-10-29 15:33:07'),('ymscdtupdo9w21vdhh8spoev1sg6bg5g','MzAxM2I1ZjcyN2QwMjczMTU2MGQxOGQ5NTZmNjgyOGY0ZWZjYmRiODp7ImNpdGllcyI6W3siaWQiOjEsIm5hbWUiOiJPbGluZGEifSx7ImlkIjoyLCJuYW1lIjoiUmVjaWZlIn0seyJpZCI6MywibmFtZSI6IkNhbWFyYWdpYmUifSx7ImlkIjo0LCJuYW1lIjoiSmFib2F0XHUwMGUzbyBkb3MgR3VhcmFyYXBlcyJ9XX0=','2014-10-22 16:38:31'),('ymvn110tbqnylzhbfuv5dwc2b90clmgd','YTY4YzBiMWJkNGJhNGZkNjQ1YTY2ZjE0YTQxMTExNjVhYjkyZDExNjp7ImNpdHkiOjIsImNpdGllcyI6W3siaWQiOjEsIm5hbWUiOiJPbGluZGEifSx7ImlkIjoyLCJuYW1lIjoiUmVjaWZlIn0seyJpZCI6MywibmFtZSI6IkNhbWFyYWdpYmUifSx7ImlkIjo0LCJuYW1lIjoiSmFib2F0XHUwMGUzbyBkb3MgR3VhcmFyYXBlcyJ9XSwidHlwZW9mZmVyIjoxfQ==','2014-10-29 11:24:32'),('ynm60clwpoi6procih9tb3gyw9n8wp06','MzAxM2I1ZjcyN2QwMjczMTU2MGQxOGQ5NTZmNjgyOGY0ZWZjYmRiODp7ImNpdGllcyI6W3siaWQiOjEsIm5hbWUiOiJPbGluZGEifSx7ImlkIjoyLCJuYW1lIjoiUmVjaWZlIn0seyJpZCI6MywibmFtZSI6IkNhbWFyYWdpYmUifSx7ImlkIjo0LCJuYW1lIjoiSmFib2F0XHUwMGUzbyBkb3MgR3VhcmFyYXBlcyJ9XX0=','2014-10-24 20:34:24'),('ypp587j494pxnwbbal8fccpemf8w2or4','ZjcyMTljY2YwZDk2ODAzZjFmZDQ0NDg5M2E1NTg1Y2NlNjU2MDE5Njp7ImNpdHkiOjIsImNpdGllcyI6W3siaWQiOjEsIm5hbWUiOiJPbGluZGEifSx7ImlkIjoyLCJuYW1lIjoiUmVjaWZlIn0seyJpZCI6MywibmFtZSI6IkNhbWFyYWdpYmUifSx7ImlkIjo0LCJuYW1lIjoiSmFib2F0XHUwMGUzbyBkb3MgR3VhcmFyYXBlcyJ9XSwidHlwZW9mZmVyIjoyfQ==','2014-10-29 14:23:57'),('ypsldoz53y8fh2bux23r17lxbj507g6v','MzAxM2I1ZjcyN2QwMjczMTU2MGQxOGQ5NTZmNjgyOGY0ZWZjYmRiODp7ImNpdGllcyI6W3siaWQiOjEsIm5hbWUiOiJPbGluZGEifSx7ImlkIjoyLCJuYW1lIjoiUmVjaWZlIn0seyJpZCI6MywibmFtZSI6IkNhbWFyYWdpYmUifSx7ImlkIjo0LCJuYW1lIjoiSmFib2F0XHUwMGUzbyBkb3MgR3VhcmFyYXBlcyJ9XX0=','2014-10-24 20:14:47'),('yr75mmcu3hbl04wz0mhw3pwo6euwvczv','MzAxM2I1ZjcyN2QwMjczMTU2MGQxOGQ5NTZmNjgyOGY0ZWZjYmRiODp7ImNpdGllcyI6W3siaWQiOjEsIm5hbWUiOiJPbGluZGEifSx7ImlkIjoyLCJuYW1lIjoiUmVjaWZlIn0seyJpZCI6MywibmFtZSI6IkNhbWFyYWdpYmUifSx7ImlkIjo0LCJuYW1lIjoiSmFib2F0XHUwMGUzbyBkb3MgR3VhcmFyYXBlcyJ9XX0=','2014-10-23 20:49:19'),('yserb5koieau2aa4ubt1v3aw1qvifk3q','MzAxM2I1ZjcyN2QwMjczMTU2MGQxOGQ5NTZmNjgyOGY0ZWZjYmRiODp7ImNpdGllcyI6W3siaWQiOjEsIm5hbWUiOiJPbGluZGEifSx7ImlkIjoyLCJuYW1lIjoiUmVjaWZlIn0seyJpZCI6MywibmFtZSI6IkNhbWFyYWdpYmUifSx7ImlkIjo0LCJuYW1lIjoiSmFib2F0XHUwMGUzbyBkb3MgR3VhcmFyYXBlcyJ9XX0=','2014-10-23 20:58:59'),('yvy2yzxx31a2zngvnc6wajo9x22inj49','YTY4YzBiMWJkNGJhNGZkNjQ1YTY2ZjE0YTQxMTExNjVhYjkyZDExNjp7ImNpdHkiOjIsImNpdGllcyI6W3siaWQiOjEsIm5hbWUiOiJPbGluZGEifSx7ImlkIjoyLCJuYW1lIjoiUmVjaWZlIn0seyJpZCI6MywibmFtZSI6IkNhbWFyYWdpYmUifSx7ImlkIjo0LCJuYW1lIjoiSmFib2F0XHUwMGUzbyBkb3MgR3VhcmFyYXBlcyJ9XSwidHlwZW9mZmVyIjoxfQ==','2014-10-29 11:28:25'),('ywn0k3fgx4motsryxlyv5z1dxxcbrr89','MzAxM2I1ZjcyN2QwMjczMTU2MGQxOGQ5NTZmNjgyOGY0ZWZjYmRiODp7ImNpdGllcyI6W3siaWQiOjEsIm5hbWUiOiJPbGluZGEifSx7ImlkIjoyLCJuYW1lIjoiUmVjaWZlIn0seyJpZCI6MywibmFtZSI6IkNhbWFyYWdpYmUifSx7ImlkIjo0LCJuYW1lIjoiSmFib2F0XHUwMGUzbyBkb3MgR3VhcmFyYXBlcyJ9XX0=','2014-10-23 22:26:22'),('ywng6q2ioi2wlhi3byzvuipz1x84wppa','MzAxM2I1ZjcyN2QwMjczMTU2MGQxOGQ5NTZmNjgyOGY0ZWZjYmRiODp7ImNpdGllcyI6W3siaWQiOjEsIm5hbWUiOiJPbGluZGEifSx7ImlkIjoyLCJuYW1lIjoiUmVjaWZlIn0seyJpZCI6MywibmFtZSI6IkNhbWFyYWdpYmUifSx7ImlkIjo0LCJuYW1lIjoiSmFib2F0XHUwMGUzbyBkb3MgR3VhcmFyYXBlcyJ9XX0=','2014-10-27 20:29:39'),('yx7yerpz0yyvubyywxxts9a71ugfh629','MzAxM2I1ZjcyN2QwMjczMTU2MGQxOGQ5NTZmNjgyOGY0ZWZjYmRiODp7ImNpdGllcyI6W3siaWQiOjEsIm5hbWUiOiJPbGluZGEifSx7ImlkIjoyLCJuYW1lIjoiUmVjaWZlIn0seyJpZCI6MywibmFtZSI6IkNhbWFyYWdpYmUifSx7ImlkIjo0LCJuYW1lIjoiSmFib2F0XHUwMGUzbyBkb3MgR3VhcmFyYXBlcyJ9XX0=','2014-10-28 16:18:16'),('yyqh50g5ivdo57x8jtubsrh1enm4pbih','MzAxM2I1ZjcyN2QwMjczMTU2MGQxOGQ5NTZmNjgyOGY0ZWZjYmRiODp7ImNpdGllcyI6W3siaWQiOjEsIm5hbWUiOiJPbGluZGEifSx7ImlkIjoyLCJuYW1lIjoiUmVjaWZlIn0seyJpZCI6MywibmFtZSI6IkNhbWFyYWdpYmUifSx7ImlkIjo0LCJuYW1lIjoiSmFib2F0XHUwMGUzbyBkb3MgR3VhcmFyYXBlcyJ9XX0=','2014-10-23 20:30:17'),('yyvgb5fft2rlgiix67r2au4wj7gtca50','MzAxM2I1ZjcyN2QwMjczMTU2MGQxOGQ5NTZmNjgyOGY0ZWZjYmRiODp7ImNpdGllcyI6W3siaWQiOjEsIm5hbWUiOiJPbGluZGEifSx7ImlkIjoyLCJuYW1lIjoiUmVjaWZlIn0seyJpZCI6MywibmFtZSI6IkNhbWFyYWdpYmUifSx7ImlkIjo0LCJuYW1lIjoiSmFib2F0XHUwMGUzbyBkb3MgR3VhcmFyYXBlcyJ9XX0=','2014-10-24 19:29:05'),('z2maoot42lf9np65r1rpaedh6gwtlm56','MzAxM2I1ZjcyN2QwMjczMTU2MGQxOGQ5NTZmNjgyOGY0ZWZjYmRiODp7ImNpdGllcyI6W3siaWQiOjEsIm5hbWUiOiJPbGluZGEifSx7ImlkIjoyLCJuYW1lIjoiUmVjaWZlIn0seyJpZCI6MywibmFtZSI6IkNhbWFyYWdpYmUifSx7ImlkIjo0LCJuYW1lIjoiSmFib2F0XHUwMGUzbyBkb3MgR3VhcmFyYXBlcyJ9XX0=','2014-10-22 18:51:42'),('z3538cczaf3uw7er6x2hh5ag611vvu8b','MzAxM2I1ZjcyN2QwMjczMTU2MGQxOGQ5NTZmNjgyOGY0ZWZjYmRiODp7ImNpdGllcyI6W3siaWQiOjEsIm5hbWUiOiJPbGluZGEifSx7ImlkIjoyLCJuYW1lIjoiUmVjaWZlIn0seyJpZCI6MywibmFtZSI6IkNhbWFyYWdpYmUifSx7ImlkIjo0LCJuYW1lIjoiSmFib2F0XHUwMGUzbyBkb3MgR3VhcmFyYXBlcyJ9XX0=','2014-10-28 16:17:24'),('z3r8famwuaz6fsa4cskk7bybl58qcbsj','MzAxM2I1ZjcyN2QwMjczMTU2MGQxOGQ5NTZmNjgyOGY0ZWZjYmRiODp7ImNpdGllcyI6W3siaWQiOjEsIm5hbWUiOiJPbGluZGEifSx7ImlkIjoyLCJuYW1lIjoiUmVjaWZlIn0seyJpZCI6MywibmFtZSI6IkNhbWFyYWdpYmUifSx7ImlkIjo0LCJuYW1lIjoiSmFib2F0XHUwMGUzbyBkb3MgR3VhcmFyYXBlcyJ9XX0=','2014-10-22 17:54:04'),('z4gle8zrffmu4z7tbgj9rgzqgxg5c7h3','MzAxM2I1ZjcyN2QwMjczMTU2MGQxOGQ5NTZmNjgyOGY0ZWZjYmRiODp7ImNpdGllcyI6W3siaWQiOjEsIm5hbWUiOiJPbGluZGEifSx7ImlkIjoyLCJuYW1lIjoiUmVjaWZlIn0seyJpZCI6MywibmFtZSI6IkNhbWFyYWdpYmUifSx7ImlkIjo0LCJuYW1lIjoiSmFib2F0XHUwMGUzbyBkb3MgR3VhcmFyYXBlcyJ9XX0=','2014-10-23 21:56:25'),('z8f3m0ic7stuypidlaxzl8yckbv4vykg','OTlkMjVkZTcxMTJhZGVmMWU4YjgyNDk5ZjUxYzg2NDdhZDlkY2I4Mjp7Il9zZXNzaW9uX2V4cGlyeSI6MCwiX2F1dGhfdXNlcl9oYXNoIjoiYjk3NmEwNjE1YWU4MDAwMDM0MDA0NGUyYjljNzg0NjJhMTRlMDQ0MyIsIl9hdXRoX3VzZXJfYmFja2VuZCI6ImFjY291bnQuYmFja2VuZHMuQWNjb3VudHNCYWNrZW5kLkFjY291bnRzQmFja2VuZCIsIl9hdXRoX3VzZXJfaWQiOjJ9','2014-10-14 20:41:45'),('z9ckpl6cyfsv0naq7gcavkk9flodn14f','MzAxM2I1ZjcyN2QwMjczMTU2MGQxOGQ5NTZmNjgyOGY0ZWZjYmRiODp7ImNpdGllcyI6W3siaWQiOjEsIm5hbWUiOiJPbGluZGEifSx7ImlkIjoyLCJuYW1lIjoiUmVjaWZlIn0seyJpZCI6MywibmFtZSI6IkNhbWFyYWdpYmUifSx7ImlkIjo0LCJuYW1lIjoiSmFib2F0XHUwMGUzbyBkb3MgR3VhcmFyYXBlcyJ9XX0=','2014-10-24 20:34:42'),('zan2esesarhhg6oasjxm6v74vty4woyi','MzAxM2I1ZjcyN2QwMjczMTU2MGQxOGQ5NTZmNjgyOGY0ZWZjYmRiODp7ImNpdGllcyI6W3siaWQiOjEsIm5hbWUiOiJPbGluZGEifSx7ImlkIjoyLCJuYW1lIjoiUmVjaWZlIn0seyJpZCI6MywibmFtZSI6IkNhbWFyYWdpYmUifSx7ImlkIjo0LCJuYW1lIjoiSmFib2F0XHUwMGUzbyBkb3MgR3VhcmFyYXBlcyJ9XX0=','2014-10-27 21:08:26'),('zatlb8ceksjlwknolhw1cbxzkei7ejvh','MzAxM2I1ZjcyN2QwMjczMTU2MGQxOGQ5NTZmNjgyOGY0ZWZjYmRiODp7ImNpdGllcyI6W3siaWQiOjEsIm5hbWUiOiJPbGluZGEifSx7ImlkIjoyLCJuYW1lIjoiUmVjaWZlIn0seyJpZCI6MywibmFtZSI6IkNhbWFyYWdpYmUifSx7ImlkIjo0LCJuYW1lIjoiSmFib2F0XHUwMGUzbyBkb3MgR3VhcmFyYXBlcyJ9XX0=','2014-10-24 20:23:56'),('zc01s96j432azc67a5dyqutqpqnqnoxv','YTY4YzBiMWJkNGJhNGZkNjQ1YTY2ZjE0YTQxMTExNjVhYjkyZDExNjp7ImNpdHkiOjIsImNpdGllcyI6W3siaWQiOjEsIm5hbWUiOiJPbGluZGEifSx7ImlkIjoyLCJuYW1lIjoiUmVjaWZlIn0seyJpZCI6MywibmFtZSI6IkNhbWFyYWdpYmUifSx7ImlkIjo0LCJuYW1lIjoiSmFib2F0XHUwMGUzbyBkb3MgR3VhcmFyYXBlcyJ9XSwidHlwZW9mZmVyIjoxfQ==','2014-10-29 11:30:44'),('zd00w9ele4zf97x1tw44w1px04ggyvu7','MzAxM2I1ZjcyN2QwMjczMTU2MGQxOGQ5NTZmNjgyOGY0ZWZjYmRiODp7ImNpdGllcyI6W3siaWQiOjEsIm5hbWUiOiJPbGluZGEifSx7ImlkIjoyLCJuYW1lIjoiUmVjaWZlIn0seyJpZCI6MywibmFtZSI6IkNhbWFyYWdpYmUifSx7ImlkIjo0LCJuYW1lIjoiSmFib2F0XHUwMGUzbyBkb3MgR3VhcmFyYXBlcyJ9XX0=','2014-10-24 19:32:59'),('ze4je1hovwghtbzyr29ux5qr1znsdm5x','YTY4YzBiMWJkNGJhNGZkNjQ1YTY2ZjE0YTQxMTExNjVhYjkyZDExNjp7ImNpdHkiOjIsImNpdGllcyI6W3siaWQiOjEsIm5hbWUiOiJPbGluZGEifSx7ImlkIjoyLCJuYW1lIjoiUmVjaWZlIn0seyJpZCI6MywibmFtZSI6IkNhbWFyYWdpYmUifSx7ImlkIjo0LCJuYW1lIjoiSmFib2F0XHUwMGUzbyBkb3MgR3VhcmFyYXBlcyJ9XSwidHlwZW9mZmVyIjoxfQ==','2014-10-29 11:30:16'),('zfhfbdj9uwh4xpd4eem7ps125pgau5qe','MzAxM2I1ZjcyN2QwMjczMTU2MGQxOGQ5NTZmNjgyOGY0ZWZjYmRiODp7ImNpdGllcyI6W3siaWQiOjEsIm5hbWUiOiJPbGluZGEifSx7ImlkIjoyLCJuYW1lIjoiUmVjaWZlIn0seyJpZCI6MywibmFtZSI6IkNhbWFyYWdpYmUifSx7ImlkIjo0LCJuYW1lIjoiSmFib2F0XHUwMGUzbyBkb3MgR3VhcmFyYXBlcyJ9XX0=','2014-10-23 21:33:55'),('zfxb3iedhg42pcxe6k6m7ke6detyagqb','MzAxM2I1ZjcyN2QwMjczMTU2MGQxOGQ5NTZmNjgyOGY0ZWZjYmRiODp7ImNpdGllcyI6W3siaWQiOjEsIm5hbWUiOiJPbGluZGEifSx7ImlkIjoyLCJuYW1lIjoiUmVjaWZlIn0seyJpZCI6MywibmFtZSI6IkNhbWFyYWdpYmUifSx7ImlkIjo0LCJuYW1lIjoiSmFib2F0XHUwMGUzbyBkb3MgR3VhcmFyYXBlcyJ9XX0=','2014-10-23 20:31:45'),('zh8e8d7c4ikya83yl0nnkw13vgn1enls','YTY4YzBiMWJkNGJhNGZkNjQ1YTY2ZjE0YTQxMTExNjVhYjkyZDExNjp7ImNpdHkiOjIsImNpdGllcyI6W3siaWQiOjEsIm5hbWUiOiJPbGluZGEifSx7ImlkIjoyLCJuYW1lIjoiUmVjaWZlIn0seyJpZCI6MywibmFtZSI6IkNhbWFyYWdpYmUifSx7ImlkIjo0LCJuYW1lIjoiSmFib2F0XHUwMGUzbyBkb3MgR3VhcmFyYXBlcyJ9XSwidHlwZW9mZmVyIjoxfQ==','2014-10-29 11:28:26'),('zknznlvlm2lcyqyzh9okalaahrjmhz35','YTY4YzBiMWJkNGJhNGZkNjQ1YTY2ZjE0YTQxMTExNjVhYjkyZDExNjp7ImNpdHkiOjIsImNpdGllcyI6W3siaWQiOjEsIm5hbWUiOiJPbGluZGEifSx7ImlkIjoyLCJuYW1lIjoiUmVjaWZlIn0seyJpZCI6MywibmFtZSI6IkNhbWFyYWdpYmUifSx7ImlkIjo0LCJuYW1lIjoiSmFib2F0XHUwMGUzbyBkb3MgR3VhcmFyYXBlcyJ9XSwidHlwZW9mZmVyIjoxfQ==','2014-10-29 11:30:44'),('zln8qebv0tknuugla1kxbi2j98pv8wrv','NWVmODRiM2M5MGY2ZDBiN2Y0N2I3OTNiYTZiYjI2NzIwMzBlMjkwODp7fQ==','2014-10-29 15:31:58'),('znxrpfawyzpk4y7mxgb70vi9gcos1p7z','MzAxM2I1ZjcyN2QwMjczMTU2MGQxOGQ5NTZmNjgyOGY0ZWZjYmRiODp7ImNpdGllcyI6W3siaWQiOjEsIm5hbWUiOiJPbGluZGEifSx7ImlkIjoyLCJuYW1lIjoiUmVjaWZlIn0seyJpZCI6MywibmFtZSI6IkNhbWFyYWdpYmUifSx7ImlkIjo0LCJuYW1lIjoiSmFib2F0XHUwMGUzbyBkb3MgR3VhcmFyYXBlcyJ9XX0=','2014-10-23 20:59:21'),('zru4ohuot2t44mc8eu00trtjxolb91f7','MzAxM2I1ZjcyN2QwMjczMTU2MGQxOGQ5NTZmNjgyOGY0ZWZjYmRiODp7ImNpdGllcyI6W3siaWQiOjEsIm5hbWUiOiJPbGluZGEifSx7ImlkIjoyLCJuYW1lIjoiUmVjaWZlIn0seyJpZCI6MywibmFtZSI6IkNhbWFyYWdpYmUifSx7ImlkIjo0LCJuYW1lIjoiSmFib2F0XHUwMGUzbyBkb3MgR3VhcmFyYXBlcyJ9XX0=','2014-10-23 21:02:44'),('ztsccolmrk3s3d0ltey6vv1jtitdf7j5','MzAxM2I1ZjcyN2QwMjczMTU2MGQxOGQ5NTZmNjgyOGY0ZWZjYmRiODp7ImNpdGllcyI6W3siaWQiOjEsIm5hbWUiOiJPbGluZGEifSx7ImlkIjoyLCJuYW1lIjoiUmVjaWZlIn0seyJpZCI6MywibmFtZSI6IkNhbWFyYWdpYmUifSx7ImlkIjo0LCJuYW1lIjoiSmFib2F0XHUwMGUzbyBkb3MgR3VhcmFyYXBlcyJ9XX0=','2014-10-22 21:04:46'),('zw9wvd88vzk4j370fnwb3alfi5u0k0ph','MzAxM2I1ZjcyN2QwMjczMTU2MGQxOGQ5NTZmNjgyOGY0ZWZjYmRiODp7ImNpdGllcyI6W3siaWQiOjEsIm5hbWUiOiJPbGluZGEifSx7ImlkIjoyLCJuYW1lIjoiUmVjaWZlIn0seyJpZCI6MywibmFtZSI6IkNhbWFyYWdpYmUifSx7ImlkIjo0LCJuYW1lIjoiSmFib2F0XHUwMGUzbyBkb3MgR3VhcmFyYXBlcyJ9XX0=','2014-10-27 21:05:27'),('zz0tluzhthcdebo05q0npfnycoxxud5v','MzAxM2I1ZjcyN2QwMjczMTU2MGQxOGQ5NTZmNjgyOGY0ZWZjYmRiODp7ImNpdGllcyI6W3siaWQiOjEsIm5hbWUiOiJPbGluZGEifSx7ImlkIjoyLCJuYW1lIjoiUmVjaWZlIn0seyJpZCI6MywibmFtZSI6IkNhbWFyYWdpYmUifSx7ImlkIjo0LCJuYW1lIjoiSmFib2F0XHUwMGUzbyBkb3MgR3VhcmFyYXBlcyJ9XX0=','2014-10-23 21:31:43'),('zz8ys30x0sk4x16vssb1f3vqldgwunfy','MzAxM2I1ZjcyN2QwMjczMTU2MGQxOGQ5NTZmNjgyOGY0ZWZjYmRiODp7ImNpdGllcyI6W3siaWQiOjEsIm5hbWUiOiJPbGluZGEifSx7ImlkIjoyLCJuYW1lIjoiUmVjaWZlIn0seyJpZCI6MywibmFtZSI6IkNhbWFyYWdpYmUifSx7ImlkIjo0LCJuYW1lIjoiSmFib2F0XHUwMGUzbyBkb3MgR3VhcmFyYXBlcyJ9XX0=','2014-10-27 20:28:47'),('zzhap29arjszgx7nyvnbryy4ogp5oevf','YTY4YzBiMWJkNGJhNGZkNjQ1YTY2ZjE0YTQxMTExNjVhYjkyZDExNjp7ImNpdHkiOjIsImNpdGllcyI6W3siaWQiOjEsIm5hbWUiOiJPbGluZGEifSx7ImlkIjoyLCJuYW1lIjoiUmVjaWZlIn0seyJpZCI6MywibmFtZSI6IkNhbWFyYWdpYmUifSx7ImlkIjo0LCJuYW1lIjoiSmFib2F0XHUwMGUzbyBkb3MgR3VhcmFyYXBlcyJ9XSwidHlwZW9mZmVyIjoxfQ==','2014-10-29 11:29:53');
/*!40000 ALTER TABLE `django_session` ENABLE KEYS */;
UNLOCK TABLES;

--
-- Table structure for table `django_site`
--

DROP TABLE IF EXISTS `django_site`;
/*!40101 SET @saved_cs_client     = @@character_set_client */;
/*!40101 SET character_set_client = utf8 */;
CREATE TABLE `django_site` (
  `id` int(11) NOT NULL AUTO_INCREMENT,
  `domain` varchar(100) NOT NULL,
  `name` varchar(50) NOT NULL,
  PRIMARY KEY (`id`)
) ENGINE=InnoDB AUTO_INCREMENT=2 DEFAULT CHARSET=utf8;
/*!40101 SET character_set_client = @saved_cs_client */;

--
-- Dumping data for table `django_site`
--

LOCK TABLES `django_site` WRITE;
/*!40000 ALTER TABLE `django_site` DISABLE KEYS */;
INSERT INTO `django_site` VALUES (1,'example.com','example.com');
/*!40000 ALTER TABLE `django_site` ENABLE KEYS */;
UNLOCK TABLES;

--
-- Table structure for table `inviter_optout`
--

DROP TABLE IF EXISTS `inviter_optout`;
/*!40101 SET @saved_cs_client     = @@character_set_client */;
/*!40101 SET character_set_client = utf8 */;
CREATE TABLE `inviter_optout` (
  `id` int(11) NOT NULL AUTO_INCREMENT,
  `hash` varchar(255) NOT NULL,
  PRIMARY KEY (`id`)
) ENGINE=InnoDB DEFAULT CHARSET=utf8;
/*!40101 SET character_set_client = @saved_cs_client */;

--
-- Dumping data for table `inviter_optout`
--

LOCK TABLES `inviter_optout` WRITE;
/*!40000 ALTER TABLE `inviter_optout` DISABLE KEYS */;
/*!40000 ALTER TABLE `inviter_optout` ENABLE KEYS */;
UNLOCK TABLES;

--
-- Table structure for table `offer_category`
--

DROP TABLE IF EXISTS `offer_category`;
/*!40101 SET @saved_cs_client     = @@character_set_client */;
/*!40101 SET character_set_client = utf8 */;
CREATE TABLE `offer_category` (
  `id` int(11) NOT NULL AUTO_INCREMENT,
  `name` varchar(255) NOT NULL,
  `type_id` int(11) NOT NULL,
  `slug` varchar(255) NOT NULL,
  PRIMARY KEY (`id`),
  KEY `offer_category_94757cae` (`type_id`),
  CONSTRAINT `offer_category_type_id_3203a187c73d61a1_fk_offer_type_id` FOREIGN KEY (`type_id`) REFERENCES `offer_type` (`id`)
) ENGINE=InnoDB AUTO_INCREMENT=5 DEFAULT CHARSET=utf8;
/*!40101 SET character_set_client = @saved_cs_client */;

--
-- Dumping data for table `offer_category`
--

LOCK TABLES `offer_category` WRITE;
/*!40000 ALTER TABLE `offer_category` DISABLE KEYS */;
INSERT INTO `offer_category` VALUES (1,'Produto',1,'produto'),(2,'Serviço',1,'servico'),(3,'Viagens',1,'viagem'),(4,'Fast Food',1,'fast-food');
/*!40000 ALTER TABLE `offer_category` ENABLE KEYS */;
UNLOCK TABLES;

--
-- Table structure for table `offer_image`
--

DROP TABLE IF EXISTS `offer_image`;
/*!40101 SET @saved_cs_client     = @@character_set_client */;
/*!40101 SET character_set_client = utf8 */;
CREATE TABLE `offer_image` (
  `id` int(11) NOT NULL AUTO_INCREMENT,
  `name` varchar(100) NOT NULL,
  `offer_id` int(11) NOT NULL,
  PRIMARY KEY (`id`),
  KEY `offer_image_bf98d991` (`offer_id`),
  CONSTRAINT `offer_image_offer_id_2f7fed8543d8fb2_fk_offer_offer_id` FOREIGN KEY (`offer_id`) REFERENCES `offer_offer` (`id`)
) ENGINE=InnoDB AUTO_INCREMENT=6 DEFAULT CHARSET=utf8;
/*!40101 SET character_set_client = @saved_cs_client */;

--
-- Dumping data for table `offer_image`
--

LOCK TABLES `offer_image` WRITE;
/*!40000 ALTER TABLE `offer_image` DISABLE KEYS */;
INSERT INTO `offer_image` VALUES (4,'oferta/tenis_2Lwca3y.jpg',1),(5,'oferta/paisagem_K9IYQ1i.jpg',2);
/*!40000 ALTER TABLE `offer_image` ENABLE KEYS */;
UNLOCK TABLES;

--
-- Table structure for table `offer_interest`
--

DROP TABLE IF EXISTS `offer_interest`;
/*!40101 SET @saved_cs_client     = @@character_set_client */;
/*!40101 SET character_set_client = utf8 */;
CREATE TABLE `offer_interest` (
  `id` int(11) NOT NULL AUTO_INCREMENT,
  `name` varchar(255) NOT NULL,
  `category_id` int(11) NOT NULL,
  PRIMARY KEY (`id`),
  KEY `offer_interest_b583a629` (`category_id`),
  CONSTRAINT `offer_interest_category_id_4a9ca6fe20b5065d_fk_offer_category_id` FOREIGN KEY (`category_id`) REFERENCES `offer_category` (`id`)
) ENGINE=InnoDB AUTO_INCREMENT=3 DEFAULT CHARSET=utf8;
/*!40101 SET character_set_client = @saved_cs_client */;

--
-- Dumping data for table `offer_interest`
--

LOCK TABLES `offer_interest` WRITE;
/*!40000 ALTER TABLE `offer_interest` DISABLE KEYS */;
INSERT INTO `offer_interest` VALUES (1,'aloha',1),(2,'interesse 2',2);
/*!40000 ALTER TABLE `offer_interest` ENABLE KEYS */;
UNLOCK TABLES;

--
-- Table structure for table `offer_offer`
--

DROP TABLE IF EXISTS `offer_offer`;
/*!40101 SET @saved_cs_client     = @@character_set_client */;
/*!40101 SET character_set_client = utf8 */;
CREATE TABLE `offer_offer` (
  `id` int(11) NOT NULL AUTO_INCREMENT,
  `highlight` tinyint(1) NOT NULL,
  `highlight_image` varchar(100) NOT NULL,
  `bought` int(11) NOT NULL,
  `bought_virtual` int(11) NOT NULL,
  `max_by_user` int(11) DEFAULT NULL,
  `percent_by_site` decimal(10,2) NOT NULL,
  `description` longtext NOT NULL,
  `date_created` datetime NOT NULL,
  `affiliate_id` int(11),
  `title` varchar(255) NOT NULL,
  `slug` varchar(255) NOT NULL,
  `percent_cashback` decimal(10,2) NOT NULL,
  `city_id` int(11) NOT NULL,
  `interests_id` int(11) NOT NULL,
  `subcategory_id` int(11) NOT NULL,
  `good_to_know` longtext NOT NULL,
  `how_to_use` longtext NOT NULL,
  `when_to_use` longtext NOT NULL,
  `image_grid` varchar(100) NOT NULL,
  `delivery` tinyint(1) NOT NULL,
  `cep_delivery` varchar(9),
  `shipping` tinyint(1) NOT NULL,
  PRIMARY KEY (`id`),
  UNIQUE KEY `slug` (`slug`),
  KEY `offer_offer_afb2f3b6` (`affiliate_id`),
  KEY `offer_offer_c7141997` (`city_id`),
  KEY `offer_offer_8b069c8f` (`interests_id`),
  KEY `offer_offer_79f70305` (`subcategory_id`),
  CONSTRAINT `D2d2ed30c2e8132ef2d86bac13088710` FOREIGN KEY (`affiliate_id`) REFERENCES `account_affiliate` (`oferclubabstractuser_ptr_id`),
  CONSTRAINT `offer_offer_city_id_6f4978fc882613b3_fk_account_city_id` FOREIGN KEY (`city_id`) REFERENCES `account_city` (`id`),
  CONSTRAINT `offer_offer_interests_id_5b642d575de39004_fk_offer_interest_id` FOREIGN KEY (`interests_id`) REFERENCES `offer_interest` (`id`),
  CONSTRAINT `offer_of_subcategory_id_172adc614a61bc33_fk_offer_subcategory_id` FOREIGN KEY (`subcategory_id`) REFERENCES `offer_subcategory` (`id`)
) ENGINE=InnoDB AUTO_INCREMENT=3 DEFAULT CHARSET=utf8;
/*!40101 SET character_set_client = @saved_cs_client */;

--
-- Dumping data for table `offer_offer`
--

LOCK TABLES `offer_offer` WRITE;
/*!40000 ALTER TABLE `offer_offer` DISABLE KEYS */;
INSERT INTO `offer_offer` VALUES (1,1,'oferta/slider01.png',15,0,10,20.00,'<p>Lorem Ipsum &eacute; simplesmente uma simula&ccedil;&atilde;o de texto da ind&uacute;stria tipogr&aacute;fica e de impressos, e vem sendo utilizado desde o s&eacute;culo XVI, quando um impressor desconhecido pegou uma bandeja de tipos e os embaralhou para fazer um livro de modelos de tipos.</p>\r\n<p>Lorem Ipsum sobreviveu n&atilde;o s&oacute; a cinco s&eacute;culos, como tamb&eacute;m ao salto para a editora&ccedil;&atilde;o eletr&ocirc;nica, permanecendo essencialmente inalterado. Se popularizou na d&eacute;cada de 60, quando a Letraset lan&ccedil;ou decalques contendo passagens de Lorem Ipsum, e mais recentemente quando passou a ser integrado a softwares de editora&ccedil;&atilde;o eletr&ocirc;nica como Aldus PageMaker.</p>','2014-09-19 18:57:07',4,'teste','teste',5.00,2,1,2,'<ul>\r\n<li>Ap&oacute;s a compra do cupom entre no site e valide seu c&oacute;digo</li>\r\n<li>p&oacute;s a compra do cupom entre no site e valide seu c&oacute;digo</li>\r\n<li>p&oacute;s a compra do cupom entre no site e valide seu c&oacute;digo</li>\r\n<li>p&oacute;s a compra do cupom entre no site e valide seu c&oacute;digo</li>\r\n<li>p&oacute;s a compra do cupom entre no site e valide seu c&oacute;digo</li>\r\n</ul>','<ul>\r\n<li>A&nbsp;reserva dever&aacute; ser feita pelo telefone ou e-mail</li>\r\n</ul>','<ul>\r\n<li>De 01 de Outubro a 31 de Dezembro (Exceto Domingos e Feriados) para ofertas com casais e crian&ccedil;as</li>\r\n<li>Segunda &agrave; sexta</li>\r\n</ul>','oferta/wallpaper1.jpg',1,NULL,1),(2,1,'oferta/slider02.gif',2,0,2,20.00,'<p>Lorem Ipsum &eacute; simplesmente uma simula&ccedil;&atilde;o de texto da ind&uacute;stria tipogr&aacute;fica e de impressos, e vem sendo utilizado desde o s&eacute;culo XVI, quando um impressor desconhecido pegou uma bandeja de tipos e os embaralhou para fazer um livro de modelos de tipos.</p>\r\n<p>Lorem Ipsum sobreviveu n&atilde;o s&oacute; a cinco s&eacute;culos, como tamb&eacute;m ao salto para a editora&ccedil;&atilde;o eletr&ocirc;nica, permanecendo essencialmente inalterado. Se popularizou na d&eacute;cada de 60, quando a Letraset lan&ccedil;ou decalques contendo passagens de Lorem Ipsum, e mais recentemente quando passou a ser integrado a softwares de editora&ccedil;&atilde;o eletr&ocirc;nica como Aldus PageMaker.</p>','2014-09-30 17:14:04',NULL,'oferta 2','oferta-2',5.00,2,1,1,'<ul>\r\n<li>A<span>p&oacute;s a compra do cupom entre no site e valide seu c&oacute;digo</span></li>\r\n<li><span>p&oacute;s a compra do cupom entre no site e valide seu c&oacute;digo</span></li>\r\n<li><span>p&oacute;s a compra do cupom entre no site e valide seu c&oacute;digo</span></li>\r\n<li><span>p&oacute;s a compra do cupom entre no site e valide seu c&oacute;digo</span></li>\r\n<li><span>p&oacute;s a compra do cupom entre no site e valide seu c&oacute;digo</span></li>\r\n</ul>','<ul>\r\n<li>A&nbsp;<span>reserva dever&aacute; ser feita pelo telefone ou e-mail</span></li>\r\n</ul>','<ul>\r\n<li>De 01 de Outubro a 31 de Dezembro (Exceto Domingos e Feriados) para ofertas com casais e crian&ccedil;as</li>\r\n<li>S<span>egunda &agrave; sexta</span></li>\r\n</ul>','oferta/img-decorativa.png',1,NULL,1);
/*!40000 ALTER TABLE `offer_offer` ENABLE KEYS */;
UNLOCK TABLES;

--
-- Table structure for table `offer_offer_interests`
--

DROP TABLE IF EXISTS `offer_offer_interests`;
/*!40101 SET @saved_cs_client     = @@character_set_client */;
/*!40101 SET character_set_client = utf8 */;
CREATE TABLE `offer_offer_interests` (
  `id` int(11) NOT NULL AUTO_INCREMENT,
  `offer_id` int(11) NOT NULL,
  `interest_id` int(11) NOT NULL,
  PRIMARY KEY (`id`),
  UNIQUE KEY `offer_id` (`offer_id`,`interest_id`),
  KEY `offer_offer_interests_bf98d991` (`offer_id`),
  KEY `offer_offer_interests_774f0487` (`interest_id`),
  CONSTRAINT `offer_offer_interest_offer_id_2b2ba5f188edd657_fk_offer_offer_id` FOREIGN KEY (`offer_id`) REFERENCES `offer_offer` (`id`),
  CONSTRAINT `offer_offer_in_interest_id_6b2d4c4761c1aa78_fk_offer_interest_id` FOREIGN KEY (`interest_id`) REFERENCES `offer_interest` (`id`)
) ENGINE=InnoDB AUTO_INCREMENT=29 DEFAULT CHARSET=utf8;
/*!40101 SET character_set_client = @saved_cs_client */;

--
-- Dumping data for table `offer_offer_interests`
--

LOCK TABLES `offer_offer_interests` WRITE;
/*!40000 ALTER TABLE `offer_offer_interests` DISABLE KEYS */;
INSERT INTO `offer_offer_interests` VALUES (26,1,1),(27,2,1),(28,2,2);
/*!40000 ALTER TABLE `offer_offer_interests` ENABLE KEYS */;
UNLOCK TABLES;

--
-- Table structure for table `offer_option`
--

DROP TABLE IF EXISTS `offer_option`;
/*!40101 SET @saved_cs_client     = @@character_set_client */;
/*!40101 SET character_set_client = utf8 */;
CREATE TABLE `offer_option` (
  `id` int(11) NOT NULL AUTO_INCREMENT,
  `title` varchar(255) NOT NULL,
  `old_price` decimal(10,2) DEFAULT NULL,
  `new_price` decimal(10,2) NOT NULL,
  `quantity` int(11) NOT NULL,
  `start_time` datetime NOT NULL,
  `end_time` datetime NOT NULL,
  `date_expiration` date NOT NULL,
  `date_created` datetime NOT NULL,
  `filial_id` int(11) NOT NULL,
  `offer_id` int(11) NOT NULL,
  `subtitle` varchar(255) NOT NULL,
  `height` decimal(10,2),
  `length` decimal(10,2),
  `weight` decimal(10,2),
  `width` decimal(10,2),
  PRIMARY KEY (`id`),
  KEY `offer_option_ce4d2499` (`filial_id`),
  KEY `offer_option_bf98d991` (`offer_id`),
  CONSTRAINT `D2385b7329027ab0014f76d59da889f6` FOREIGN KEY (`filial_id`) REFERENCES `account_filial` (`oferclubabstractuser_ptr_id`),
  CONSTRAINT `offer_option_offer_id_6e0b959b1433a2cd_fk_offer_offer_id` FOREIGN KEY (`offer_id`) REFERENCES `offer_offer` (`id`)
) ENGINE=InnoDB AUTO_INCREMENT=5 DEFAULT CHARSET=utf8;
/*!40101 SET character_set_client = @saved_cs_client */;

--
-- Dumping data for table `offer_option`
--

LOCK TABLES `offer_option` WRITE;
/*!40000 ALTER TABLE `offer_option` DISABLE KEYS */;
INSERT INTO `offer_option` VALUES (2,'dasdasdasd',100.00,80.00,7,'2014-10-08 21:11:27','2015-10-07 12:11:29','2014-12-29','2014-09-29 21:11:52',7,1,'Hospedagem + Café da manhã',2.00,16.00,3.00,11.00),(3,'opção 2',80.00,70.00,18,'2014-10-09 17:11:34','2014-12-30 17:11:36','2014-12-30','2014-09-30 17:11:49',6,1,'Hospedagem + Café da manhã',2.00,16.00,4.00,11.00),(4,'opção 1',40.00,25.00,18,'2014-09-30 17:13:11','2014-12-30 17:13:12','2014-12-30','2014-09-30 17:14:04',6,2,'Subtitulo',2.00,16.00,1.00,11.00);
/*!40000 ALTER TABLE `offer_option` ENABLE KEYS */;
UNLOCK TABLES;

--
-- Table structure for table `offer_promotioncode`
--

DROP TABLE IF EXISTS `offer_promotioncode`;
/*!40101 SET @saved_cs_client     = @@character_set_client */;
/*!40101 SET character_set_client = utf8 */;
CREATE TABLE `offer_promotioncode` (
  `id` int(11) NOT NULL AUTO_INCREMENT,
  `code` varchar(255) NOT NULL,
  `discount` decimal(10,2) NOT NULL,
  `start_time` datetime NOT NULL,
  `end_time` datetime NOT NULL,
  PRIMARY KEY (`id`)
) ENGINE=InnoDB AUTO_INCREMENT=2 DEFAULT CHARSET=utf8;
/*!40101 SET character_set_client = @saved_cs_client */;

--
-- Dumping data for table `offer_promotioncode`
--

LOCK TABLES `offer_promotioncode` WRITE;
/*!40000 ALTER TABLE `offer_promotioncode` DISABLE KEYS */;
INSERT INTO `offer_promotioncode` VALUES (1,'1234',10.00,'2014-10-27 00:00:00','2015-10-27 00:00:00');
/*!40000 ALTER TABLE `offer_promotioncode` ENABLE KEYS */;
UNLOCK TABLES;

--
-- Table structure for table `offer_subcategory`
--

DROP TABLE IF EXISTS `offer_subcategory`;
/*!40101 SET @saved_cs_client     = @@character_set_client */;
/*!40101 SET character_set_client = utf8 */;
CREATE TABLE `offer_subcategory` (
  `id` int(11) NOT NULL AUTO_INCREMENT,
  `name` varchar(255) NOT NULL,
  `category_id` int(11) NOT NULL,
  `slug` varchar(255) NOT NULL,
  PRIMARY KEY (`id`),
  KEY `offer_subcategory_b583a629` (`category_id`),
  CONSTRAINT `offer_subcateg_category_id_63c151fd8eefd9e2_fk_offer_category_id` FOREIGN KEY (`category_id`) REFERENCES `offer_category` (`id`)
) ENGINE=InnoDB AUTO_INCREMENT=3 DEFAULT CHARSET=utf8;
/*!40101 SET character_set_client = @saved_cs_client */;

--
-- Dumping data for table `offer_subcategory`
--

LOCK TABLES `offer_subcategory` WRITE;
/*!40000 ALTER TABLE `offer_subcategory` DISABLE KEYS */;
INSERT INTO `offer_subcategory` VALUES (1,'teste',1,'teste'),(2,'Teste 2',1,'teste-2');
/*!40000 ALTER TABLE `offer_subcategory` ENABLE KEYS */;
UNLOCK TABLES;

--
-- Table structure for table `offer_type`
--

DROP TABLE IF EXISTS `offer_type`;
/*!40101 SET @saved_cs_client     = @@character_set_client */;
/*!40101 SET character_set_client = utf8 */;
CREATE TABLE `offer_type` (
  `id` int(11) NOT NULL AUTO_INCREMENT,
  `name` varchar(255) NOT NULL,
  `slug` varchar(255) NOT NULL,
  PRIMARY KEY (`id`),
  UNIQUE KEY `slug` (`slug`)
) ENGINE=InnoDB AUTO_INCREMENT=3 DEFAULT CHARSET=utf8;
/*!40101 SET character_set_client = @saved_cs_client */;

--
-- Dumping data for table `offer_type`
--

LOCK TABLES `offer_type` WRITE;
/*!40000 ALTER TABLE `offer_type` DISABLE KEYS */;
INSERT INTO `offer_type` VALUES (1,'Ofertas Locais','ofertas-locais'),(2,'Produtos','produtos');
/*!40000 ALTER TABLE `offer_type` ENABLE KEYS */;
UNLOCK TABLES;

--
-- Table structure for table `reversion_revision`
--

DROP TABLE IF EXISTS `reversion_revision`;
/*!40101 SET @saved_cs_client     = @@character_set_client */;
/*!40101 SET character_set_client = utf8 */;
CREATE TABLE `reversion_revision` (
  `id` int(11) NOT NULL AUTO_INCREMENT,
  `manager_slug` varchar(200) NOT NULL,
  `date_created` datetime NOT NULL,
  `comment` longtext NOT NULL,
  `user_id` int(11) DEFAULT NULL,
  PRIMARY KEY (`id`),
  KEY `reversion_revision_b16b0f06` (`manager_slug`),
  KEY `reversion_revision_c69e55a4` (`date_created`),
  KEY `reversion_revision_e8701ad4` (`user_id`),
  CONSTRAINT `reve_user_id_53d027e45b2ec55e_fk_account_oferclubabstractuser_id` FOREIGN KEY (`user_id`) REFERENCES `account_oferclubabstractuser` (`id`)
) ENGINE=InnoDB DEFAULT CHARSET=utf8;
/*!40101 SET character_set_client = @saved_cs_client */;

--
-- Dumping data for table `reversion_revision`
--

LOCK TABLES `reversion_revision` WRITE;
/*!40000 ALTER TABLE `reversion_revision` DISABLE KEYS */;
/*!40000 ALTER TABLE `reversion_revision` ENABLE KEYS */;
UNLOCK TABLES;

--
-- Table structure for table `reversion_version`
--

DROP TABLE IF EXISTS `reversion_version`;
/*!40101 SET @saved_cs_client     = @@character_set_client */;
/*!40101 SET character_set_client = utf8 */;
CREATE TABLE `reversion_version` (
  `id` int(11) NOT NULL AUTO_INCREMENT,
  `object_id` longtext NOT NULL,
  `object_id_int` int(11) DEFAULT NULL,
  `format` varchar(255) NOT NULL,
  `serialized_data` longtext NOT NULL,
  `object_repr` longtext NOT NULL,
  `content_type_id` int(11) NOT NULL,
  `revision_id` int(11) NOT NULL,
  PRIMARY KEY (`id`),
  KEY `reversion_version_0c9ba3a3` (`object_id_int`),
  KEY `reversion_version_417f1b1c` (`content_type_id`),
  KEY `reversion_version_5de09a8d` (`revision_id`),
  CONSTRAINT `reversion_v_revision_id_48ec3744916a950_fk_reversion_revision_id` FOREIGN KEY (`revision_id`) REFERENCES `reversion_revision` (`id`),
  CONSTRAINT `revers_content_type_id_c01a11926d4c4a9_fk_django_content_type_id` FOREIGN KEY (`content_type_id`) REFERENCES `django_content_type` (`id`)
) ENGINE=InnoDB DEFAULT CHARSET=utf8;
/*!40101 SET character_set_client = @saved_cs_client */;

--
-- Dumping data for table `reversion_version`
--

LOCK TABLES `reversion_version` WRITE;
/*!40000 ALTER TABLE `reversion_version` DISABLE KEYS */;
/*!40000 ALTER TABLE `reversion_version` ENABLE KEYS */;
UNLOCK TABLES;

--
-- Table structure for table `thumbnail_kvstore`
--

DROP TABLE IF EXISTS `thumbnail_kvstore`;
/*!40101 SET @saved_cs_client     = @@character_set_client */;
/*!40101 SET character_set_client = utf8 */;
CREATE TABLE `thumbnail_kvstore` (
  `key` varchar(200) NOT NULL,
  `value` longtext NOT NULL,
  PRIMARY KEY (`key`)
) ENGINE=InnoDB DEFAULT CHARSET=utf8;
/*!40101 SET character_set_client = @saved_cs_client */;

--
-- Dumping data for table `thumbnail_kvstore`
--

LOCK TABLES `thumbnail_kvstore` WRITE;
/*!40000 ALTER TABLE `thumbnail_kvstore` DISABLE KEYS */;
INSERT INTO `thumbnail_kvstore` VALUES ('sorl-thumbnail||image||0402baa164bb5ce7da9f6f56b9f32e4f','{\"storage\": \"django.core.files.storage.FileSystemStorage\", \"name\": \"oferta/img-decorativa.png\", \"size\": [300, 202]}'),('sorl-thumbnail||image||26a85f86936f3b8b441efd6d92662698','{\"storage\": \"django.core.files.storage.FileSystemStorage\", \"name\": \"oferta/slider02.gif\", \"size\": [700, 360]}'),('sorl-thumbnail||image||4b8c2556f8cfa60d9ab8de2be2a5dc22','{\"storage\": \"django.core.files.storage.FileSystemStorage\", \"name\": \"cache/43/49/434909b3fae13c5dd4be8c9a5da23efa.jpg\", \"size\": [100, 100]}'),('sorl-thumbnail||image||8e49adad15b5d51f8b38444f664f5fcc','{\"storage\": \"django.core.files.storage.FileSystemStorage\", \"name\": \"oferta/wallpaper1.jpg\", \"size\": [1600, 1200]}'),('sorl-thumbnail||image||9de463f47a40be3c2bf693ddc7233011','{\"storage\": \"django.core.files.storage.FileSystemStorage\", \"name\": \"cache/63/03/630398f6f4d50cf5103aa67b132caa31.jpg\", \"size\": [700, 361]}'),('sorl-thumbnail||image||a56de1dd8d84dfba5fdfa913500a8c32','{\"storage\": \"django.core.files.storage.FileSystemStorage\", \"name\": \"cache/3c/a4/3ca4d7aa7f3bb69e95e3701969f17832.jpg\", \"size\": [100, 100]}'),('sorl-thumbnail||image||ad3e7c69f6d26ede533d051c3034acca','{\"storage\": \"django.core.files.storage.FileSystemStorage\", \"name\": \"cache/d3/7e/d37e444811c6da476f6874fc05c23ad1.jpg\", \"size\": [131, 84]}'),('sorl-thumbnail||image||d4e250ff9a22c20a45a9417e7579864c','{\"storage\": \"django.core.files.storage.FileSystemStorage\", \"name\": \"cache/ae/81/ae8158b91ad675a2ff0821ddd5fcde55.jpg\", \"size\": [131, 80]}'),('sorl-thumbnail||image||f31bfaeec74f1ce776ca9a4bcb5e8e7c','{\"storage\": \"django.core.files.storage.FileSystemStorage\", \"name\": \"cache/a1/60/a1603a5588d3037e9dac64c7068f9700.jpg\", \"size\": [700, 361]}'),('sorl-thumbnail||image||f4416b58fe4186c72a5b7b0236ed1927','{\"storage\": \"django.core.files.storage.FileSystemStorage\", \"name\": \"oferta/slider01.png\", \"size\": [700, 361]}'),('sorl-thumbnail||image||f761662b8b3682463059aea9c46792c8','{\"storage\": \"django.core.files.storage.FileSystemStorage\", \"name\": \"cache/35/5f/355f28773db2dfad9e8593f877a48c23.jpg\", \"size\": [131, 84]}'),('sorl-thumbnail||thumbnails||0402baa164bb5ce7da9f6f56b9f32e4f','[\"ad3e7c69f6d26ede533d051c3034acca\"]'),('sorl-thumbnail||thumbnails||26a85f86936f3b8b441efd6d92662698','[\"4b8c2556f8cfa60d9ab8de2be2a5dc22\"]'),('sorl-thumbnail||thumbnails||8e49adad15b5d51f8b38444f664f5fcc','[\"d4e250ff9a22c20a45a9417e7579864c\"]'),('sorl-thumbnail||thumbnails||f4416b58fe4186c72a5b7b0236ed1927','[\"a56de1dd8d84dfba5fdfa913500a8c32\"]');
/*!40000 ALTER TABLE `thumbnail_kvstore` ENABLE KEYS */;
UNLOCK TABLES;

--
-- Table structure for table `xadmin_bookmark`
--

DROP TABLE IF EXISTS `xadmin_bookmark`;
/*!40101 SET @saved_cs_client     = @@character_set_client */;
/*!40101 SET character_set_client = utf8 */;
CREATE TABLE `xadmin_bookmark` (
  `id` int(11) NOT NULL AUTO_INCREMENT,
  `title` varchar(128) NOT NULL,
  `user_id` int(11) DEFAULT NULL,
  `url_name` varchar(64) NOT NULL,
  `content_type_id` int(11) NOT NULL,
  `query` varchar(1000) NOT NULL,
  `is_share` tinyint(1) NOT NULL,
  PRIMARY KEY (`id`),
  KEY `xadmin_bookmark_6340c63c` (`user_id`),
  KEY `xadmin_bookmark_37ef4eb4` (`content_type_id`),
  CONSTRAINT `content_type_id_refs_id_af66fd92` FOREIGN KEY (`content_type_id`) REFERENCES `django_content_type` (`id`),
  CONSTRAINT `user_id_refs_id_736683e0` FOREIGN KEY (`user_id`) REFERENCES `account_oferclubabstractuser` (`id`)
) ENGINE=InnoDB DEFAULT CHARSET=utf8;
/*!40101 SET character_set_client = @saved_cs_client */;

--
-- Dumping data for table `xadmin_bookmark`
--

LOCK TABLES `xadmin_bookmark` WRITE;
/*!40000 ALTER TABLE `xadmin_bookmark` DISABLE KEYS */;
/*!40000 ALTER TABLE `xadmin_bookmark` ENABLE KEYS */;
UNLOCK TABLES;

--
-- Table structure for table `xadmin_usersettings`
--

DROP TABLE IF EXISTS `xadmin_usersettings`;
/*!40101 SET @saved_cs_client     = @@character_set_client */;
/*!40101 SET character_set_client = utf8 */;
CREATE TABLE `xadmin_usersettings` (
  `id` int(11) NOT NULL AUTO_INCREMENT,
  `user_id` int(11) NOT NULL,
  `key` varchar(256) NOT NULL,
  `value` longtext NOT NULL,
  PRIMARY KEY (`id`),
  KEY `xadmin_usersettings_6340c63c` (`user_id`),
  CONSTRAINT `user_id_refs_id_abf4e307` FOREIGN KEY (`user_id`) REFERENCES `account_oferclubabstractuser` (`id`)
) ENGINE=InnoDB AUTO_INCREMENT=2 DEFAULT CHARSET=utf8;
/*!40101 SET character_set_client = @saved_cs_client */;

--
-- Dumping data for table `xadmin_usersettings`
--

LOCK TABLES `xadmin_usersettings` WRITE;
/*!40000 ALTER TABLE `xadmin_usersettings` DISABLE KEYS */;
INSERT INTO `xadmin_usersettings` VALUES (1,1,'dashboard:home:pos','');
/*!40000 ALTER TABLE `xadmin_usersettings` ENABLE KEYS */;
UNLOCK TABLES;

--
-- Table structure for table `xadmin_userwidget`
--

DROP TABLE IF EXISTS `xadmin_userwidget`;
/*!40101 SET @saved_cs_client     = @@character_set_client */;
/*!40101 SET character_set_client = utf8 */;
CREATE TABLE `xadmin_userwidget` (
  `id` int(11) NOT NULL AUTO_INCREMENT,
  `user_id` int(11) NOT NULL,
  `page_id` varchar(256) NOT NULL,
  `widget_type` varchar(50) NOT NULL,
  `value` longtext NOT NULL,
  PRIMARY KEY (`id`),
  KEY `xadmin_userwidget_6340c63c` (`user_id`),
  CONSTRAINT `user_id_refs_id_d31ca3f8` FOREIGN KEY (`user_id`) REFERENCES `account_oferclubabstractuser` (`id`)
) ENGINE=InnoDB DEFAULT CHARSET=utf8;
/*!40101 SET character_set_client = @saved_cs_client */;

--
-- Dumping data for table `xadmin_userwidget`
--

LOCK TABLES `xadmin_userwidget` WRITE;
/*!40000 ALTER TABLE `xadmin_userwidget` DISABLE KEYS */;
/*!40000 ALTER TABLE `xadmin_userwidget` ENABLE KEYS */;
UNLOCK TABLES;
/*!40103 SET TIME_ZONE=@OLD_TIME_ZONE */;

/*!40101 SET SQL_MODE=@OLD_SQL_MODE */;
/*!40014 SET FOREIGN_KEY_CHECKS=@OLD_FOREIGN_KEY_CHECKS */;
/*!40014 SET UNIQUE_CHECKS=@OLD_UNIQUE_CHECKS */;
/*!40101 SET CHARACTER_SET_CLIENT=@OLD_CHARACTER_SET_CLIENT */;
/*!40101 SET CHARACTER_SET_RESULTS=@OLD_CHARACTER_SET_RESULTS */;
/*!40101 SET COLLATION_CONNECTION=@OLD_COLLATION_CONNECTION */;
/*!40111 SET SQL_NOTES=@OLD_SQL_NOTES */;

-- Dump completed on 2014-11-06 17:32:31
