[
{
    "fields": {
        "status": 0,
        "purchase_time": "2014-09-29T21:21:09",
        "code_pagseguro": "DCE19639FCFC472554C6DF9D309D7645",
        "date_approved": "2014-09-29T21:25:49",
        "user": 2,
        "option": 2,
        "total": "55.00",
        "quantity": 1
    },
    "model": "checkout.order",
    "pk": 42
},
{
    "fields": {
        "status": 0,
        "purchase_time": "2014-09-30T13:01:47",
        "code_pagseguro": "08945A6A0505F47664B14FBEC85F4E0F",
        "date_approved": "2014-09-30T13:02:46",
        "user": 2,
        "option": 2,
        "total": "77.25",
        "quantity": 1
    },
    "model": "checkout.order",
    "pk": 43
},
{
    "fields": {
        "status": 0,
        "purchase_time": "2014-09-30T13:45:34",
        "code_pagseguro": "1E9901FB1818740444DDAFB375B2BAC2",
        "date_approved": "2014-09-30T13:46:18",
        "user": 2,
        "option": 2,
        "total": "76.14",
        "quantity": 1
    },
    "model": "checkout.order",
    "pk": 44
},
{
    "fields": {
        "status": 0,
        "purchase_time": "2014-09-30T13:47:13",
        "code_pagseguro": "A1C98D2AE7E7811114429FAD4A28C7F2",
        "date_approved": "2014-09-30T13:47:24",
        "user": 2,
        "option": 2,
        "total": "76.19",
        "quantity": 1
    },
    "model": "checkout.order",
    "pk": 45
},
{
    "fields": {
        "status": 0,
        "purchase_time": "2014-09-30T13:48:39",
        "code_pagseguro": "F120B2E3E9E9D8700485CF91EED879A5",
        "date_approved": "2014-09-30T13:49:06",
        "user": 2,
        "option": 2,
        "total": "796.19",
        "quantity": 10
    },
    "model": "checkout.order",
    "pk": 46
},
{
    "fields": {
        "status": 0,
        "purchase_time": "2014-10-16T18:08:11",
        "code_pagseguro": null,
        "date_approved": "2014-10-16T18:08:11",
        "user": 2,
        "option": 4,
        "total": "0.00",
        "quantity": 1
    },
    "model": "checkout.order",
    "pk": 47
},
{
    "fields": {
        "code": "876F48DDB4CA422",
        "price": "80.00",
        "date_expiration": "2014-12-29",
        "date_consumed": null,
        "name_consumer": null,
        "address": null,
        "date_created": "2014-09-29T21:25:49",
        "order": 42,
        "is_consumed": false
    },
    "model": "checkout.coupon",
    "pk": 35
},
{
    "fields": {
        "code": "C59586F5E056438",
        "price": "80.00",
        "date_expiration": "2014-12-29",
        "date_consumed": null,
        "name_consumer": null,
        "address": null,
        "date_created": "2014-09-30T13:02:46",
        "order": 43,
        "is_consumed": false
    },
    "model": "checkout.coupon",
    "pk": 36
},
{
    "fields": {
        "code": "CD36B94CC26F442",
        "price": "80.00",
        "date_expiration": "2014-12-29",
        "date_consumed": null,
        "name_consumer": null,
        "address": null,
        "date_created": "2014-09-30T13:46:18",
        "order": 44,
        "is_consumed": false
    },
    "model": "checkout.coupon",
    "pk": 37
},
{
    "fields": {
        "code": "AAC98C900C8F455",
        "price": "80.00",
        "date_expiration": "2014-12-29",
        "date_consumed": null,
        "name_consumer": null,
        "address": null,
        "date_created": "2014-09-30T13:47:24",
        "order": 45,
        "is_consumed": false
    },
    "model": "checkout.coupon",
    "pk": 38
},
{
    "fields": {
        "code": "546EAE868E51467",
        "price": "80.00",
        "date_expiration": "2014-12-29",
        "date_consumed": null,
        "name_consumer": null,
        "address": null,
        "date_created": "2014-09-30T13:49:05",
        "order": 46,
        "is_consumed": false
    },
    "model": "checkout.coupon",
    "pk": 39
},
{
    "fields": {
        "code": "74DAFCEA375D462",
        "price": "80.00",
        "date_expiration": "2014-12-29",
        "date_consumed": null,
        "name_consumer": null,
        "address": null,
        "date_created": "2014-09-30T13:49:05",
        "order": 46,
        "is_consumed": false
    },
    "model": "checkout.coupon",
    "pk": 40
},
{
    "fields": {
        "code": "DED9D0580EE4468",
        "price": "80.00",
        "date_expiration": "2014-12-29",
        "date_consumed": null,
        "name_consumer": null,
        "address": null,
        "date_created": "2014-09-30T13:49:05",
        "order": 46,
        "is_consumed": false
    },
    "model": "checkout.coupon",
    "pk": 41
},
{
    "fields": {
        "code": "DED9D0580EE4464",
        "price": "80.00",
        "date_expiration": "2014-12-29",
        "date_consumed": null,
        "name_consumer": null,
        "address": null,
        "date_created": "2014-09-30T13:49:06",
        "order": 46,
        "is_consumed": false
    },
    "model": "checkout.coupon",
    "pk": 42
},
{
    "fields": {
        "code": "7138557208B4465",
        "price": "80.00",
        "date_expiration": "2014-12-29",
        "date_consumed": null,
        "name_consumer": null,
        "address": null,
        "date_created": "2014-09-30T13:49:06",
        "order": 46,
        "is_consumed": false
    },
    "model": "checkout.coupon",
    "pk": 43
},
{
    "fields": {
        "code": "7138557208B4462",
        "price": "80.00",
        "date_expiration": "2014-12-29",
        "date_consumed": null,
        "name_consumer": null,
        "address": null,
        "date_created": "2014-09-30T13:49:06",
        "order": 46,
        "is_consumed": false
    },
    "model": "checkout.coupon",
    "pk": 44
},
{
    "fields": {
        "code": "ADCC47DC51D9461",
        "price": "80.00",
        "date_expiration": "2014-12-29",
        "date_consumed": null,
        "name_consumer": null,
        "address": null,
        "date_created": "2014-09-30T13:49:06",
        "order": 46,
        "is_consumed": false
    },
    "model": "checkout.coupon",
    "pk": 45
},
{
    "fields": {
        "code": "ADCC47DC51D9462",
        "price": "80.00",
        "date_expiration": "2014-12-29",
        "date_consumed": null,
        "name_consumer": null,
        "address": null,
        "date_created": "2014-09-30T13:49:06",
        "order": 46,
        "is_consumed": false
    },
    "model": "checkout.coupon",
    "pk": 46
},
{
    "fields": {
        "code": "B2FB4FCA33AD465",
        "price": "80.00",
        "date_expiration": "2014-12-29",
        "date_consumed": null,
        "name_consumer": null,
        "address": null,
        "date_created": "2014-09-30T13:49:06",
        "order": 46,
        "is_consumed": false
    },
    "model": "checkout.coupon",
    "pk": 47
},
{
    "fields": {
        "code": "B2FB4FCA33AD466",
        "price": "80.00",
        "date_expiration": "2014-12-29",
        "date_consumed": "2014-10-01T19:30:20",
        "name_consumer": null,
        "address": null,
        "date_created": "2014-09-30T13:49:06",
        "order": 46,
        "is_consumed": true
    },
    "model": "checkout.coupon",
    "pk": 48
},
{
    "fields": {
        "code": "711A7E39222C472",
        "price": "25.00",
        "date_expiration": "2014-12-30",
        "date_consumed": null,
        "name_consumer": null,
        "address": null,
        "date_created": "2014-10-16T18:08:11",
        "order": 47,
        "is_consumed": false
    },
    "model": "checkout.coupon",
    "pk": 49
},
{
    "fields": {
        "created_at": "2014-09-25T17:37:08",
        "type_operation": true,
        "user": 2,
        "value": "100.00",
        "description": ""
    },
    "model": "checkout.operation",
    "pk": 1
},
{
    "fields": {
        "created_at": "2014-09-25T17:41:40",
        "type_operation": true,
        "user": 2,
        "value": "100.00",
        "description": "CashBack"
    },
    "model": "checkout.operation",
    "pk": 2
},
{
    "fields": {
        "created_at": "2014-09-25T17:45:56",
        "type_operation": true,
        "user": 2,
        "value": "100.00",
        "description": "CashBack"
    },
    "model": "checkout.operation",
    "pk": 3
},
{
    "fields": {
        "created_at": "2014-09-25T17:46:14",
        "type_operation": true,
        "user": 2,
        "value": "50.00",
        "description": "CashBack"
    },
    "model": "checkout.operation",
    "pk": 4
},
{
    "fields": {
        "created_at": "2014-09-26T18:34:46",
        "type_operation": true,
        "user": 2,
        "value": "50.00",
        "description": "CashBack"
    },
    "model": "checkout.operation",
    "pk": 5
},
{
    "fields": {
        "created_at": "2014-09-26T18:35:49",
        "type_operation": true,
        "user": 2,
        "value": "50.00",
        "description": "CashBack"
    },
    "model": "checkout.operation",
    "pk": 6
},
{
    "fields": {
        "created_at": "2014-09-26T18:37:39",
        "type_operation": true,
        "user": 2,
        "value": "50.00",
        "description": "CashBack"
    },
    "model": "checkout.operation",
    "pk": 7
},
{
    "fields": {
        "created_at": "2014-09-26T18:38:01",
        "type_operation": true,
        "user": 2,
        "value": "50.00",
        "description": "CashBack"
    },
    "model": "checkout.operation",
    "pk": 8
},
{
    "fields": {
        "created_at": "2014-09-26T18:41:20",
        "type_operation": true,
        "user": 2,
        "value": "50.00",
        "description": "CashBack"
    },
    "model": "checkout.operation",
    "pk": 9
},
{
    "fields": {
        "created_at": "2014-09-29T14:03:08",
        "type_operation": true,
        "user": 2,
        "value": "50.00",
        "description": "CashBack"
    },
    "model": "checkout.operation",
    "pk": 10
},
{
    "fields": {
        "created_at": "2014-09-29T14:52:28",
        "type_operation": false,
        "user": 2,
        "value": "650.00",
        "description": "teste boa vista"
    },
    "model": "checkout.operation",
    "pk": 11
},
{
    "fields": {
        "created_at": "2014-09-29T14:57:46",
        "type_operation": false,
        "user": 2,
        "value": "1000.00",
        "description": "teste boa vista"
    },
    "model": "checkout.operation",
    "pk": 12
},
{
    "fields": {
        "created_at": "2014-09-29T15:01:38",
        "type_operation": false,
        "user": 2,
        "value": "1000.00",
        "description": "teste boa vista"
    },
    "model": "checkout.operation",
    "pk": 13
},
{
    "fields": {
        "created_at": "2014-09-29T15:01:39",
        "type_operation": true,
        "user": 2,
        "value": "0.00",
        "description": "CashBack"
    },
    "model": "checkout.operation",
    "pk": 14
},
{
    "fields": {
        "created_at": "2014-09-29T15:03:40",
        "type_operation": false,
        "user": 2,
        "value": "1000.00",
        "description": "teste boa vista"
    },
    "model": "checkout.operation",
    "pk": 15
},
{
    "fields": {
        "created_at": "2014-09-29T15:04:02",
        "type_operation": false,
        "user": 2,
        "value": "500.00",
        "description": "teste boa vista"
    },
    "model": "checkout.operation",
    "pk": 16
},
{
    "fields": {
        "created_at": "2014-09-29T15:04:45",
        "type_operation": false,
        "user": 2,
        "value": "25.00",
        "description": "CashBackk"
    },
    "model": "checkout.operation",
    "pk": 17
},
{
    "fields": {
        "created_at": "2014-09-29T21:21:09",
        "type_operation": false,
        "user": 2,
        "value": "25.00",
        "description": "dasdasdasd"
    },
    "model": "checkout.operation",
    "pk": 18
},
{
    "fields": {
        "created_at": "2014-09-29T21:25:49",
        "type_operation": true,
        "user": 2,
        "value": "2.75",
        "description": "CashBack"
    },
    "model": "checkout.operation",
    "pk": 19
},
{
    "fields": {
        "created_at": "2014-09-30T13:01:47",
        "type_operation": false,
        "user": 2,
        "value": "2.75",
        "description": "dasdasdasd"
    },
    "model": "checkout.operation",
    "pk": 20
},
{
    "fields": {
        "created_at": "2014-09-30T13:02:46",
        "type_operation": true,
        "user": 2,
        "value": "3.86",
        "description": "CashBack"
    },
    "model": "checkout.operation",
    "pk": 21
},
{
    "fields": {
        "created_at": "2014-09-30T13:45:34",
        "type_operation": false,
        "user": 2,
        "value": "3.86",
        "description": "dasdasdasd"
    },
    "model": "checkout.operation",
    "pk": 22
},
{
    "fields": {
        "created_at": "2014-09-30T13:46:18",
        "type_operation": true,
        "user": 2,
        "value": "3.81",
        "description": "CashBack"
    },
    "model": "checkout.operation",
    "pk": 23
},
{
    "fields": {
        "created_at": "2014-09-30T13:47:14",
        "type_operation": false,
        "user": 2,
        "value": "3.81",
        "description": "dasdasdasd"
    },
    "model": "checkout.operation",
    "pk": 24
},
{
    "fields": {
        "created_at": "2014-09-30T13:47:24",
        "type_operation": true,
        "user": 2,
        "value": "3.81",
        "description": "CashBack"
    },
    "model": "checkout.operation",
    "pk": 25
},
{
    "fields": {
        "created_at": "2014-09-30T13:48:39",
        "type_operation": false,
        "user": 2,
        "value": "3.81",
        "description": "dasdasdasd"
    },
    "model": "checkout.operation",
    "pk": 26
},
{
    "fields": {
        "created_at": "2014-09-30T13:49:06",
        "type_operation": true,
        "user": 2,
        "value": "39.81",
        "description": "CashBack"
    },
    "model": "checkout.operation",
    "pk": 27
},
{
    "fields": {
        "created_at": "2014-10-16T18:08:11",
        "type_operation": false,
        "user": 2,
        "value": "25.00",
        "description": "op\u00e7\u00e3o 1"
    },
    "model": "checkout.operation",
    "pk": 28
}
]
